/*
 Navicat Premium Data Transfer

 Source Server         : MySQL
 Source Server Type    : MySQL
 Source Server Version : 100131
 Source Host           : localhost:3306
 Source Schema         : eamis-helper

 Target Server Type    : MySQL
 Target Server Version : 100131
 File Encoding         : 65001

 Date: 05/08/2018 18:01:14
*/

SET NAMES utf8mb4;
SET FOREIGN_KEY_CHECKS = 0;

-- ----------------------------
-- Table structure for college
-- ----------------------------
DROP TABLE IF EXISTS `college`;
CREATE TABLE `college`  (
  `id` int(11) NOT NULL AUTO_INCREMENT,
  `CollegeName` varchar(255) CHARACTER SET utf8 COLLATE utf8_general_ci NULL DEFAULT NULL,
  `Type` int(11) NULL DEFAULT NULL COMMENT '学院分类 1234=文理工商',
  `DeleteStatus` int(11) NOT NULL DEFAULT 0 COMMENT '删除位',
  PRIMARY KEY (`id`) USING BTREE
) ENGINE = InnoDB AUTO_INCREMENT = 8 CHARACTER SET = utf8 COLLATE = utf8_general_ci ROW_FORMAT = Compact;

-- ----------------------------
-- Records of college
-- ----------------------------
INSERT INTO `college` VALUES (1, '计算机与控制工程学院', 3, 0);
INSERT INTO `college` VALUES (2, '金融学院', 4, 0);
INSERT INTO `college` VALUES (3, '历史学院', 1, 0);
INSERT INTO `college` VALUES (4, '法学院', 2, 0);
INSERT INTO `college` VALUES (5, '哲学院', 1, 0);
INSERT INTO `college` VALUES (6, '电子信息与光学工程学院', 3, 0);
INSERT INTO `college` VALUES (7, '公选课', 0, 0);

-- ----------------------------
-- Table structure for comment_tag
-- ----------------------------
DROP TABLE IF EXISTS `comment_tag`;
CREATE TABLE `comment_tag`  (
  `id` int(11) NOT NULL AUTO_INCREMENT,
  `TagID` int(11) NULL DEFAULT NULL,
  `CommentID` int(11) NULL DEFAULT NULL,
  `DeleteStatus` int(11) NOT NULL DEFAULT 0 COMMENT '删除位：0 is 正常，1 is 删除',
  PRIMARY KEY (`id`) USING BTREE,
  INDEX `TagID`(`TagID`) USING BTREE,
  INDEX `CommentID`(`CommentID`) USING BTREE,
  CONSTRAINT `comment_tag_ibfk_1` FOREIGN KEY (`TagID`) REFERENCES `tag` (`id`) ON DELETE CASCADE ON UPDATE CASCADE,
  CONSTRAINT `comment_tag_ibfk_2` FOREIGN KEY (`CommentID`) REFERENCES `student_comment_course` (`id`) ON DELETE CASCADE ON UPDATE CASCADE
) ENGINE = InnoDB AUTO_INCREMENT = 2461 CHARACTER SET = utf8 COLLATE = utf8_general_ci ROW_FORMAT = Compact;

-- ----------------------------
-- Records of comment_tag
-- ----------------------------
INSERT INTO `comment_tag` VALUES (1, 3, 1, 0);
INSERT INTO `comment_tag` VALUES (2, 2, 6, 0);
INSERT INTO `comment_tag` VALUES (3, 1, 6, 0);
INSERT INTO `comment_tag` VALUES (4, 5, 6, 0);
INSERT INTO `comment_tag` VALUES (5, 2, 21, 0);
INSERT INTO `comment_tag` VALUES (6, 3, 21, 0);
INSERT INTO `comment_tag` VALUES (7, 2, 25, 0);
INSERT INTO `comment_tag` VALUES (8, 5, 30, 0);
INSERT INTO `comment_tag` VALUES (9, 1, 30, 0);
INSERT INTO `comment_tag` VALUES (10, 3, 30, 0);
INSERT INTO `comment_tag` VALUES (11, 5, 31, 0);
INSERT INTO `comment_tag` VALUES (12, 2, 35, 0);
INSERT INTO `comment_tag` VALUES (13, 3, 38, 0);
INSERT INTO `comment_tag` VALUES (14, 1, 38, 0);
INSERT INTO `comment_tag` VALUES (15, 3, 39, 0);
INSERT INTO `comment_tag` VALUES (16, 2, 39, 0);
INSERT INTO `comment_tag` VALUES (18, 1, 39, 0);
INSERT INTO `comment_tag` VALUES (19, 5, 40, 0);
INSERT INTO `comment_tag` VALUES (20, 2, 45, 0);
INSERT INTO `comment_tag` VALUES (22, 4, 45, 0);
INSERT INTO `comment_tag` VALUES (23, 4, 46, 0);
INSERT INTO `comment_tag` VALUES (24, 5, 46, 0);
INSERT INTO `comment_tag` VALUES (25, 2, 46, 0);
INSERT INTO `comment_tag` VALUES (27, 4, 57, 0);
INSERT INTO `comment_tag` VALUES (28, 5, 57, 0);
INSERT INTO `comment_tag` VALUES (29, 2, 59, 0);
INSERT INTO `comment_tag` VALUES (30, 5, 59, 0);
INSERT INTO `comment_tag` VALUES (31, 4, 59, 0);
INSERT INTO `comment_tag` VALUES (32, 1, 68, 0);
INSERT INTO `comment_tag` VALUES (34, 4, 68, 0);
INSERT INTO `comment_tag` VALUES (36, 4, 70, 0);
INSERT INTO `comment_tag` VALUES (37, 2, 70, 0);
INSERT INTO `comment_tag` VALUES (38, 3, 70, 0);
INSERT INTO `comment_tag` VALUES (39, 5, 73, 0);
INSERT INTO `comment_tag` VALUES (40, 2, 73, 0);
INSERT INTO `comment_tag` VALUES (42, 2, 76, 0);
INSERT INTO `comment_tag` VALUES (43, 1, 76, 0);
INSERT INTO `comment_tag` VALUES (44, 2, 80, 0);
INSERT INTO `comment_tag` VALUES (45, 3, 89, 0);
INSERT INTO `comment_tag` VALUES (46, 2, 93, 0);
INSERT INTO `comment_tag` VALUES (47, 4, 93, 0);
INSERT INTO `comment_tag` VALUES (49, 5, 95, 0);
INSERT INTO `comment_tag` VALUES (50, 2, 95, 0);
INSERT INTO `comment_tag` VALUES (51, 1, 95, 0);
INSERT INTO `comment_tag` VALUES (52, 4, 107, 0);
INSERT INTO `comment_tag` VALUES (53, 5, 110, 0);
INSERT INTO `comment_tag` VALUES (54, 4, 114, 0);
INSERT INTO `comment_tag` VALUES (55, 2, 119, 0);
INSERT INTO `comment_tag` VALUES (56, 5, 119, 0);
INSERT INTO `comment_tag` VALUES (57, 2, 122, 0);
INSERT INTO `comment_tag` VALUES (58, 3, 122, 0);
INSERT INTO `comment_tag` VALUES (61, 2, 123, 0);
INSERT INTO `comment_tag` VALUES (62, 5, 123, 0);
INSERT INTO `comment_tag` VALUES (63, 3, 126, 0);
INSERT INTO `comment_tag` VALUES (64, 5, 128, 0);
INSERT INTO `comment_tag` VALUES (65, 1, 128, 0);
INSERT INTO `comment_tag` VALUES (67, 5, 138, 0);
INSERT INTO `comment_tag` VALUES (69, 1, 138, 0);
INSERT INTO `comment_tag` VALUES (70, 1, 139, 0);
INSERT INTO `comment_tag` VALUES (71, 2, 141, 0);
INSERT INTO `comment_tag` VALUES (72, 5, 141, 0);
INSERT INTO `comment_tag` VALUES (73, 3, 142, 0);
INSERT INTO `comment_tag` VALUES (75, 2, 142, 0);
INSERT INTO `comment_tag` VALUES (76, 5, 142, 0);
INSERT INTO `comment_tag` VALUES (77, 1, 147, 0);
INSERT INTO `comment_tag` VALUES (79, 3, 151, 0);
INSERT INTO `comment_tag` VALUES (80, 5, 154, 0);
INSERT INTO `comment_tag` VALUES (81, 3, 154, 0);
INSERT INTO `comment_tag` VALUES (82, 1, 154, 0);
INSERT INTO `comment_tag` VALUES (84, 4, 157, 0);
INSERT INTO `comment_tag` VALUES (85, 3, 159, 0);
INSERT INTO `comment_tag` VALUES (87, 2, 162, 0);
INSERT INTO `comment_tag` VALUES (88, 3, 162, 0);
INSERT INTO `comment_tag` VALUES (89, 4, 162, 0);
INSERT INTO `comment_tag` VALUES (90, 5, 165, 0);
INSERT INTO `comment_tag` VALUES (91, 1, 170, 0);
INSERT INTO `comment_tag` VALUES (93, 3, 172, 0);
INSERT INTO `comment_tag` VALUES (94, 4, 172, 0);
INSERT INTO `comment_tag` VALUES (95, 3, 173, 0);
INSERT INTO `comment_tag` VALUES (96, 1, 173, 0);
INSERT INTO `comment_tag` VALUES (97, 1, 174, 0);
INSERT INTO `comment_tag` VALUES (98, 5, 176, 0);
INSERT INTO `comment_tag` VALUES (99, 2, 178, 0);
INSERT INTO `comment_tag` VALUES (100, 4, 178, 0);
INSERT INTO `comment_tag` VALUES (101, 5, 178, 0);
INSERT INTO `comment_tag` VALUES (102, 3, 178, 0);
INSERT INTO `comment_tag` VALUES (103, 3, 186, 0);
INSERT INTO `comment_tag` VALUES (104, 3, 187, 0);
INSERT INTO `comment_tag` VALUES (105, 4, 187, 0);
INSERT INTO `comment_tag` VALUES (106, 4, 195, 0);
INSERT INTO `comment_tag` VALUES (107, 3, 195, 0);
INSERT INTO `comment_tag` VALUES (108, 3, 197, 0);
INSERT INTO `comment_tag` VALUES (109, 3, 199, 0);
INSERT INTO `comment_tag` VALUES (110, 5, 206, 0);
INSERT INTO `comment_tag` VALUES (112, 3, 208, 0);
INSERT INTO `comment_tag` VALUES (113, 5, 208, 0);
INSERT INTO `comment_tag` VALUES (114, 4, 208, 0);
INSERT INTO `comment_tag` VALUES (115, 1, 208, 0);
INSERT INTO `comment_tag` VALUES (116, 2, 218, 0);
INSERT INTO `comment_tag` VALUES (117, 4, 218, 0);
INSERT INTO `comment_tag` VALUES (119, 5, 220, 0);
INSERT INTO `comment_tag` VALUES (121, 2, 220, 0);
INSERT INTO `comment_tag` VALUES (122, 3, 231, 0);
INSERT INTO `comment_tag` VALUES (123, 4, 231, 0);
INSERT INTO `comment_tag` VALUES (124, 1, 231, 0);
INSERT INTO `comment_tag` VALUES (126, 1, 238, 0);
INSERT INTO `comment_tag` VALUES (128, 4, 238, 0);
INSERT INTO `comment_tag` VALUES (129, 4, 249, 0);
INSERT INTO `comment_tag` VALUES (130, 2, 249, 0);
INSERT INTO `comment_tag` VALUES (131, 1, 249, 0);
INSERT INTO `comment_tag` VALUES (132, 1, 258, 0);
INSERT INTO `comment_tag` VALUES (133, 2, 258, 0);
INSERT INTO `comment_tag` VALUES (134, 3, 260, 0);
INSERT INTO `comment_tag` VALUES (135, 5, 260, 0);
INSERT INTO `comment_tag` VALUES (136, 1, 260, 0);
INSERT INTO `comment_tag` VALUES (137, 2, 260, 0);
INSERT INTO `comment_tag` VALUES (138, 1, 265, 0);
INSERT INTO `comment_tag` VALUES (139, 5, 265, 0);
INSERT INTO `comment_tag` VALUES (140, 3, 265, 0);
INSERT INTO `comment_tag` VALUES (141, 3, 270, 0);
INSERT INTO `comment_tag` VALUES (142, 3, 280, 0);
INSERT INTO `comment_tag` VALUES (143, 4, 280, 0);
INSERT INTO `comment_tag` VALUES (144, 5, 280, 0);
INSERT INTO `comment_tag` VALUES (146, 1, 281, 0);
INSERT INTO `comment_tag` VALUES (147, 2, 281, 0);
INSERT INTO `comment_tag` VALUES (148, 4, 292, 0);
INSERT INTO `comment_tag` VALUES (149, 5, 292, 0);
INSERT INTO `comment_tag` VALUES (151, 5, 297, 0);
INSERT INTO `comment_tag` VALUES (152, 1, 297, 0);
INSERT INTO `comment_tag` VALUES (153, 3, 297, 0);
INSERT INTO `comment_tag` VALUES (154, 4, 297, 0);
INSERT INTO `comment_tag` VALUES (155, 2, 298, 0);
INSERT INTO `comment_tag` VALUES (156, 1, 298, 0);
INSERT INTO `comment_tag` VALUES (158, 4, 298, 0);
INSERT INTO `comment_tag` VALUES (159, 2, 301, 0);
INSERT INTO `comment_tag` VALUES (160, 1, 308, 0);
INSERT INTO `comment_tag` VALUES (161, 1, 309, 0);
INSERT INTO `comment_tag` VALUES (162, 5, 311, 0);
INSERT INTO `comment_tag` VALUES (163, 1, 311, 0);
INSERT INTO `comment_tag` VALUES (165, 2, 312, 0);
INSERT INTO `comment_tag` VALUES (166, 4, 314, 0);
INSERT INTO `comment_tag` VALUES (167, 1, 314, 0);
INSERT INTO `comment_tag` VALUES (168, 4, 326, 0);
INSERT INTO `comment_tag` VALUES (169, 1, 326, 0);
INSERT INTO `comment_tag` VALUES (170, 5, 326, 0);
INSERT INTO `comment_tag` VALUES (171, 1, 327, 0);
INSERT INTO `comment_tag` VALUES (172, 2, 327, 0);
INSERT INTO `comment_tag` VALUES (173, 5, 328, 0);
INSERT INTO `comment_tag` VALUES (175, 4, 328, 0);
INSERT INTO `comment_tag` VALUES (177, 2, 334, 0);
INSERT INTO `comment_tag` VALUES (178, 1, 334, 0);
INSERT INTO `comment_tag` VALUES (180, 1, 342, 0);
INSERT INTO `comment_tag` VALUES (181, 2, 342, 0);
INSERT INTO `comment_tag` VALUES (182, 3, 342, 0);
INSERT INTO `comment_tag` VALUES (184, 5, 347, 0);
INSERT INTO `comment_tag` VALUES (185, 1, 355, 0);
INSERT INTO `comment_tag` VALUES (186, 1, 356, 0);
INSERT INTO `comment_tag` VALUES (187, 5, 357, 0);
INSERT INTO `comment_tag` VALUES (188, 1, 357, 0);
INSERT INTO `comment_tag` VALUES (189, 1, 360, 0);
INSERT INTO `comment_tag` VALUES (191, 2, 360, 0);
INSERT INTO `comment_tag` VALUES (192, 2, 361, 0);
INSERT INTO `comment_tag` VALUES (193, 3, 365, 0);
INSERT INTO `comment_tag` VALUES (194, 1, 365, 0);
INSERT INTO `comment_tag` VALUES (195, 5, 366, 0);
INSERT INTO `comment_tag` VALUES (196, 2, 367, 0);
INSERT INTO `comment_tag` VALUES (197, 4, 367, 0);
INSERT INTO `comment_tag` VALUES (198, 1, 372, 0);
INSERT INTO `comment_tag` VALUES (199, 5, 372, 0);
INSERT INTO `comment_tag` VALUES (200, 4, 372, 0);
INSERT INTO `comment_tag` VALUES (202, 4, 373, 0);
INSERT INTO `comment_tag` VALUES (203, 1, 373, 0);
INSERT INTO `comment_tag` VALUES (205, 5, 375, 0);
INSERT INTO `comment_tag` VALUES (206, 1, 375, 0);
INSERT INTO `comment_tag` VALUES (207, 3, 378, 0);
INSERT INTO `comment_tag` VALUES (208, 5, 378, 0);
INSERT INTO `comment_tag` VALUES (209, 2, 378, 0);
INSERT INTO `comment_tag` VALUES (211, 3, 381, 0);
INSERT INTO `comment_tag` VALUES (212, 4, 381, 0);
INSERT INTO `comment_tag` VALUES (213, 4, 382, 0);
INSERT INTO `comment_tag` VALUES (214, 1, 382, 0);
INSERT INTO `comment_tag` VALUES (215, 5, 383, 0);
INSERT INTO `comment_tag` VALUES (216, 2, 383, 0);
INSERT INTO `comment_tag` VALUES (217, 4, 383, 0);
INSERT INTO `comment_tag` VALUES (219, 1, 384, 0);
INSERT INTO `comment_tag` VALUES (220, 5, 385, 0);
INSERT INTO `comment_tag` VALUES (221, 3, 385, 0);
INSERT INTO `comment_tag` VALUES (222, 3, 386, 0);
INSERT INTO `comment_tag` VALUES (223, 4, 386, 0);
INSERT INTO `comment_tag` VALUES (224, 5, 386, 0);
INSERT INTO `comment_tag` VALUES (225, 2, 386, 0);
INSERT INTO `comment_tag` VALUES (226, 2, 387, 0);
INSERT INTO `comment_tag` VALUES (228, 5, 387, 0);
INSERT INTO `comment_tag` VALUES (230, 3, 389, 0);
INSERT INTO `comment_tag` VALUES (232, 1, 389, 0);
INSERT INTO `comment_tag` VALUES (233, 2, 392, 0);
INSERT INTO `comment_tag` VALUES (235, 5, 392, 0);
INSERT INTO `comment_tag` VALUES (236, 1, 392, 0);
INSERT INTO `comment_tag` VALUES (237, 5, 396, 0);
INSERT INTO `comment_tag` VALUES (238, 2, 396, 0);
INSERT INTO `comment_tag` VALUES (239, 3, 396, 0);
INSERT INTO `comment_tag` VALUES (241, 4, 397, 0);
INSERT INTO `comment_tag` VALUES (242, 5, 398, 0);
INSERT INTO `comment_tag` VALUES (244, 1, 398, 0);
INSERT INTO `comment_tag` VALUES (245, 3, 399, 0);
INSERT INTO `comment_tag` VALUES (246, 4, 399, 0);
INSERT INTO `comment_tag` VALUES (247, 5, 400, 0);
INSERT INTO `comment_tag` VALUES (248, 2, 400, 0);
INSERT INTO `comment_tag` VALUES (249, 4, 400, 0);
INSERT INTO `comment_tag` VALUES (251, 5, 401, 0);
INSERT INTO `comment_tag` VALUES (253, 2, 403, 0);
INSERT INTO `comment_tag` VALUES (254, 1, 403, 0);
INSERT INTO `comment_tag` VALUES (255, 4, 404, 0);
INSERT INTO `comment_tag` VALUES (256, 3, 404, 0);
INSERT INTO `comment_tag` VALUES (257, 5, 405, 0);
INSERT INTO `comment_tag` VALUES (258, 4, 405, 0);
INSERT INTO `comment_tag` VALUES (259, 1, 406, 0);
INSERT INTO `comment_tag` VALUES (260, 3, 406, 0);
INSERT INTO `comment_tag` VALUES (261, 5, 406, 0);
INSERT INTO `comment_tag` VALUES (262, 1, 407, 0);
INSERT INTO `comment_tag` VALUES (263, 2, 407, 0);
INSERT INTO `comment_tag` VALUES (264, 5, 407, 0);
INSERT INTO `comment_tag` VALUES (265, 3, 408, 0);
INSERT INTO `comment_tag` VALUES (266, 1, 408, 0);
INSERT INTO `comment_tag` VALUES (268, 5, 408, 0);
INSERT INTO `comment_tag` VALUES (269, 1, 411, 0);
INSERT INTO `comment_tag` VALUES (270, 4, 411, 0);
INSERT INTO `comment_tag` VALUES (271, 1, 413, 0);
INSERT INTO `comment_tag` VALUES (272, 3, 413, 0);
INSERT INTO `comment_tag` VALUES (273, 1, 414, 0);
INSERT INTO `comment_tag` VALUES (274, 1, 415, 0);
INSERT INTO `comment_tag` VALUES (275, 4, 415, 0);
INSERT INTO `comment_tag` VALUES (276, 3, 415, 0);
INSERT INTO `comment_tag` VALUES (277, 5, 417, 0);
INSERT INTO `comment_tag` VALUES (278, 3, 417, 0);
INSERT INTO `comment_tag` VALUES (281, 3, 418, 0);
INSERT INTO `comment_tag` VALUES (282, 4, 418, 0);
INSERT INTO `comment_tag` VALUES (283, 1, 419, 0);
INSERT INTO `comment_tag` VALUES (284, 3, 419, 0);
INSERT INTO `comment_tag` VALUES (285, 3, 421, 0);
INSERT INTO `comment_tag` VALUES (286, 2, 421, 0);
INSERT INTO `comment_tag` VALUES (287, 4, 421, 0);
INSERT INTO `comment_tag` VALUES (288, 1, 422, 0);
INSERT INTO `comment_tag` VALUES (290, 4, 423, 0);
INSERT INTO `comment_tag` VALUES (292, 5, 428, 0);
INSERT INTO `comment_tag` VALUES (293, 2, 429, 0);
INSERT INTO `comment_tag` VALUES (296, 1, 429, 0);
INSERT INTO `comment_tag` VALUES (297, 4, 431, 0);
INSERT INTO `comment_tag` VALUES (298, 5, 431, 0);
INSERT INTO `comment_tag` VALUES (299, 4, 433, 0);
INSERT INTO `comment_tag` VALUES (301, 5, 434, 0);
INSERT INTO `comment_tag` VALUES (303, 4, 434, 0);
INSERT INTO `comment_tag` VALUES (304, 2, 435, 0);
INSERT INTO `comment_tag` VALUES (306, 4, 435, 0);
INSERT INTO `comment_tag` VALUES (307, 3, 437, 0);
INSERT INTO `comment_tag` VALUES (308, 3, 440, 0);
INSERT INTO `comment_tag` VALUES (309, 2, 440, 0);
INSERT INTO `comment_tag` VALUES (311, 4, 440, 0);
INSERT INTO `comment_tag` VALUES (312, 1, 441, 0);
INSERT INTO `comment_tag` VALUES (314, 2, 441, 0);
INSERT INTO `comment_tag` VALUES (315, 4, 442, 0);
INSERT INTO `comment_tag` VALUES (316, 3, 442, 0);
INSERT INTO `comment_tag` VALUES (317, 1, 442, 0);
INSERT INTO `comment_tag` VALUES (319, 3, 444, 0);
INSERT INTO `comment_tag` VALUES (320, 1, 444, 0);
INSERT INTO `comment_tag` VALUES (322, 4, 446, 0);
INSERT INTO `comment_tag` VALUES (323, 2, 446, 0);
INSERT INTO `comment_tag` VALUES (324, 1, 450, 0);
INSERT INTO `comment_tag` VALUES (326, 3, 452, 0);
INSERT INTO `comment_tag` VALUES (327, 2, 452, 0);
INSERT INTO `comment_tag` VALUES (328, 5, 452, 0);
INSERT INTO `comment_tag` VALUES (329, 3, 453, 0);
INSERT INTO `comment_tag` VALUES (330, 4, 453, 0);
INSERT INTO `comment_tag` VALUES (331, 1, 454, 0);
INSERT INTO `comment_tag` VALUES (332, 5, 454, 0);
INSERT INTO `comment_tag` VALUES (334, 5, 455, 0);
INSERT INTO `comment_tag` VALUES (335, 2, 455, 0);
INSERT INTO `comment_tag` VALUES (337, 2, 456, 0);
INSERT INTO `comment_tag` VALUES (338, 3, 456, 0);
INSERT INTO `comment_tag` VALUES (340, 1, 458, 0);
INSERT INTO `comment_tag` VALUES (341, 3, 458, 0);
INSERT INTO `comment_tag` VALUES (342, 4, 461, 0);
INSERT INTO `comment_tag` VALUES (343, 2, 461, 0);
INSERT INTO `comment_tag` VALUES (344, 4, 463, 0);
INSERT INTO `comment_tag` VALUES (345, 4, 466, 0);
INSERT INTO `comment_tag` VALUES (346, 5, 466, 0);
INSERT INTO `comment_tag` VALUES (349, 1, 467, 0);
INSERT INTO `comment_tag` VALUES (350, 3, 467, 0);
INSERT INTO `comment_tag` VALUES (352, 2, 468, 0);
INSERT INTO `comment_tag` VALUES (353, 3, 469, 0);
INSERT INTO `comment_tag` VALUES (355, 1, 469, 0);
INSERT INTO `comment_tag` VALUES (357, 3, 471, 0);
INSERT INTO `comment_tag` VALUES (358, 5, 473, 0);
INSERT INTO `comment_tag` VALUES (359, 3, 474, 0);
INSERT INTO `comment_tag` VALUES (360, 1, 474, 0);
INSERT INTO `comment_tag` VALUES (361, 2, 476, 0);
INSERT INTO `comment_tag` VALUES (362, 5, 476, 0);
INSERT INTO `comment_tag` VALUES (364, 2, 478, 0);
INSERT INTO `comment_tag` VALUES (365, 3, 478, 0);
INSERT INTO `comment_tag` VALUES (366, 3, 480, 0);
INSERT INTO `comment_tag` VALUES (367, 1, 482, 0);
INSERT INTO `comment_tag` VALUES (368, 4, 482, 0);
INSERT INTO `comment_tag` VALUES (369, 1, 483, 0);
INSERT INTO `comment_tag` VALUES (370, 2, 484, 0);
INSERT INTO `comment_tag` VALUES (371, 5, 484, 0);
INSERT INTO `comment_tag` VALUES (372, 5, 485, 0);
INSERT INTO `comment_tag` VALUES (373, 4, 487, 0);
INSERT INTO `comment_tag` VALUES (374, 3, 488, 0);
INSERT INTO `comment_tag` VALUES (375, 5, 488, 0);
INSERT INTO `comment_tag` VALUES (377, 1, 488, 0);
INSERT INTO `comment_tag` VALUES (378, 5, 490, 0);
INSERT INTO `comment_tag` VALUES (379, 2, 490, 0);
INSERT INTO `comment_tag` VALUES (380, 1, 490, 0);
INSERT INTO `comment_tag` VALUES (381, 2, 493, 0);
INSERT INTO `comment_tag` VALUES (382, 1, 493, 0);
INSERT INTO `comment_tag` VALUES (383, 3, 493, 0);
INSERT INTO `comment_tag` VALUES (384, 5, 494, 0);
INSERT INTO `comment_tag` VALUES (385, 4, 494, 0);
INSERT INTO `comment_tag` VALUES (386, 2, 496, 0);
INSERT INTO `comment_tag` VALUES (387, 1, 496, 0);
INSERT INTO `comment_tag` VALUES (388, 4, 496, 0);
INSERT INTO `comment_tag` VALUES (389, 5, 496, 0);
INSERT INTO `comment_tag` VALUES (390, 1, 497, 0);
INSERT INTO `comment_tag` VALUES (391, 5, 497, 0);
INSERT INTO `comment_tag` VALUES (392, 2, 499, 0);
INSERT INTO `comment_tag` VALUES (393, 3, 499, 0);
INSERT INTO `comment_tag` VALUES (394, 1, 500, 0);
INSERT INTO `comment_tag` VALUES (396, 3, 501, 0);
INSERT INTO `comment_tag` VALUES (397, 4, 501, 0);
INSERT INTO `comment_tag` VALUES (398, 1, 504, 0);
INSERT INTO `comment_tag` VALUES (399, 5, 506, 0);
INSERT INTO `comment_tag` VALUES (400, 1, 507, 0);
INSERT INTO `comment_tag` VALUES (401, 5, 507, 0);
INSERT INTO `comment_tag` VALUES (404, 3, 511, 0);
INSERT INTO `comment_tag` VALUES (405, 4, 512, 0);
INSERT INTO `comment_tag` VALUES (406, 1, 512, 0);
INSERT INTO `comment_tag` VALUES (407, 2, 512, 0);
INSERT INTO `comment_tag` VALUES (409, 3, 513, 0);
INSERT INTO `comment_tag` VALUES (410, 4, 513, 0);
INSERT INTO `comment_tag` VALUES (411, 5, 513, 0);
INSERT INTO `comment_tag` VALUES (412, 5, 514, 0);
INSERT INTO `comment_tag` VALUES (413, 1, 514, 0);
INSERT INTO `comment_tag` VALUES (415, 4, 515, 0);
INSERT INTO `comment_tag` VALUES (416, 5, 517, 0);
INSERT INTO `comment_tag` VALUES (418, 2, 518, 0);
INSERT INTO `comment_tag` VALUES (419, 4, 518, 0);
INSERT INTO `comment_tag` VALUES (420, 5, 518, 0);
INSERT INTO `comment_tag` VALUES (421, 1, 518, 0);
INSERT INTO `comment_tag` VALUES (422, 2, 520, 0);
INSERT INTO `comment_tag` VALUES (424, 5, 520, 0);
INSERT INTO `comment_tag` VALUES (425, 4, 521, 0);
INSERT INTO `comment_tag` VALUES (427, 3, 521, 0);
INSERT INTO `comment_tag` VALUES (429, 5, 522, 0);
INSERT INTO `comment_tag` VALUES (430, 1, 522, 0);
INSERT INTO `comment_tag` VALUES (431, 5, 524, 0);
INSERT INTO `comment_tag` VALUES (432, 2, 525, 0);
INSERT INTO `comment_tag` VALUES (433, 4, 525, 0);
INSERT INTO `comment_tag` VALUES (434, 5, 525, 0);
INSERT INTO `comment_tag` VALUES (436, 1, 526, 0);
INSERT INTO `comment_tag` VALUES (437, 2, 527, 0);
INSERT INTO `comment_tag` VALUES (438, 1, 528, 0);
INSERT INTO `comment_tag` VALUES (439, 3, 528, 0);
INSERT INTO `comment_tag` VALUES (440, 5, 528, 0);
INSERT INTO `comment_tag` VALUES (442, 4, 529, 0);
INSERT INTO `comment_tag` VALUES (443, 1, 531, 0);
INSERT INTO `comment_tag` VALUES (444, 3, 531, 0);
INSERT INTO `comment_tag` VALUES (445, 2, 531, 0);
INSERT INTO `comment_tag` VALUES (446, 1, 532, 0);
INSERT INTO `comment_tag` VALUES (447, 4, 532, 0);
INSERT INTO `comment_tag` VALUES (448, 3, 533, 0);
INSERT INTO `comment_tag` VALUES (449, 5, 533, 0);
INSERT INTO `comment_tag` VALUES (451, 2, 534, 0);
INSERT INTO `comment_tag` VALUES (452, 1, 535, 0);
INSERT INTO `comment_tag` VALUES (453, 5, 535, 0);
INSERT INTO `comment_tag` VALUES (454, 4, 537, 0);
INSERT INTO `comment_tag` VALUES (455, 1, 537, 0);
INSERT INTO `comment_tag` VALUES (456, 1, 542, 0);
INSERT INTO `comment_tag` VALUES (457, 1, 544, 0);
INSERT INTO `comment_tag` VALUES (458, 5, 544, 0);
INSERT INTO `comment_tag` VALUES (459, 4, 544, 0);
INSERT INTO `comment_tag` VALUES (461, 5, 545, 0);
INSERT INTO `comment_tag` VALUES (462, 4, 545, 0);
INSERT INTO `comment_tag` VALUES (463, 3, 546, 0);
INSERT INTO `comment_tag` VALUES (464, 2, 546, 0);
INSERT INTO `comment_tag` VALUES (466, 3, 547, 0);
INSERT INTO `comment_tag` VALUES (467, 2, 548, 0);
INSERT INTO `comment_tag` VALUES (469, 4, 548, 0);
INSERT INTO `comment_tag` VALUES (470, 2, 550, 0);
INSERT INTO `comment_tag` VALUES (471, 1, 550, 0);
INSERT INTO `comment_tag` VALUES (472, 4, 550, 0);
INSERT INTO `comment_tag` VALUES (473, 5, 550, 0);
INSERT INTO `comment_tag` VALUES (474, 2, 552, 0);
INSERT INTO `comment_tag` VALUES (476, 1, 552, 0);
INSERT INTO `comment_tag` VALUES (477, 2, 553, 0);
INSERT INTO `comment_tag` VALUES (478, 5, 553, 0);
INSERT INTO `comment_tag` VALUES (479, 4, 553, 0);
INSERT INTO `comment_tag` VALUES (481, 2, 556, 0);
INSERT INTO `comment_tag` VALUES (482, 1, 556, 0);
INSERT INTO `comment_tag` VALUES (484, 4, 557, 0);
INSERT INTO `comment_tag` VALUES (487, 2, 557, 0);
INSERT INTO `comment_tag` VALUES (488, 4, 559, 0);
INSERT INTO `comment_tag` VALUES (489, 5, 560, 0);
INSERT INTO `comment_tag` VALUES (490, 4, 560, 0);
INSERT INTO `comment_tag` VALUES (491, 3, 561, 0);
INSERT INTO `comment_tag` VALUES (492, 2, 564, 0);
INSERT INTO `comment_tag` VALUES (493, 5, 564, 0);
INSERT INTO `comment_tag` VALUES (494, 3, 564, 0);
INSERT INTO `comment_tag` VALUES (496, 4, 566, 0);
INSERT INTO `comment_tag` VALUES (497, 2, 567, 0);
INSERT INTO `comment_tag` VALUES (498, 4, 567, 0);
INSERT INTO `comment_tag` VALUES (499, 3, 567, 0);
INSERT INTO `comment_tag` VALUES (500, 2, 568, 0);
INSERT INTO `comment_tag` VALUES (502, 3, 568, 0);
INSERT INTO `comment_tag` VALUES (503, 2, 569, 0);
INSERT INTO `comment_tag` VALUES (505, 5, 570, 0);
INSERT INTO `comment_tag` VALUES (506, 5, 571, 0);
INSERT INTO `comment_tag` VALUES (507, 4, 571, 0);
INSERT INTO `comment_tag` VALUES (509, 1, 571, 0);
INSERT INTO `comment_tag` VALUES (510, 1, 574, 0);
INSERT INTO `comment_tag` VALUES (511, 2, 574, 0);
INSERT INTO `comment_tag` VALUES (512, 5, 574, 0);
INSERT INTO `comment_tag` VALUES (514, 2, 575, 0);
INSERT INTO `comment_tag` VALUES (515, 2, 576, 0);
INSERT INTO `comment_tag` VALUES (516, 1, 576, 0);
INSERT INTO `comment_tag` VALUES (517, 5, 576, 0);
INSERT INTO `comment_tag` VALUES (518, 3, 579, 0);
INSERT INTO `comment_tag` VALUES (520, 1, 580, 0);
INSERT INTO `comment_tag` VALUES (521, 5, 580, 0);
INSERT INTO `comment_tag` VALUES (522, 3, 580, 0);
INSERT INTO `comment_tag` VALUES (523, 2, 580, 0);
INSERT INTO `comment_tag` VALUES (524, 1, 581, 0);
INSERT INTO `comment_tag` VALUES (525, 2, 581, 0);
INSERT INTO `comment_tag` VALUES (526, 3, 583, 0);
INSERT INTO `comment_tag` VALUES (527, 2, 583, 0);
INSERT INTO `comment_tag` VALUES (528, 1, 583, 0);
INSERT INTO `comment_tag` VALUES (529, 5, 584, 0);
INSERT INTO `comment_tag` VALUES (530, 1, 584, 0);
INSERT INTO `comment_tag` VALUES (531, 3, 584, 0);
INSERT INTO `comment_tag` VALUES (532, 1, 587, 0);
INSERT INTO `comment_tag` VALUES (533, 3, 587, 0);
INSERT INTO `comment_tag` VALUES (534, 2, 587, 0);
INSERT INTO `comment_tag` VALUES (535, 4, 589, 0);
INSERT INTO `comment_tag` VALUES (536, 5, 589, 0);
INSERT INTO `comment_tag` VALUES (538, 2, 590, 0);
INSERT INTO `comment_tag` VALUES (540, 1, 590, 0);
INSERT INTO `comment_tag` VALUES (541, 5, 590, 0);
INSERT INTO `comment_tag` VALUES (542, 3, 592, 0);
INSERT INTO `comment_tag` VALUES (543, 1, 592, 0);
INSERT INTO `comment_tag` VALUES (544, 2, 593, 0);
INSERT INTO `comment_tag` VALUES (545, 4, 593, 0);
INSERT INTO `comment_tag` VALUES (546, 3, 594, 0);
INSERT INTO `comment_tag` VALUES (547, 2, 594, 0);
INSERT INTO `comment_tag` VALUES (549, 4, 594, 0);
INSERT INTO `comment_tag` VALUES (550, 3, 595, 0);
INSERT INTO `comment_tag` VALUES (551, 5, 595, 0);
INSERT INTO `comment_tag` VALUES (553, 3, 598, 0);
INSERT INTO `comment_tag` VALUES (554, 3, 601, 0);
INSERT INTO `comment_tag` VALUES (556, 2, 601, 0);
INSERT INTO `comment_tag` VALUES (557, 1, 601, 0);
INSERT INTO `comment_tag` VALUES (558, 3, 603, 0);
INSERT INTO `comment_tag` VALUES (559, 2, 603, 0);
INSERT INTO `comment_tag` VALUES (561, 5, 603, 0);
INSERT INTO `comment_tag` VALUES (562, 3, 605, 0);
INSERT INTO `comment_tag` VALUES (563, 5, 605, 0);
INSERT INTO `comment_tag` VALUES (564, 4, 606, 0);
INSERT INTO `comment_tag` VALUES (565, 1, 606, 0);
INSERT INTO `comment_tag` VALUES (567, 5, 606, 0);
INSERT INTO `comment_tag` VALUES (568, 2, 607, 0);
INSERT INTO `comment_tag` VALUES (569, 2, 609, 0);
INSERT INTO `comment_tag` VALUES (570, 4, 609, 0);
INSERT INTO `comment_tag` VALUES (572, 3, 610, 0);
INSERT INTO `comment_tag` VALUES (573, 1, 611, 0);
INSERT INTO `comment_tag` VALUES (574, 2, 611, 0);
INSERT INTO `comment_tag` VALUES (575, 3, 611, 0);
INSERT INTO `comment_tag` VALUES (576, 4, 612, 0);
INSERT INTO `comment_tag` VALUES (579, 5, 615, 0);
INSERT INTO `comment_tag` VALUES (580, 3, 615, 0);
INSERT INTO `comment_tag` VALUES (581, 4, 615, 0);
INSERT INTO `comment_tag` VALUES (582, 1, 615, 0);
INSERT INTO `comment_tag` VALUES (583, 5, 616, 0);
INSERT INTO `comment_tag` VALUES (584, 4, 617, 0);
INSERT INTO `comment_tag` VALUES (585, 1, 617, 0);
INSERT INTO `comment_tag` VALUES (586, 2, 617, 0);
INSERT INTO `comment_tag` VALUES (588, 5, 618, 0);
INSERT INTO `comment_tag` VALUES (590, 4, 618, 0);
INSERT INTO `comment_tag` VALUES (591, 3, 618, 0);
INSERT INTO `comment_tag` VALUES (592, 1, 620, 0);
INSERT INTO `comment_tag` VALUES (595, 1, 621, 0);
INSERT INTO `comment_tag` VALUES (596, 5, 621, 0);
INSERT INTO `comment_tag` VALUES (597, 4, 621, 0);
INSERT INTO `comment_tag` VALUES (599, 3, 624, 0);
INSERT INTO `comment_tag` VALUES (600, 5, 624, 0);
INSERT INTO `comment_tag` VALUES (601, 3, 626, 0);
INSERT INTO `comment_tag` VALUES (602, 4, 626, 0);
INSERT INTO `comment_tag` VALUES (603, 4, 628, 0);
INSERT INTO `comment_tag` VALUES (604, 2, 628, 0);
INSERT INTO `comment_tag` VALUES (606, 3, 628, 0);
INSERT INTO `comment_tag` VALUES (607, 4, 629, 0);
INSERT INTO `comment_tag` VALUES (608, 3, 629, 0);
INSERT INTO `comment_tag` VALUES (609, 4, 631, 0);
INSERT INTO `comment_tag` VALUES (610, 5, 631, 0);
INSERT INTO `comment_tag` VALUES (611, 1, 631, 0);
INSERT INTO `comment_tag` VALUES (612, 3, 632, 0);
INSERT INTO `comment_tag` VALUES (613, 2, 632, 0);
INSERT INTO `comment_tag` VALUES (614, 5, 632, 0);
INSERT INTO `comment_tag` VALUES (615, 2, 634, 0);
INSERT INTO `comment_tag` VALUES (616, 5, 637, 0);
INSERT INTO `comment_tag` VALUES (617, 3, 638, 0);
INSERT INTO `comment_tag` VALUES (618, 5, 638, 0);
INSERT INTO `comment_tag` VALUES (619, 4, 638, 0);
INSERT INTO `comment_tag` VALUES (620, 5, 639, 0);
INSERT INTO `comment_tag` VALUES (621, 2, 639, 0);
INSERT INTO `comment_tag` VALUES (622, 1, 639, 0);
INSERT INTO `comment_tag` VALUES (624, 5, 640, 0);
INSERT INTO `comment_tag` VALUES (625, 1, 640, 0);
INSERT INTO `comment_tag` VALUES (626, 2, 642, 0);
INSERT INTO `comment_tag` VALUES (627, 1, 642, 0);
INSERT INTO `comment_tag` VALUES (628, 1, 644, 0);
INSERT INTO `comment_tag` VALUES (629, 4, 644, 0);
INSERT INTO `comment_tag` VALUES (630, 5, 645, 0);
INSERT INTO `comment_tag` VALUES (631, 3, 645, 0);
INSERT INTO `comment_tag` VALUES (633, 1, 647, 0);
INSERT INTO `comment_tag` VALUES (634, 3, 647, 0);
INSERT INTO `comment_tag` VALUES (635, 4, 647, 0);
INSERT INTO `comment_tag` VALUES (636, 2, 648, 0);
INSERT INTO `comment_tag` VALUES (637, 3, 649, 0);
INSERT INTO `comment_tag` VALUES (638, 1, 649, 0);
INSERT INTO `comment_tag` VALUES (639, 4, 649, 0);
INSERT INTO `comment_tag` VALUES (641, 3, 650, 0);
INSERT INTO `comment_tag` VALUES (642, 4, 650, 0);
INSERT INTO `comment_tag` VALUES (643, 1, 650, 0);
INSERT INTO `comment_tag` VALUES (644, 4, 651, 0);
INSERT INTO `comment_tag` VALUES (645, 1, 651, 0);
INSERT INTO `comment_tag` VALUES (647, 4, 652, 0);
INSERT INTO `comment_tag` VALUES (648, 5, 653, 0);
INSERT INTO `comment_tag` VALUES (649, 2, 653, 0);
INSERT INTO `comment_tag` VALUES (650, 3, 653, 0);
INSERT INTO `comment_tag` VALUES (651, 1, 654, 0);
INSERT INTO `comment_tag` VALUES (652, 4, 655, 0);
INSERT INTO `comment_tag` VALUES (653, 2, 659, 0);
INSERT INTO `comment_tag` VALUES (654, 4, 661, 0);
INSERT INTO `comment_tag` VALUES (656, 5, 661, 0);
INSERT INTO `comment_tag` VALUES (657, 4, 662, 0);
INSERT INTO `comment_tag` VALUES (658, 1, 662, 0);
INSERT INTO `comment_tag` VALUES (659, 3, 662, 0);
INSERT INTO `comment_tag` VALUES (660, 5, 662, 0);
INSERT INTO `comment_tag` VALUES (661, 3, 663, 0);
INSERT INTO `comment_tag` VALUES (662, 4, 663, 0);
INSERT INTO `comment_tag` VALUES (663, 5, 664, 0);
INSERT INTO `comment_tag` VALUES (664, 3, 665, 0);
INSERT INTO `comment_tag` VALUES (665, 1, 665, 0);
INSERT INTO `comment_tag` VALUES (666, 4, 667, 0);
INSERT INTO `comment_tag` VALUES (667, 2, 667, 0);
INSERT INTO `comment_tag` VALUES (668, 3, 668, 0);
INSERT INTO `comment_tag` VALUES (669, 5, 668, 0);
INSERT INTO `comment_tag` VALUES (670, 4, 668, 0);
INSERT INTO `comment_tag` VALUES (671, 4, 671, 0);
INSERT INTO `comment_tag` VALUES (672, 2, 671, 0);
INSERT INTO `comment_tag` VALUES (673, 3, 671, 0);
INSERT INTO `comment_tag` VALUES (674, 3, 672, 0);
INSERT INTO `comment_tag` VALUES (675, 1, 672, 0);
INSERT INTO `comment_tag` VALUES (676, 2, 674, 0);
INSERT INTO `comment_tag` VALUES (677, 1, 677, 0);
INSERT INTO `comment_tag` VALUES (678, 3, 677, 0);
INSERT INTO `comment_tag` VALUES (679, 1, 678, 0);
INSERT INTO `comment_tag` VALUES (680, 1, 679, 0);
INSERT INTO `comment_tag` VALUES (681, 4, 679, 0);
INSERT INTO `comment_tag` VALUES (682, 5, 679, 0);
INSERT INTO `comment_tag` VALUES (683, 1, 683, 0);
INSERT INTO `comment_tag` VALUES (684, 3, 683, 0);
INSERT INTO `comment_tag` VALUES (686, 4, 684, 0);
INSERT INTO `comment_tag` VALUES (689, 3, 687, 0);
INSERT INTO `comment_tag` VALUES (690, 1, 687, 0);
INSERT INTO `comment_tag` VALUES (691, 2, 687, 0);
INSERT INTO `comment_tag` VALUES (692, 1, 688, 0);
INSERT INTO `comment_tag` VALUES (693, 4, 689, 0);
INSERT INTO `comment_tag` VALUES (695, 2, 690, 0);
INSERT INTO `comment_tag` VALUES (697, 3, 690, 0);
INSERT INTO `comment_tag` VALUES (698, 4, 691, 0);
INSERT INTO `comment_tag` VALUES (699, 2, 691, 0);
INSERT INTO `comment_tag` VALUES (700, 3, 691, 0);
INSERT INTO `comment_tag` VALUES (701, 2, 692, 0);
INSERT INTO `comment_tag` VALUES (702, 1, 693, 0);
INSERT INTO `comment_tag` VALUES (703, 5, 695, 0);
INSERT INTO `comment_tag` VALUES (704, 5, 698, 0);
INSERT INTO `comment_tag` VALUES (705, 2, 698, 0);
INSERT INTO `comment_tag` VALUES (706, 4, 698, 0);
INSERT INTO `comment_tag` VALUES (708, 2, 700, 0);
INSERT INTO `comment_tag` VALUES (709, 5, 700, 0);
INSERT INTO `comment_tag` VALUES (711, 2, 709, 0);
INSERT INTO `comment_tag` VALUES (712, 1, 709, 0);
INSERT INTO `comment_tag` VALUES (713, 5, 709, 0);
INSERT INTO `comment_tag` VALUES (714, 3, 709, 0);
INSERT INTO `comment_tag` VALUES (715, 4, 712, 0);
INSERT INTO `comment_tag` VALUES (716, 1, 712, 0);
INSERT INTO `comment_tag` VALUES (717, 2, 713, 0);
INSERT INTO `comment_tag` VALUES (718, 5, 713, 0);
INSERT INTO `comment_tag` VALUES (719, 4, 713, 0);
INSERT INTO `comment_tag` VALUES (720, 3, 714, 0);
INSERT INTO `comment_tag` VALUES (721, 1, 714, 0);
INSERT INTO `comment_tag` VALUES (723, 1, 721, 0);
INSERT INTO `comment_tag` VALUES (724, 3, 721, 0);
INSERT INTO `comment_tag` VALUES (725, 3, 722, 0);
INSERT INTO `comment_tag` VALUES (727, 5, 722, 0);
INSERT INTO `comment_tag` VALUES (728, 3, 725, 0);
INSERT INTO `comment_tag` VALUES (729, 2, 726, 0);
INSERT INTO `comment_tag` VALUES (730, 5, 726, 0);
INSERT INTO `comment_tag` VALUES (731, 3, 726, 0);
INSERT INTO `comment_tag` VALUES (732, 1, 726, 0);
INSERT INTO `comment_tag` VALUES (733, 5, 727, 0);
INSERT INTO `comment_tag` VALUES (734, 3, 727, 0);
INSERT INTO `comment_tag` VALUES (735, 4, 727, 0);
INSERT INTO `comment_tag` VALUES (736, 2, 727, 0);
INSERT INTO `comment_tag` VALUES (737, 1, 731, 0);
INSERT INTO `comment_tag` VALUES (738, 2, 731, 0);
INSERT INTO `comment_tag` VALUES (739, 3, 734, 0);
INSERT INTO `comment_tag` VALUES (740, 1, 736, 0);
INSERT INTO `comment_tag` VALUES (741, 2, 737, 0);
INSERT INTO `comment_tag` VALUES (742, 4, 737, 0);
INSERT INTO `comment_tag` VALUES (743, 3, 737, 0);
INSERT INTO `comment_tag` VALUES (744, 5, 737, 0);
INSERT INTO `comment_tag` VALUES (745, 3, 740, 0);
INSERT INTO `comment_tag` VALUES (746, 1, 745, 0);
INSERT INTO `comment_tag` VALUES (747, 3, 746, 0);
INSERT INTO `comment_tag` VALUES (748, 5, 746, 0);
INSERT INTO `comment_tag` VALUES (751, 2, 749, 0);
INSERT INTO `comment_tag` VALUES (752, 1, 749, 0);
INSERT INTO `comment_tag` VALUES (753, 4, 752, 0);
INSERT INTO `comment_tag` VALUES (754, 1, 752, 0);
INSERT INTO `comment_tag` VALUES (755, 5, 753, 0);
INSERT INTO `comment_tag` VALUES (756, 4, 754, 0);
INSERT INTO `comment_tag` VALUES (758, 2, 754, 0);
INSERT INTO `comment_tag` VALUES (759, 5, 757, 0);
INSERT INTO `comment_tag` VALUES (761, 4, 757, 0);
INSERT INTO `comment_tag` VALUES (762, 1, 758, 0);
INSERT INTO `comment_tag` VALUES (763, 3, 758, 0);
INSERT INTO `comment_tag` VALUES (764, 4, 758, 0);
INSERT INTO `comment_tag` VALUES (766, 3, 759, 0);
INSERT INTO `comment_tag` VALUES (767, 3, 762, 0);
INSERT INTO `comment_tag` VALUES (768, 4, 762, 0);
INSERT INTO `comment_tag` VALUES (769, 2, 764, 0);
INSERT INTO `comment_tag` VALUES (770, 4, 764, 0);
INSERT INTO `comment_tag` VALUES (771, 1, 764, 0);
INSERT INTO `comment_tag` VALUES (773, 3, 765, 0);
INSERT INTO `comment_tag` VALUES (774, 3, 766, 0);
INSERT INTO `comment_tag` VALUES (775, 4, 766, 0);
INSERT INTO `comment_tag` VALUES (776, 4, 768, 0);
INSERT INTO `comment_tag` VALUES (777, 5, 768, 0);
INSERT INTO `comment_tag` VALUES (778, 3, 768, 0);
INSERT INTO `comment_tag` VALUES (779, 5, 772, 0);
INSERT INTO `comment_tag` VALUES (780, 1, 772, 0);
INSERT INTO `comment_tag` VALUES (782, 2, 772, 0);
INSERT INTO `comment_tag` VALUES (783, 2, 774, 0);
INSERT INTO `comment_tag` VALUES (784, 5, 774, 0);
INSERT INTO `comment_tag` VALUES (785, 4, 774, 0);
INSERT INTO `comment_tag` VALUES (787, 5, 776, 0);
INSERT INTO `comment_tag` VALUES (788, 4, 776, 0);
INSERT INTO `comment_tag` VALUES (789, 2, 776, 0);
INSERT INTO `comment_tag` VALUES (790, 5, 777, 0);
INSERT INTO `comment_tag` VALUES (792, 2, 778, 0);
INSERT INTO `comment_tag` VALUES (793, 4, 778, 0);
INSERT INTO `comment_tag` VALUES (794, 5, 778, 0);
INSERT INTO `comment_tag` VALUES (796, 3, 780, 0);
INSERT INTO `comment_tag` VALUES (798, 2, 780, 0);
INSERT INTO `comment_tag` VALUES (799, 2, 781, 0);
INSERT INTO `comment_tag` VALUES (801, 2, 785, 0);
INSERT INTO `comment_tag` VALUES (803, 1, 785, 0);
INSERT INTO `comment_tag` VALUES (805, 4, 787, 0);
INSERT INTO `comment_tag` VALUES (806, 5, 787, 0);
INSERT INTO `comment_tag` VALUES (807, 1, 787, 0);
INSERT INTO `comment_tag` VALUES (808, 2, 787, 0);
INSERT INTO `comment_tag` VALUES (809, 1, 789, 0);
INSERT INTO `comment_tag` VALUES (810, 5, 789, 0);
INSERT INTO `comment_tag` VALUES (812, 1, 790, 0);
INSERT INTO `comment_tag` VALUES (813, 5, 790, 0);
INSERT INTO `comment_tag` VALUES (814, 4, 790, 0);
INSERT INTO `comment_tag` VALUES (815, 2, 796, 0);
INSERT INTO `comment_tag` VALUES (816, 2, 800, 0);
INSERT INTO `comment_tag` VALUES (817, 2, 802, 0);
INSERT INTO `comment_tag` VALUES (818, 5, 802, 0);
INSERT INTO `comment_tag` VALUES (819, 4, 802, 0);
INSERT INTO `comment_tag` VALUES (820, 1, 803, 0);
INSERT INTO `comment_tag` VALUES (821, 2, 805, 0);
INSERT INTO `comment_tag` VALUES (822, 4, 808, 0);
INSERT INTO `comment_tag` VALUES (823, 5, 810, 0);
INSERT INTO `comment_tag` VALUES (824, 3, 810, 0);
INSERT INTO `comment_tag` VALUES (825, 2, 810, 0);
INSERT INTO `comment_tag` VALUES (826, 1, 810, 0);
INSERT INTO `comment_tag` VALUES (827, 2, 811, 0);
INSERT INTO `comment_tag` VALUES (828, 4, 811, 0);
INSERT INTO `comment_tag` VALUES (829, 4, 812, 0);
INSERT INTO `comment_tag` VALUES (831, 1, 813, 0);
INSERT INTO `comment_tag` VALUES (833, 2, 814, 0);
INSERT INTO `comment_tag` VALUES (834, 4, 820, 0);
INSERT INTO `comment_tag` VALUES (835, 3, 820, 0);
INSERT INTO `comment_tag` VALUES (836, 2, 822, 0);
INSERT INTO `comment_tag` VALUES (837, 3, 822, 0);
INSERT INTO `comment_tag` VALUES (838, 2, 823, 0);
INSERT INTO `comment_tag` VALUES (839, 4, 823, 0);
INSERT INTO `comment_tag` VALUES (842, 5, 824, 0);
INSERT INTO `comment_tag` VALUES (843, 1, 826, 0);
INSERT INTO `comment_tag` VALUES (844, 2, 826, 0);
INSERT INTO `comment_tag` VALUES (845, 5, 826, 0);
INSERT INTO `comment_tag` VALUES (846, 3, 832, 0);
INSERT INTO `comment_tag` VALUES (847, 2, 833, 0);
INSERT INTO `comment_tag` VALUES (848, 3, 833, 0);
INSERT INTO `comment_tag` VALUES (849, 4, 833, 0);
INSERT INTO `comment_tag` VALUES (850, 5, 833, 0);
INSERT INTO `comment_tag` VALUES (851, 5, 836, 0);
INSERT INTO `comment_tag` VALUES (852, 1, 836, 0);
INSERT INTO `comment_tag` VALUES (853, 4, 836, 0);
INSERT INTO `comment_tag` VALUES (855, 3, 837, 0);
INSERT INTO `comment_tag` VALUES (857, 4, 837, 0);
INSERT INTO `comment_tag` VALUES (858, 2, 839, 0);
INSERT INTO `comment_tag` VALUES (859, 3, 839, 0);
INSERT INTO `comment_tag` VALUES (861, 5, 848, 0);
INSERT INTO `comment_tag` VALUES (862, 2, 848, 0);
INSERT INTO `comment_tag` VALUES (863, 3, 848, 0);
INSERT INTO `comment_tag` VALUES (865, 3, 853, 0);
INSERT INTO `comment_tag` VALUES (866, 4, 853, 0);
INSERT INTO `comment_tag` VALUES (869, 4, 854, 0);
INSERT INTO `comment_tag` VALUES (870, 3, 855, 0);
INSERT INTO `comment_tag` VALUES (871, 2, 855, 0);
INSERT INTO `comment_tag` VALUES (872, 1, 855, 0);
INSERT INTO `comment_tag` VALUES (873, 4, 856, 0);
INSERT INTO `comment_tag` VALUES (874, 2, 856, 0);
INSERT INTO `comment_tag` VALUES (875, 1, 858, 0);
INSERT INTO `comment_tag` VALUES (876, 5, 858, 0);
INSERT INTO `comment_tag` VALUES (877, 1, 859, 0);
INSERT INTO `comment_tag` VALUES (878, 3, 859, 0);
INSERT INTO `comment_tag` VALUES (879, 5, 859, 0);
INSERT INTO `comment_tag` VALUES (881, 1, 860, 0);
INSERT INTO `comment_tag` VALUES (882, 3, 860, 0);
INSERT INTO `comment_tag` VALUES (883, 2, 861, 0);
INSERT INTO `comment_tag` VALUES (884, 3, 861, 0);
INSERT INTO `comment_tag` VALUES (885, 2, 864, 0);
INSERT INTO `comment_tag` VALUES (886, 4, 864, 0);
INSERT INTO `comment_tag` VALUES (888, 1, 865, 0);
INSERT INTO `comment_tag` VALUES (889, 5, 865, 0);
INSERT INTO `comment_tag` VALUES (890, 5, 866, 0);
INSERT INTO `comment_tag` VALUES (891, 4, 866, 0);
INSERT INTO `comment_tag` VALUES (892, 5, 869, 0);
INSERT INTO `comment_tag` VALUES (893, 4, 869, 0);
INSERT INTO `comment_tag` VALUES (895, 2, 871, 0);
INSERT INTO `comment_tag` VALUES (896, 3, 871, 0);
INSERT INTO `comment_tag` VALUES (898, 5, 871, 0);
INSERT INTO `comment_tag` VALUES (899, 4, 879, 0);
INSERT INTO `comment_tag` VALUES (900, 1, 879, 0);
INSERT INTO `comment_tag` VALUES (901, 3, 879, 0);
INSERT INTO `comment_tag` VALUES (903, 2, 882, 0);
INSERT INTO `comment_tag` VALUES (905, 3, 882, 0);
INSERT INTO `comment_tag` VALUES (906, 4, 885, 0);
INSERT INTO `comment_tag` VALUES (908, 5, 886, 0);
INSERT INTO `comment_tag` VALUES (909, 5, 888, 0);
INSERT INTO `comment_tag` VALUES (910, 2, 888, 0);
INSERT INTO `comment_tag` VALUES (912, 3, 888, 0);
INSERT INTO `comment_tag` VALUES (913, 4, 889, 0);
INSERT INTO `comment_tag` VALUES (914, 1, 889, 0);
INSERT INTO `comment_tag` VALUES (916, 1, 891, 0);
INSERT INTO `comment_tag` VALUES (917, 4, 894, 0);
INSERT INTO `comment_tag` VALUES (918, 3, 896, 0);
INSERT INTO `comment_tag` VALUES (919, 1, 896, 0);
INSERT INTO `comment_tag` VALUES (920, 3, 897, 0);
INSERT INTO `comment_tag` VALUES (921, 1, 897, 0);
INSERT INTO `comment_tag` VALUES (922, 5, 897, 0);
INSERT INTO `comment_tag` VALUES (924, 5, 898, 0);
INSERT INTO `comment_tag` VALUES (925, 2, 898, 0);
INSERT INTO `comment_tag` VALUES (926, 4, 898, 0);
INSERT INTO `comment_tag` VALUES (927, 2, 899, 0);
INSERT INTO `comment_tag` VALUES (928, 3, 900, 0);
INSERT INTO `comment_tag` VALUES (929, 1, 900, 0);
INSERT INTO `comment_tag` VALUES (930, 3, 904, 0);
INSERT INTO `comment_tag` VALUES (931, 4, 904, 0);
INSERT INTO `comment_tag` VALUES (932, 3, 905, 0);
INSERT INTO `comment_tag` VALUES (934, 1, 905, 0);
INSERT INTO `comment_tag` VALUES (935, 4, 905, 0);
INSERT INTO `comment_tag` VALUES (936, 5, 909, 0);
INSERT INTO `comment_tag` VALUES (937, 3, 909, 0);
INSERT INTO `comment_tag` VALUES (939, 1, 909, 0);
INSERT INTO `comment_tag` VALUES (940, 1, 912, 0);
INSERT INTO `comment_tag` VALUES (941, 5, 912, 0);
INSERT INTO `comment_tag` VALUES (942, 2, 912, 0);
INSERT INTO `comment_tag` VALUES (944, 1, 916, 0);
INSERT INTO `comment_tag` VALUES (945, 2, 920, 0);
INSERT INTO `comment_tag` VALUES (946, 5, 920, 0);
INSERT INTO `comment_tag` VALUES (947, 4, 920, 0);
INSERT INTO `comment_tag` VALUES (948, 4, 921, 0);
INSERT INTO `comment_tag` VALUES (949, 2, 921, 0);
INSERT INTO `comment_tag` VALUES (950, 3, 921, 0);
INSERT INTO `comment_tag` VALUES (951, 4, 922, 0);
INSERT INTO `comment_tag` VALUES (952, 5, 922, 0);
INSERT INTO `comment_tag` VALUES (955, 2, 924, 0);
INSERT INTO `comment_tag` VALUES (956, 2, 933, 0);
INSERT INTO `comment_tag` VALUES (957, 4, 934, 0);
INSERT INTO `comment_tag` VALUES (958, 1, 934, 0);
INSERT INTO `comment_tag` VALUES (959, 3, 943, 0);
INSERT INTO `comment_tag` VALUES (961, 5, 943, 0);
INSERT INTO `comment_tag` VALUES (962, 4, 944, 0);
INSERT INTO `comment_tag` VALUES (965, 5, 945, 0);
INSERT INTO `comment_tag` VALUES (966, 1, 945, 0);
INSERT INTO `comment_tag` VALUES (967, 5, 947, 0);
INSERT INTO `comment_tag` VALUES (968, 3, 948, 0);
INSERT INTO `comment_tag` VALUES (969, 3, 949, 0);
INSERT INTO `comment_tag` VALUES (970, 5, 949, 0);
INSERT INTO `comment_tag` VALUES (972, 1, 949, 0);
INSERT INTO `comment_tag` VALUES (973, 2, 950, 0);
INSERT INTO `comment_tag` VALUES (974, 3, 950, 0);
INSERT INTO `comment_tag` VALUES (975, 1, 950, 0);
INSERT INTO `comment_tag` VALUES (976, 5, 951, 0);
INSERT INTO `comment_tag` VALUES (977, 2, 951, 0);
INSERT INTO `comment_tag` VALUES (979, 3, 951, 0);
INSERT INTO `comment_tag` VALUES (980, 2, 953, 0);
INSERT INTO `comment_tag` VALUES (981, 1, 953, 0);
INSERT INTO `comment_tag` VALUES (982, 5, 953, 0);
INSERT INTO `comment_tag` VALUES (983, 1, 955, 0);
INSERT INTO `comment_tag` VALUES (984, 1, 958, 0);
INSERT INTO `comment_tag` VALUES (985, 3, 958, 0);
INSERT INTO `comment_tag` VALUES (986, 4, 958, 0);
INSERT INTO `comment_tag` VALUES (987, 1, 967, 0);
INSERT INTO `comment_tag` VALUES (988, 4, 967, 0);
INSERT INTO `comment_tag` VALUES (990, 5, 967, 0);
INSERT INTO `comment_tag` VALUES (991, 2, 968, 0);
INSERT INTO `comment_tag` VALUES (992, 3, 968, 0);
INSERT INTO `comment_tag` VALUES (993, 4, 968, 0);
INSERT INTO `comment_tag` VALUES (994, 5, 968, 0);
INSERT INTO `comment_tag` VALUES (995, 4, 969, 0);
INSERT INTO `comment_tag` VALUES (996, 2, 969, 0);
INSERT INTO `comment_tag` VALUES (997, 5, 976, 0);
INSERT INTO `comment_tag` VALUES (998, 4, 978, 0);
INSERT INTO `comment_tag` VALUES (999, 5, 978, 0);
INSERT INTO `comment_tag` VALUES (1000, 1, 978, 0);
INSERT INTO `comment_tag` VALUES (1001, 3, 978, 0);
INSERT INTO `comment_tag` VALUES (1002, 5, 979, 0);
INSERT INTO `comment_tag` VALUES (1004, 4, 979, 0);
INSERT INTO `comment_tag` VALUES (1005, 5, 980, 0);
INSERT INTO `comment_tag` VALUES (1006, 3, 980, 0);
INSERT INTO `comment_tag` VALUES (1007, 3, 983, 0);
INSERT INTO `comment_tag` VALUES (1008, 4, 988, 0);
INSERT INTO `comment_tag` VALUES (1009, 3, 988, 0);
INSERT INTO `comment_tag` VALUES (1010, 1, 989, 0);
INSERT INTO `comment_tag` VALUES (1011, 3, 989, 0);
INSERT INTO `comment_tag` VALUES (1012, 2, 989, 0);
INSERT INTO `comment_tag` VALUES (1014, 1, 992, 0);
INSERT INTO `comment_tag` VALUES (1015, 2, 992, 0);
INSERT INTO `comment_tag` VALUES (1017, 5, 994, 0);
INSERT INTO `comment_tag` VALUES (1018, 3, 994, 0);
INSERT INTO `comment_tag` VALUES (1019, 2, 994, 0);
INSERT INTO `comment_tag` VALUES (1020, 1, 994, 0);
INSERT INTO `comment_tag` VALUES (1021, 4, 996, 0);
INSERT INTO `comment_tag` VALUES (1022, 2, 996, 0);
INSERT INTO `comment_tag` VALUES (1023, 2, 997, 0);
INSERT INTO `comment_tag` VALUES (1024, 5, 1000, 0);
INSERT INTO `comment_tag` VALUES (1025, 2, 1000, 0);
INSERT INTO `comment_tag` VALUES (1026, 1, 1000, 0);
INSERT INTO `comment_tag` VALUES (1027, 3, 1001, 0);
INSERT INTO `comment_tag` VALUES (1028, 2, 1002, 0);
INSERT INTO `comment_tag` VALUES (1030, 5, 1003, 0);
INSERT INTO `comment_tag` VALUES (1031, 3, 1003, 0);
INSERT INTO `comment_tag` VALUES (1032, 2, 1003, 0);
INSERT INTO `comment_tag` VALUES (1033, 1, 1003, 0);
INSERT INTO `comment_tag` VALUES (1034, 5, 1005, 0);
INSERT INTO `comment_tag` VALUES (1035, 1, 1005, 0);
INSERT INTO `comment_tag` VALUES (1036, 2, 1005, 0);
INSERT INTO `comment_tag` VALUES (1038, 5, 1007, 0);
INSERT INTO `comment_tag` VALUES (1039, 5, 1009, 0);
INSERT INTO `comment_tag` VALUES (1040, 3, 1009, 0);
INSERT INTO `comment_tag` VALUES (1042, 4, 1010, 0);
INSERT INTO `comment_tag` VALUES (1043, 5, 1010, 0);
INSERT INTO `comment_tag` VALUES (1044, 3, 1011, 0);
INSERT INTO `comment_tag` VALUES (1045, 5, 1011, 0);
INSERT INTO `comment_tag` VALUES (1048, 1, 1014, 0);
INSERT INTO `comment_tag` VALUES (1049, 2, 1015, 0);
INSERT INTO `comment_tag` VALUES (1050, 3, 1015, 0);
INSERT INTO `comment_tag` VALUES (1051, 2, 1017, 0);
INSERT INTO `comment_tag` VALUES (1052, 5, 1017, 0);
INSERT INTO `comment_tag` VALUES (1053, 3, 1017, 0);
INSERT INTO `comment_tag` VALUES (1054, 1, 1017, 0);
INSERT INTO `comment_tag` VALUES (1055, 1, 1018, 0);
INSERT INTO `comment_tag` VALUES (1057, 3, 1018, 0);
INSERT INTO `comment_tag` VALUES (1058, 3, 1019, 0);
INSERT INTO `comment_tag` VALUES (1059, 5, 1021, 0);
INSERT INTO `comment_tag` VALUES (1061, 1, 1022, 0);
INSERT INTO `comment_tag` VALUES (1063, 5, 1022, 0);
INSERT INTO `comment_tag` VALUES (1064, 4, 1023, 0);
INSERT INTO `comment_tag` VALUES (1065, 5, 1023, 0);
INSERT INTO `comment_tag` VALUES (1067, 4, 1024, 0);
INSERT INTO `comment_tag` VALUES (1068, 5, 1024, 0);
INSERT INTO `comment_tag` VALUES (1070, 4, 1028, 0);
INSERT INTO `comment_tag` VALUES (1071, 4, 1029, 0);
INSERT INTO `comment_tag` VALUES (1072, 5, 1032, 0);
INSERT INTO `comment_tag` VALUES (1073, 2, 1032, 0);
INSERT INTO `comment_tag` VALUES (1074, 4, 1032, 0);
INSERT INTO `comment_tag` VALUES (1075, 1, 1032, 0);
INSERT INTO `comment_tag` VALUES (1076, 2, 1037, 0);
INSERT INTO `comment_tag` VALUES (1077, 3, 1037, 0);
INSERT INTO `comment_tag` VALUES (1080, 2, 1040, 0);
INSERT INTO `comment_tag` VALUES (1081, 3, 1040, 0);
INSERT INTO `comment_tag` VALUES (1083, 5, 1040, 0);
INSERT INTO `comment_tag` VALUES (1084, 3, 1043, 0);
INSERT INTO `comment_tag` VALUES (1085, 5, 1043, 0);
INSERT INTO `comment_tag` VALUES (1086, 2, 1043, 0);
INSERT INTO `comment_tag` VALUES (1088, 4, 1044, 0);
INSERT INTO `comment_tag` VALUES (1089, 1, 1044, 0);
INSERT INTO `comment_tag` VALUES (1090, 2, 1045, 0);
INSERT INTO `comment_tag` VALUES (1091, 2, 1051, 0);
INSERT INTO `comment_tag` VALUES (1092, 1, 1051, 0);
INSERT INTO `comment_tag` VALUES (1093, 4, 1051, 0);
INSERT INTO `comment_tag` VALUES (1094, 1, 1052, 0);
INSERT INTO `comment_tag` VALUES (1095, 2, 1052, 0);
INSERT INTO `comment_tag` VALUES (1097, 3, 1053, 0);
INSERT INTO `comment_tag` VALUES (1098, 2, 1053, 0);
INSERT INTO `comment_tag` VALUES (1099, 2, 1055, 0);
INSERT INTO `comment_tag` VALUES (1101, 3, 1055, 0);
INSERT INTO `comment_tag` VALUES (1102, 1, 1055, 0);
INSERT INTO `comment_tag` VALUES (1103, 1, 1057, 0);
INSERT INTO `comment_tag` VALUES (1104, 3, 1057, 0);
INSERT INTO `comment_tag` VALUES (1107, 5, 1058, 0);
INSERT INTO `comment_tag` VALUES (1108, 3, 1058, 0);
INSERT INTO `comment_tag` VALUES (1109, 1, 1058, 0);
INSERT INTO `comment_tag` VALUES (1110, 4, 1058, 0);
INSERT INTO `comment_tag` VALUES (1111, 5, 1060, 0);
INSERT INTO `comment_tag` VALUES (1114, 1, 1061, 0);
INSERT INTO `comment_tag` VALUES (1115, 5, 1061, 0);
INSERT INTO `comment_tag` VALUES (1117, 2, 1061, 0);
INSERT INTO `comment_tag` VALUES (1118, 3, 1062, 0);
INSERT INTO `comment_tag` VALUES (1119, 1, 1063, 0);
INSERT INTO `comment_tag` VALUES (1120, 3, 1063, 0);
INSERT INTO `comment_tag` VALUES (1121, 5, 1064, 0);
INSERT INTO `comment_tag` VALUES (1122, 4, 1068, 0);
INSERT INTO `comment_tag` VALUES (1123, 4, 1071, 0);
INSERT INTO `comment_tag` VALUES (1124, 3, 1072, 0);
INSERT INTO `comment_tag` VALUES (1125, 2, 1072, 0);
INSERT INTO `comment_tag` VALUES (1126, 4, 1072, 0);
INSERT INTO `comment_tag` VALUES (1127, 5, 1072, 0);
INSERT INTO `comment_tag` VALUES (1128, 3, 1073, 0);
INSERT INTO `comment_tag` VALUES (1129, 5, 1073, 0);
INSERT INTO `comment_tag` VALUES (1130, 5, 1074, 0);
INSERT INTO `comment_tag` VALUES (1131, 2, 1074, 0);
INSERT INTO `comment_tag` VALUES (1132, 1, 1078, 0);
INSERT INTO `comment_tag` VALUES (1133, 2, 1078, 0);
INSERT INTO `comment_tag` VALUES (1134, 3, 1079, 0);
INSERT INTO `comment_tag` VALUES (1135, 1, 1079, 0);
INSERT INTO `comment_tag` VALUES (1136, 3, 1081, 0);
INSERT INTO `comment_tag` VALUES (1137, 2, 1082, 0);
INSERT INTO `comment_tag` VALUES (1138, 2, 1083, 0);
INSERT INTO `comment_tag` VALUES (1139, 5, 1083, 0);
INSERT INTO `comment_tag` VALUES (1140, 1, 1083, 0);
INSERT INTO `comment_tag` VALUES (1141, 3, 1085, 0);
INSERT INTO `comment_tag` VALUES (1142, 1, 1085, 0);
INSERT INTO `comment_tag` VALUES (1143, 4, 1085, 0);
INSERT INTO `comment_tag` VALUES (1145, 2, 1086, 0);
INSERT INTO `comment_tag` VALUES (1146, 3, 1086, 0);
INSERT INTO `comment_tag` VALUES (1149, 1, 1088, 0);
INSERT INTO `comment_tag` VALUES (1150, 5, 1088, 0);
INSERT INTO `comment_tag` VALUES (1151, 3, 1092, 0);
INSERT INTO `comment_tag` VALUES (1152, 5, 1092, 0);
INSERT INTO `comment_tag` VALUES (1153, 1, 1092, 0);
INSERT INTO `comment_tag` VALUES (1154, 3, 1094, 0);
INSERT INTO `comment_tag` VALUES (1155, 4, 1094, 0);
INSERT INTO `comment_tag` VALUES (1156, 5, 1095, 0);
INSERT INTO `comment_tag` VALUES (1157, 1, 1095, 0);
INSERT INTO `comment_tag` VALUES (1158, 5, 1096, 0);
INSERT INTO `comment_tag` VALUES (1159, 2, 1096, 0);
INSERT INTO `comment_tag` VALUES (1160, 1, 1096, 0);
INSERT INTO `comment_tag` VALUES (1162, 2, 1098, 0);
INSERT INTO `comment_tag` VALUES (1163, 3, 1098, 0);
INSERT INTO `comment_tag` VALUES (1166, 5, 1099, 0);
INSERT INTO `comment_tag` VALUES (1167, 4, 1099, 0);
INSERT INTO `comment_tag` VALUES (1168, 3, 1099, 0);
INSERT INTO `comment_tag` VALUES (1170, 5, 1101, 0);
INSERT INTO `comment_tag` VALUES (1171, 4, 1102, 0);
INSERT INTO `comment_tag` VALUES (1172, 3, 1103, 0);
INSERT INTO `comment_tag` VALUES (1173, 4, 1103, 0);
INSERT INTO `comment_tag` VALUES (1175, 5, 1103, 0);
INSERT INTO `comment_tag` VALUES (1176, 3, 1104, 0);
INSERT INTO `comment_tag` VALUES (1177, 2, 1105, 0);
INSERT INTO `comment_tag` VALUES (1178, 5, 1105, 0);
INSERT INTO `comment_tag` VALUES (1179, 3, 1105, 0);
INSERT INTO `comment_tag` VALUES (1180, 2, 1106, 0);
INSERT INTO `comment_tag` VALUES (1181, 1, 1106, 0);
INSERT INTO `comment_tag` VALUES (1182, 3, 1107, 0);
INSERT INTO `comment_tag` VALUES (1183, 3, 1109, 0);
INSERT INTO `comment_tag` VALUES (1184, 5, 1109, 0);
INSERT INTO `comment_tag` VALUES (1185, 2, 1113, 0);
INSERT INTO `comment_tag` VALUES (1186, 4, 1113, 0);
INSERT INTO `comment_tag` VALUES (1187, 5, 1113, 0);
INSERT INTO `comment_tag` VALUES (1189, 1, 1114, 0);
INSERT INTO `comment_tag` VALUES (1190, 5, 1114, 0);
INSERT INTO `comment_tag` VALUES (1191, 4, 1115, 0);
INSERT INTO `comment_tag` VALUES (1192, 1, 1115, 0);
INSERT INTO `comment_tag` VALUES (1193, 5, 1118, 0);
INSERT INTO `comment_tag` VALUES (1194, 2, 1119, 0);
INSERT INTO `comment_tag` VALUES (1195, 3, 1119, 0);
INSERT INTO `comment_tag` VALUES (1198, 4, 1120, 0);
INSERT INTO `comment_tag` VALUES (1200, 3, 1120, 0);
INSERT INTO `comment_tag` VALUES (1201, 1, 1122, 0);
INSERT INTO `comment_tag` VALUES (1203, 4, 1122, 0);
INSERT INTO `comment_tag` VALUES (1204, 3, 1123, 0);
INSERT INTO `comment_tag` VALUES (1205, 4, 1123, 0);
INSERT INTO `comment_tag` VALUES (1206, 5, 1123, 0);
INSERT INTO `comment_tag` VALUES (1208, 5, 1124, 0);
INSERT INTO `comment_tag` VALUES (1209, 2, 1124, 0);
INSERT INTO `comment_tag` VALUES (1210, 1, 1124, 0);
INSERT INTO `comment_tag` VALUES (1212, 5, 1125, 0);
INSERT INTO `comment_tag` VALUES (1213, 1, 1125, 0);
INSERT INTO `comment_tag` VALUES (1214, 4, 1127, 0);
INSERT INTO `comment_tag` VALUES (1215, 2, 1127, 0);
INSERT INTO `comment_tag` VALUES (1216, 2, 1129, 0);
INSERT INTO `comment_tag` VALUES (1217, 3, 1129, 0);
INSERT INTO `comment_tag` VALUES (1218, 4, 1129, 0);
INSERT INTO `comment_tag` VALUES (1219, 4, 1130, 0);
INSERT INTO `comment_tag` VALUES (1220, 2, 1130, 0);
INSERT INTO `comment_tag` VALUES (1221, 5, 1130, 0);
INSERT INTO `comment_tag` VALUES (1223, 2, 1132, 0);
INSERT INTO `comment_tag` VALUES (1224, 1, 1132, 0);
INSERT INTO `comment_tag` VALUES (1225, 5, 1132, 0);
INSERT INTO `comment_tag` VALUES (1226, 3, 1133, 0);
INSERT INTO `comment_tag` VALUES (1227, 2, 1133, 0);
INSERT INTO `comment_tag` VALUES (1228, 2, 1135, 0);
INSERT INTO `comment_tag` VALUES (1229, 1, 1135, 0);
INSERT INTO `comment_tag` VALUES (1231, 2, 1137, 0);
INSERT INTO `comment_tag` VALUES (1232, 4, 1137, 0);
INSERT INTO `comment_tag` VALUES (1235, 4, 1140, 0);
INSERT INTO `comment_tag` VALUES (1236, 1, 1140, 0);
INSERT INTO `comment_tag` VALUES (1237, 5, 1144, 0);
INSERT INTO `comment_tag` VALUES (1238, 3, 1144, 0);
INSERT INTO `comment_tag` VALUES (1239, 5, 1147, 0);
INSERT INTO `comment_tag` VALUES (1240, 4, 1148, 0);
INSERT INTO `comment_tag` VALUES (1241, 3, 1148, 0);
INSERT INTO `comment_tag` VALUES (1242, 2, 1148, 0);
INSERT INTO `comment_tag` VALUES (1244, 2, 1149, 0);
INSERT INTO `comment_tag` VALUES (1245, 1, 1149, 0);
INSERT INTO `comment_tag` VALUES (1246, 2, 1150, 0);
INSERT INTO `comment_tag` VALUES (1248, 2, 1151, 0);
INSERT INTO `comment_tag` VALUES (1249, 1, 1151, 0);
INSERT INTO `comment_tag` VALUES (1250, 3, 1151, 0);
INSERT INTO `comment_tag` VALUES (1251, 5, 1151, 0);
INSERT INTO `comment_tag` VALUES (1252, 5, 1152, 0);
INSERT INTO `comment_tag` VALUES (1253, 4, 1152, 0);
INSERT INTO `comment_tag` VALUES (1255, 4, 1153, 0);
INSERT INTO `comment_tag` VALUES (1256, 2, 1154, 0);
INSERT INTO `comment_tag` VALUES (1257, 1, 1154, 0);
INSERT INTO `comment_tag` VALUES (1258, 4, 1155, 0);
INSERT INTO `comment_tag` VALUES (1259, 2, 1155, 0);
INSERT INTO `comment_tag` VALUES (1261, 4, 1156, 0);
INSERT INTO `comment_tag` VALUES (1262, 5, 1156, 0);
INSERT INTO `comment_tag` VALUES (1263, 1, 1156, 0);
INSERT INTO `comment_tag` VALUES (1264, 2, 1156, 0);
INSERT INTO `comment_tag` VALUES (1265, 3, 1157, 0);
INSERT INTO `comment_tag` VALUES (1266, 2, 1157, 0);
INSERT INTO `comment_tag` VALUES (1267, 5, 1157, 0);
INSERT INTO `comment_tag` VALUES (1268, 1, 1157, 0);
INSERT INTO `comment_tag` VALUES (1269, 2, 1159, 0);
INSERT INTO `comment_tag` VALUES (1270, 5, 1159, 0);
INSERT INTO `comment_tag` VALUES (1273, 4, 1161, 0);
INSERT INTO `comment_tag` VALUES (1275, 1, 1163, 0);
INSERT INTO `comment_tag` VALUES (1276, 5, 1163, 0);
INSERT INTO `comment_tag` VALUES (1277, 4, 1166, 0);
INSERT INTO `comment_tag` VALUES (1278, 3, 1166, 0);
INSERT INTO `comment_tag` VALUES (1280, 2, 1166, 0);
INSERT INTO `comment_tag` VALUES (1281, 4, 1167, 0);
INSERT INTO `comment_tag` VALUES (1282, 3, 1168, 0);
INSERT INTO `comment_tag` VALUES (1283, 1, 1168, 0);
INSERT INTO `comment_tag` VALUES (1284, 2, 1168, 0);
INSERT INTO `comment_tag` VALUES (1285, 3, 1169, 0);
INSERT INTO `comment_tag` VALUES (1286, 2, 1169, 0);
INSERT INTO `comment_tag` VALUES (1287, 4, 1174, 0);
INSERT INTO `comment_tag` VALUES (1289, 3, 1174, 0);
INSERT INTO `comment_tag` VALUES (1290, 1, 1174, 0);
INSERT INTO `comment_tag` VALUES (1291, 5, 1175, 0);
INSERT INTO `comment_tag` VALUES (1292, 2, 1176, 0);
INSERT INTO `comment_tag` VALUES (1293, 5, 1176, 0);
INSERT INTO `comment_tag` VALUES (1294, 3, 1176, 0);
INSERT INTO `comment_tag` VALUES (1295, 5, 1177, 0);
INSERT INTO `comment_tag` VALUES (1296, 4, 1177, 0);
INSERT INTO `comment_tag` VALUES (1298, 4, 1178, 0);
INSERT INTO `comment_tag` VALUES (1302, 4, 1180, 0);
INSERT INTO `comment_tag` VALUES (1303, 1, 1181, 0);
INSERT INTO `comment_tag` VALUES (1304, 4, 1181, 0);
INSERT INTO `comment_tag` VALUES (1305, 2, 1181, 0);
INSERT INTO `comment_tag` VALUES (1307, 2, 1182, 0);
INSERT INTO `comment_tag` VALUES (1308, 4, 1182, 0);
INSERT INTO `comment_tag` VALUES (1309, 2, 1183, 0);
INSERT INTO `comment_tag` VALUES (1310, 4, 1183, 0);
INSERT INTO `comment_tag` VALUES (1311, 1, 1183, 0);
INSERT INTO `comment_tag` VALUES (1312, 3, 1184, 0);
INSERT INTO `comment_tag` VALUES (1313, 5, 1186, 0);
INSERT INTO `comment_tag` VALUES (1314, 3, 1186, 0);
INSERT INTO `comment_tag` VALUES (1316, 4, 1186, 0);
INSERT INTO `comment_tag` VALUES (1317, 3, 1187, 0);
INSERT INTO `comment_tag` VALUES (1318, 2, 1187, 0);
INSERT INTO `comment_tag` VALUES (1319, 4, 1190, 0);
INSERT INTO `comment_tag` VALUES (1320, 1, 1191, 0);
INSERT INTO `comment_tag` VALUES (1321, 4, 1191, 0);
INSERT INTO `comment_tag` VALUES (1322, 4, 1193, 0);
INSERT INTO `comment_tag` VALUES (1323, 5, 1193, 0);
INSERT INTO `comment_tag` VALUES (1324, 4, 1194, 0);
INSERT INTO `comment_tag` VALUES (1325, 5, 1195, 0);
INSERT INTO `comment_tag` VALUES (1326, 1, 1198, 0);
INSERT INTO `comment_tag` VALUES (1327, 3, 1198, 0);
INSERT INTO `comment_tag` VALUES (1328, 2, 1198, 0);
INSERT INTO `comment_tag` VALUES (1330, 1, 1200, 0);
INSERT INTO `comment_tag` VALUES (1331, 3, 1200, 0);
INSERT INTO `comment_tag` VALUES (1333, 4, 1200, 0);
INSERT INTO `comment_tag` VALUES (1334, 5, 1202, 0);
INSERT INTO `comment_tag` VALUES (1335, 3, 1202, 0);
INSERT INTO `comment_tag` VALUES (1337, 4, 1203, 0);
INSERT INTO `comment_tag` VALUES (1338, 5, 1203, 0);
INSERT INTO `comment_tag` VALUES (1339, 5, 1206, 0);
INSERT INTO `comment_tag` VALUES (1340, 2, 1206, 0);
INSERT INTO `comment_tag` VALUES (1341, 2, 1209, 0);
INSERT INTO `comment_tag` VALUES (1343, 1, 1209, 0);
INSERT INTO `comment_tag` VALUES (1345, 3, 1210, 0);
INSERT INTO `comment_tag` VALUES (1346, 3, 1213, 0);
INSERT INTO `comment_tag` VALUES (1347, 4, 1213, 0);
INSERT INTO `comment_tag` VALUES (1348, 5, 1213, 0);
INSERT INTO `comment_tag` VALUES (1349, 1, 1215, 0);
INSERT INTO `comment_tag` VALUES (1350, 5, 1215, 0);
INSERT INTO `comment_tag` VALUES (1351, 4, 1215, 0);
INSERT INTO `comment_tag` VALUES (1352, 3, 1215, 0);
INSERT INTO `comment_tag` VALUES (1353, 4, 1218, 0);
INSERT INTO `comment_tag` VALUES (1354, 3, 1218, 0);
INSERT INTO `comment_tag` VALUES (1355, 5, 1220, 0);
INSERT INTO `comment_tag` VALUES (1356, 5, 1221, 0);
INSERT INTO `comment_tag` VALUES (1357, 2, 1221, 0);
INSERT INTO `comment_tag` VALUES (1360, 2, 1222, 0);
INSERT INTO `comment_tag` VALUES (1361, 2, 1224, 0);
INSERT INTO `comment_tag` VALUES (1362, 2, 1225, 0);
INSERT INTO `comment_tag` VALUES (1363, 5, 1225, 0);
INSERT INTO `comment_tag` VALUES (1364, 4, 1225, 0);
INSERT INTO `comment_tag` VALUES (1366, 5, 1226, 0);
INSERT INTO `comment_tag` VALUES (1367, 1, 1226, 0);
INSERT INTO `comment_tag` VALUES (1368, 3, 1226, 0);
INSERT INTO `comment_tag` VALUES (1370, 2, 1227, 0);
INSERT INTO `comment_tag` VALUES (1371, 2, 1228, 0);
INSERT INTO `comment_tag` VALUES (1372, 3, 1228, 0);
INSERT INTO `comment_tag` VALUES (1373, 4, 1228, 0);
INSERT INTO `comment_tag` VALUES (1374, 1, 1228, 0);
INSERT INTO `comment_tag` VALUES (1375, 3, 1229, 0);
INSERT INTO `comment_tag` VALUES (1376, 1, 1229, 0);
INSERT INTO `comment_tag` VALUES (1377, 3, 1232, 0);
INSERT INTO `comment_tag` VALUES (1378, 1, 1233, 0);
INSERT INTO `comment_tag` VALUES (1379, 2, 1233, 0);
INSERT INTO `comment_tag` VALUES (1380, 4, 1233, 0);
INSERT INTO `comment_tag` VALUES (1381, 5, 1233, 0);
INSERT INTO `comment_tag` VALUES (1382, 1, 1234, 0);
INSERT INTO `comment_tag` VALUES (1383, 2, 1234, 0);
INSERT INTO `comment_tag` VALUES (1384, 1, 1237, 0);
INSERT INTO `comment_tag` VALUES (1385, 2, 1237, 0);
INSERT INTO `comment_tag` VALUES (1386, 2, 1238, 0);
INSERT INTO `comment_tag` VALUES (1388, 1, 1238, 0);
INSERT INTO `comment_tag` VALUES (1389, 4, 1238, 0);
INSERT INTO `comment_tag` VALUES (1390, 3, 1240, 0);
INSERT INTO `comment_tag` VALUES (1391, 2, 1240, 0);
INSERT INTO `comment_tag` VALUES (1392, 4, 1240, 0);
INSERT INTO `comment_tag` VALUES (1393, 3, 1241, 0);
INSERT INTO `comment_tag` VALUES (1394, 1, 1241, 0);
INSERT INTO `comment_tag` VALUES (1395, 5, 1243, 0);
INSERT INTO `comment_tag` VALUES (1397, 5, 1244, 0);
INSERT INTO `comment_tag` VALUES (1399, 2, 1244, 0);
INSERT INTO `comment_tag` VALUES (1400, 3, 1244, 0);
INSERT INTO `comment_tag` VALUES (1401, 5, 1245, 0);
INSERT INTO `comment_tag` VALUES (1402, 2, 1245, 0);
INSERT INTO `comment_tag` VALUES (1403, 1, 1245, 0);
INSERT INTO `comment_tag` VALUES (1404, 2, 1246, 0);
INSERT INTO `comment_tag` VALUES (1405, 5, 1246, 0);
INSERT INTO `comment_tag` VALUES (1406, 2, 1248, 0);
INSERT INTO `comment_tag` VALUES (1409, 1, 1249, 0);
INSERT INTO `comment_tag` VALUES (1410, 3, 1254, 0);
INSERT INTO `comment_tag` VALUES (1411, 3, 1265, 0);
INSERT INTO `comment_tag` VALUES (1412, 1, 1265, 0);
INSERT INTO `comment_tag` VALUES (1415, 4, 1273, 0);
INSERT INTO `comment_tag` VALUES (1416, 3, 1273, 0);
INSERT INTO `comment_tag` VALUES (1418, 4, 1275, 0);
INSERT INTO `comment_tag` VALUES (1419, 3, 1276, 0);
INSERT INTO `comment_tag` VALUES (1421, 5, 1276, 0);
INSERT INTO `comment_tag` VALUES (1423, 3, 1277, 0);
INSERT INTO `comment_tag` VALUES (1424, 4, 1277, 0);
INSERT INTO `comment_tag` VALUES (1425, 1, 1277, 0);
INSERT INTO `comment_tag` VALUES (1426, 2, 1280, 0);
INSERT INTO `comment_tag` VALUES (1427, 5, 1283, 0);
INSERT INTO `comment_tag` VALUES (1429, 2, 1291, 0);
INSERT INTO `comment_tag` VALUES (1430, 1, 1291, 0);
INSERT INTO `comment_tag` VALUES (1432, 4, 1301, 0);
INSERT INTO `comment_tag` VALUES (1434, 2, 1302, 0);
INSERT INTO `comment_tag` VALUES (1435, 4, 1302, 0);
INSERT INTO `comment_tag` VALUES (1437, 3, 1302, 0);
INSERT INTO `comment_tag` VALUES (1438, 3, 1306, 0);
INSERT INTO `comment_tag` VALUES (1440, 1, 1306, 0);
INSERT INTO `comment_tag` VALUES (1441, 4, 1311, 0);
INSERT INTO `comment_tag` VALUES (1443, 3, 1311, 0);
INSERT INTO `comment_tag` VALUES (1445, 1, 1312, 0);
INSERT INTO `comment_tag` VALUES (1446, 4, 1312, 0);
INSERT INTO `comment_tag` VALUES (1447, 3, 1312, 0);
INSERT INTO `comment_tag` VALUES (1448, 5, 1312, 0);
INSERT INTO `comment_tag` VALUES (1449, 3, 1313, 0);
INSERT INTO `comment_tag` VALUES (1450, 2, 1314, 0);
INSERT INTO `comment_tag` VALUES (1451, 5, 1314, 0);
INSERT INTO `comment_tag` VALUES (1452, 3, 1321, 0);
INSERT INTO `comment_tag` VALUES (1453, 4, 1321, 0);
INSERT INTO `comment_tag` VALUES (1455, 2, 1321, 0);
INSERT INTO `comment_tag` VALUES (1456, 2, 1330, 0);
INSERT INTO `comment_tag` VALUES (1457, 4, 1330, 0);
INSERT INTO `comment_tag` VALUES (1458, 3, 1331, 0);
INSERT INTO `comment_tag` VALUES (1459, 1, 1331, 0);
INSERT INTO `comment_tag` VALUES (1460, 3, 1332, 0);
INSERT INTO `comment_tag` VALUES (1461, 1, 1343, 0);
INSERT INTO `comment_tag` VALUES (1462, 3, 1343, 0);
INSERT INTO `comment_tag` VALUES (1463, 4, 1344, 0);
INSERT INTO `comment_tag` VALUES (1465, 5, 1344, 0);
INSERT INTO `comment_tag` VALUES (1466, 1, 1344, 0);
INSERT INTO `comment_tag` VALUES (1467, 4, 1346, 0);
INSERT INTO `comment_tag` VALUES (1468, 5, 1348, 0);
INSERT INTO `comment_tag` VALUES (1470, 2, 1348, 0);
INSERT INTO `comment_tag` VALUES (1471, 4, 1348, 0);
INSERT INTO `comment_tag` VALUES (1472, 3, 1353, 0);
INSERT INTO `comment_tag` VALUES (1473, 5, 1360, 0);
INSERT INTO `comment_tag` VALUES (1474, 5, 1365, 0);
INSERT INTO `comment_tag` VALUES (1475, 2, 1373, 0);
INSERT INTO `comment_tag` VALUES (1476, 3, 1373, 0);
INSERT INTO `comment_tag` VALUES (1477, 4, 1373, 0);
INSERT INTO `comment_tag` VALUES (1479, 1, 1377, 0);
INSERT INTO `comment_tag` VALUES (1480, 3, 1377, 0);
INSERT INTO `comment_tag` VALUES (1481, 4, 1377, 0);
INSERT INTO `comment_tag` VALUES (1483, 2, 1378, 0);
INSERT INTO `comment_tag` VALUES (1484, 5, 1378, 0);
INSERT INTO `comment_tag` VALUES (1485, 4, 1378, 0);
INSERT INTO `comment_tag` VALUES (1486, 1, 1378, 0);
INSERT INTO `comment_tag` VALUES (1487, 5, 1379, 0);
INSERT INTO `comment_tag` VALUES (1488, 4, 1382, 0);
INSERT INTO `comment_tag` VALUES (1489, 5, 1384, 0);
INSERT INTO `comment_tag` VALUES (1490, 1, 1390, 0);
INSERT INTO `comment_tag` VALUES (1491, 4, 1390, 0);
INSERT INTO `comment_tag` VALUES (1492, 1, 1392, 0);
INSERT INTO `comment_tag` VALUES (1493, 5, 1392, 0);
INSERT INTO `comment_tag` VALUES (1494, 2, 1400, 0);
INSERT INTO `comment_tag` VALUES (1495, 4, 1400, 0);
INSERT INTO `comment_tag` VALUES (1497, 1, 1400, 0);
INSERT INTO `comment_tag` VALUES (1498, 1, 1402, 0);
INSERT INTO `comment_tag` VALUES (1499, 5, 1402, 0);
INSERT INTO `comment_tag` VALUES (1500, 4, 1403, 0);
INSERT INTO `comment_tag` VALUES (1501, 3, 1403, 0);
INSERT INTO `comment_tag` VALUES (1502, 2, 1403, 0);
INSERT INTO `comment_tag` VALUES (1504, 5, 1404, 0);
INSERT INTO `comment_tag` VALUES (1505, 4, 1404, 0);
INSERT INTO `comment_tag` VALUES (1507, 2, 1405, 0);
INSERT INTO `comment_tag` VALUES (1508, 3, 1411, 0);
INSERT INTO `comment_tag` VALUES (1510, 2, 1411, 0);
INSERT INTO `comment_tag` VALUES (1511, 2, 1417, 0);
INSERT INTO `comment_tag` VALUES (1512, 2, 1418, 0);
INSERT INTO `comment_tag` VALUES (1513, 3, 1418, 0);
INSERT INTO `comment_tag` VALUES (1514, 5, 1418, 0);
INSERT INTO `comment_tag` VALUES (1515, 5, 1422, 0);
INSERT INTO `comment_tag` VALUES (1516, 1, 1422, 0);
INSERT INTO `comment_tag` VALUES (1517, 4, 1431, 0);
INSERT INTO `comment_tag` VALUES (1518, 1, 1434, 0);
INSERT INTO `comment_tag` VALUES (1519, 3, 1434, 0);
INSERT INTO `comment_tag` VALUES (1520, 4, 1436, 0);
INSERT INTO `comment_tag` VALUES (1521, 3, 1436, 0);
INSERT INTO `comment_tag` VALUES (1522, 5, 1440, 0);
INSERT INTO `comment_tag` VALUES (1523, 1, 1447, 0);
INSERT INTO `comment_tag` VALUES (1525, 2, 1447, 0);
INSERT INTO `comment_tag` VALUES (1526, 5, 1447, 0);
INSERT INTO `comment_tag` VALUES (1527, 4, 1452, 0);
INSERT INTO `comment_tag` VALUES (1528, 2, 1452, 0);
INSERT INTO `comment_tag` VALUES (1530, 3, 1458, 0);
INSERT INTO `comment_tag` VALUES (1531, 1, 1458, 0);
INSERT INTO `comment_tag` VALUES (1532, 2, 1458, 0);
INSERT INTO `comment_tag` VALUES (1533, 1, 1460, 0);
INSERT INTO `comment_tag` VALUES (1534, 3, 1460, 0);
INSERT INTO `comment_tag` VALUES (1535, 2, 1460, 0);
INSERT INTO `comment_tag` VALUES (1536, 1, 1462, 0);
INSERT INTO `comment_tag` VALUES (1537, 3, 1472, 0);
INSERT INTO `comment_tag` VALUES (1538, 4, 1472, 0);
INSERT INTO `comment_tag` VALUES (1539, 4, 1476, 0);
INSERT INTO `comment_tag` VALUES (1540, 2, 1476, 0);
INSERT INTO `comment_tag` VALUES (1541, 5, 1476, 0);
INSERT INTO `comment_tag` VALUES (1543, 3, 1477, 0);
INSERT INTO `comment_tag` VALUES (1544, 3, 1484, 0);
INSERT INTO `comment_tag` VALUES (1545, 2, 1484, 0);
INSERT INTO `comment_tag` VALUES (1546, 4, 1492, 0);
INSERT INTO `comment_tag` VALUES (1547, 1, 1492, 0);
INSERT INTO `comment_tag` VALUES (1548, 5, 1498, 0);
INSERT INTO `comment_tag` VALUES (1549, 4, 1498, 0);
INSERT INTO `comment_tag` VALUES (1550, 1, 1498, 0);
INSERT INTO `comment_tag` VALUES (1551, 3, 1498, 0);
INSERT INTO `comment_tag` VALUES (1552, 1, 1499, 0);
INSERT INTO `comment_tag` VALUES (1553, 2, 1499, 0);
INSERT INTO `comment_tag` VALUES (1554, 3, 1506, 0);
INSERT INTO `comment_tag` VALUES (1555, 2, 1506, 0);
INSERT INTO `comment_tag` VALUES (1556, 1, 1510, 0);
INSERT INTO `comment_tag` VALUES (1557, 3, 1510, 0);
INSERT INTO `comment_tag` VALUES (1558, 5, 1522, 0);
INSERT INTO `comment_tag` VALUES (1559, 4, 1524, 0);
INSERT INTO `comment_tag` VALUES (1560, 2, 1524, 0);
INSERT INTO `comment_tag` VALUES (1561, 1, 1528, 0);
INSERT INTO `comment_tag` VALUES (1562, 1, 1530, 0);
INSERT INTO `comment_tag` VALUES (1563, 4, 1535, 0);
INSERT INTO `comment_tag` VALUES (1564, 5, 1535, 0);
INSERT INTO `comment_tag` VALUES (1566, 4, 1536, 0);
INSERT INTO `comment_tag` VALUES (1567, 3, 1538, 0);
INSERT INTO `comment_tag` VALUES (1568, 4, 1544, 0);
INSERT INTO `comment_tag` VALUES (1569, 1, 1544, 0);
INSERT INTO `comment_tag` VALUES (1570, 1, 1545, 0);
INSERT INTO `comment_tag` VALUES (1571, 5, 1545, 0);
INSERT INTO `comment_tag` VALUES (1572, 1, 1547, 0);
INSERT INTO `comment_tag` VALUES (1574, 4, 1547, 0);
INSERT INTO `comment_tag` VALUES (1575, 4, 1548, 0);
INSERT INTO `comment_tag` VALUES (1576, 2, 1549, 0);
INSERT INTO `comment_tag` VALUES (1577, 3, 1549, 0);
INSERT INTO `comment_tag` VALUES (1578, 1, 1549, 0);
INSERT INTO `comment_tag` VALUES (1580, 1, 1550, 0);
INSERT INTO `comment_tag` VALUES (1581, 5, 1562, 0);
INSERT INTO `comment_tag` VALUES (1583, 1, 1562, 0);
INSERT INTO `comment_tag` VALUES (1584, 2, 1567, 0);
INSERT INTO `comment_tag` VALUES (1585, 4, 1567, 0);
INSERT INTO `comment_tag` VALUES (1586, 1, 1569, 0);
INSERT INTO `comment_tag` VALUES (1587, 5, 1569, 0);
INSERT INTO `comment_tag` VALUES (1588, 4, 1569, 0);
INSERT INTO `comment_tag` VALUES (1589, 3, 1569, 0);
INSERT INTO `comment_tag` VALUES (1590, 4, 1579, 0);
INSERT INTO `comment_tag` VALUES (1591, 1, 1579, 0);
INSERT INTO `comment_tag` VALUES (1592, 1, 1581, 0);
INSERT INTO `comment_tag` VALUES (1593, 3, 1581, 0);
INSERT INTO `comment_tag` VALUES (1594, 5, 1581, 0);
INSERT INTO `comment_tag` VALUES (1596, 2, 1583, 0);
INSERT INTO `comment_tag` VALUES (1597, 2, 1585, 0);
INSERT INTO `comment_tag` VALUES (1598, 1, 1588, 0);
INSERT INTO `comment_tag` VALUES (1599, 3, 1588, 0);
INSERT INTO `comment_tag` VALUES (1600, 3, 1593, 0);
INSERT INTO `comment_tag` VALUES (1602, 4, 1594, 0);
INSERT INTO `comment_tag` VALUES (1603, 3, 1594, 0);
INSERT INTO `comment_tag` VALUES (1606, 2, 1598, 0);
INSERT INTO `comment_tag` VALUES (1607, 4, 1598, 0);
INSERT INTO `comment_tag` VALUES (1608, 1, 1598, 0);
INSERT INTO `comment_tag` VALUES (1610, 4, 1601, 0);
INSERT INTO `comment_tag` VALUES (1611, 5, 1601, 0);
INSERT INTO `comment_tag` VALUES (1612, 2, 1601, 0);
INSERT INTO `comment_tag` VALUES (1613, 5, 1602, 0);
INSERT INTO `comment_tag` VALUES (1614, 2, 1602, 0);
INSERT INTO `comment_tag` VALUES (1615, 3, 1602, 0);
INSERT INTO `comment_tag` VALUES (1616, 5, 1615, 0);
INSERT INTO `comment_tag` VALUES (1617, 2, 1615, 0);
INSERT INTO `comment_tag` VALUES (1618, 3, 1618, 0);
INSERT INTO `comment_tag` VALUES (1619, 5, 1618, 0);
INSERT INTO `comment_tag` VALUES (1620, 1, 1618, 0);
INSERT INTO `comment_tag` VALUES (1621, 4, 1618, 0);
INSERT INTO `comment_tag` VALUES (1622, 3, 1621, 0);
INSERT INTO `comment_tag` VALUES (1623, 1, 1622, 0);
INSERT INTO `comment_tag` VALUES (1624, 2, 1624, 0);
INSERT INTO `comment_tag` VALUES (1625, 1, 1624, 0);
INSERT INTO `comment_tag` VALUES (1626, 3, 1624, 0);
INSERT INTO `comment_tag` VALUES (1627, 1, 1625, 0);
INSERT INTO `comment_tag` VALUES (1628, 4, 1634, 0);
INSERT INTO `comment_tag` VALUES (1629, 3, 1634, 0);
INSERT INTO `comment_tag` VALUES (1631, 2, 1634, 0);
INSERT INTO `comment_tag` VALUES (1632, 2, 1639, 0);
INSERT INTO `comment_tag` VALUES (1633, 5, 1642, 0);
INSERT INTO `comment_tag` VALUES (1636, 3, 1645, 0);
INSERT INTO `comment_tag` VALUES (1637, 2, 1649, 0);
INSERT INTO `comment_tag` VALUES (1638, 4, 1649, 0);
INSERT INTO `comment_tag` VALUES (1639, 3, 1649, 0);
INSERT INTO `comment_tag` VALUES (1641, 2, 1650, 0);
INSERT INTO `comment_tag` VALUES (1642, 5, 1650, 0);
INSERT INTO `comment_tag` VALUES (1644, 1, 1650, 0);
INSERT INTO `comment_tag` VALUES (1645, 2, 1651, 0);
INSERT INTO `comment_tag` VALUES (1646, 1, 1651, 0);
INSERT INTO `comment_tag` VALUES (1647, 4, 1651, 0);
INSERT INTO `comment_tag` VALUES (1648, 1, 1652, 0);
INSERT INTO `comment_tag` VALUES (1649, 5, 1652, 0);
INSERT INTO `comment_tag` VALUES (1650, 4, 1656, 0);
INSERT INTO `comment_tag` VALUES (1651, 1, 1656, 0);
INSERT INTO `comment_tag` VALUES (1652, 5, 1656, 0);
INSERT INTO `comment_tag` VALUES (1653, 2, 1656, 0);
INSERT INTO `comment_tag` VALUES (1654, 2, 1657, 0);
INSERT INTO `comment_tag` VALUES (1656, 4, 1657, 0);
INSERT INTO `comment_tag` VALUES (1657, 1, 1657, 0);
INSERT INTO `comment_tag` VALUES (1658, 1, 1660, 0);
INSERT INTO `comment_tag` VALUES (1659, 1, 1662, 0);
INSERT INTO `comment_tag` VALUES (1660, 5, 1666, 0);
INSERT INTO `comment_tag` VALUES (1661, 2, 1666, 0);
INSERT INTO `comment_tag` VALUES (1662, 2, 1668, 0);
INSERT INTO `comment_tag` VALUES (1664, 3, 1668, 0);
INSERT INTO `comment_tag` VALUES (1665, 1, 1668, 0);
INSERT INTO `comment_tag` VALUES (1666, 3, 1670, 0);
INSERT INTO `comment_tag` VALUES (1667, 1, 1670, 0);
INSERT INTO `comment_tag` VALUES (1668, 5, 1671, 0);
INSERT INTO `comment_tag` VALUES (1669, 5, 1679, 0);
INSERT INTO `comment_tag` VALUES (1670, 4, 1679, 0);
INSERT INTO `comment_tag` VALUES (1671, 5, 1680, 0);
INSERT INTO `comment_tag` VALUES (1673, 3, 1680, 0);
INSERT INTO `comment_tag` VALUES (1675, 2, 1682, 0);
INSERT INTO `comment_tag` VALUES (1677, 4, 1691, 0);
INSERT INTO `comment_tag` VALUES (1678, 5, 1698, 0);
INSERT INTO `comment_tag` VALUES (1679, 2, 1698, 0);
INSERT INTO `comment_tag` VALUES (1680, 2, 1704, 0);
INSERT INTO `comment_tag` VALUES (1681, 3, 1706, 0);
INSERT INTO `comment_tag` VALUES (1682, 3, 1710, 0);
INSERT INTO `comment_tag` VALUES (1683, 1, 1710, 0);
INSERT INTO `comment_tag` VALUES (1684, 1, 1714, 0);
INSERT INTO `comment_tag` VALUES (1686, 2, 1714, 0);
INSERT INTO `comment_tag` VALUES (1687, 5, 1718, 0);
INSERT INTO `comment_tag` VALUES (1689, 1, 1726, 0);
INSERT INTO `comment_tag` VALUES (1690, 2, 1726, 0);
INSERT INTO `comment_tag` VALUES (1693, 5, 1727, 0);
INSERT INTO `comment_tag` VALUES (1694, 3, 1734, 0);
INSERT INTO `comment_tag` VALUES (1695, 5, 1734, 0);
INSERT INTO `comment_tag` VALUES (1696, 5, 1735, 0);
INSERT INTO `comment_tag` VALUES (1698, 2, 1735, 0);
INSERT INTO `comment_tag` VALUES (1699, 3, 1735, 0);
INSERT INTO `comment_tag` VALUES (1700, 1, 1737, 0);
INSERT INTO `comment_tag` VALUES (1701, 4, 1737, 0);
INSERT INTO `comment_tag` VALUES (1703, 3, 1737, 0);
INSERT INTO `comment_tag` VALUES (1704, 1, 1752, 0);
INSERT INTO `comment_tag` VALUES (1705, 3, 1752, 0);
INSERT INTO `comment_tag` VALUES (1706, 2, 1752, 0);
INSERT INTO `comment_tag` VALUES (1707, 3, 1760, 0);
INSERT INTO `comment_tag` VALUES (1708, 1, 1763, 0);
INSERT INTO `comment_tag` VALUES (1709, 5, 1763, 0);
INSERT INTO `comment_tag` VALUES (1710, 5, 1764, 0);
INSERT INTO `comment_tag` VALUES (1711, 3, 1764, 0);
INSERT INTO `comment_tag` VALUES (1712, 5, 1768, 0);
INSERT INTO `comment_tag` VALUES (1713, 1, 1768, 0);
INSERT INTO `comment_tag` VALUES (1714, 4, 1768, 0);
INSERT INTO `comment_tag` VALUES (1715, 1, 1770, 0);
INSERT INTO `comment_tag` VALUES (1716, 4, 1770, 0);
INSERT INTO `comment_tag` VALUES (1717, 5, 1770, 0);
INSERT INTO `comment_tag` VALUES (1718, 3, 1782, 0);
INSERT INTO `comment_tag` VALUES (1719, 2, 1782, 0);
INSERT INTO `comment_tag` VALUES (1720, 1, 1782, 0);
INSERT INTO `comment_tag` VALUES (1721, 2, 1785, 0);
INSERT INTO `comment_tag` VALUES (1722, 5, 1785, 0);
INSERT INTO `comment_tag` VALUES (1724, 4, 1786, 0);
INSERT INTO `comment_tag` VALUES (1725, 5, 1786, 0);
INSERT INTO `comment_tag` VALUES (1726, 3, 1796, 0);
INSERT INTO `comment_tag` VALUES (1727, 5, 1796, 0);
INSERT INTO `comment_tag` VALUES (1730, 4, 1797, 0);
INSERT INTO `comment_tag` VALUES (1731, 3, 1797, 0);
INSERT INTO `comment_tag` VALUES (1732, 1, 1797, 0);
INSERT INTO `comment_tag` VALUES (1733, 4, 1799, 0);
INSERT INTO `comment_tag` VALUES (1735, 3, 1799, 0);
INSERT INTO `comment_tag` VALUES (1736, 2, 1802, 0);
INSERT INTO `comment_tag` VALUES (1738, 5, 1802, 0);
INSERT INTO `comment_tag` VALUES (1740, 1, 1805, 0);
INSERT INTO `comment_tag` VALUES (1741, 3, 1805, 0);
INSERT INTO `comment_tag` VALUES (1742, 3, 1816, 0);
INSERT INTO `comment_tag` VALUES (1743, 4, 1816, 0);
INSERT INTO `comment_tag` VALUES (1744, 1, 1816, 0);
INSERT INTO `comment_tag` VALUES (1745, 2, 1817, 0);
INSERT INTO `comment_tag` VALUES (1746, 4, 1819, 0);
INSERT INTO `comment_tag` VALUES (1747, 3, 1819, 0);
INSERT INTO `comment_tag` VALUES (1748, 5, 1829, 0);
INSERT INTO `comment_tag` VALUES (1749, 4, 1829, 0);
INSERT INTO `comment_tag` VALUES (1750, 1, 1830, 0);
INSERT INTO `comment_tag` VALUES (1752, 5, 1832, 0);
INSERT INTO `comment_tag` VALUES (1753, 2, 1832, 0);
INSERT INTO `comment_tag` VALUES (1754, 4, 1832, 0);
INSERT INTO `comment_tag` VALUES (1755, 1, 1832, 0);
INSERT INTO `comment_tag` VALUES (1756, 1, 1836, 0);
INSERT INTO `comment_tag` VALUES (1757, 5, 1836, 0);
INSERT INTO `comment_tag` VALUES (1758, 4, 1836, 0);
INSERT INTO `comment_tag` VALUES (1760, 3, 1847, 0);
INSERT INTO `comment_tag` VALUES (1761, 4, 1847, 0);
INSERT INTO `comment_tag` VALUES (1762, 5, 1848, 0);
INSERT INTO `comment_tag` VALUES (1764, 3, 1849, 0);
INSERT INTO `comment_tag` VALUES (1765, 4, 1849, 0);
INSERT INTO `comment_tag` VALUES (1766, 5, 1852, 0);
INSERT INTO `comment_tag` VALUES (1767, 4, 1858, 0);
INSERT INTO `comment_tag` VALUES (1769, 2, 1858, 0);
INSERT INTO `comment_tag` VALUES (1771, 3, 1867, 0);
INSERT INTO `comment_tag` VALUES (1772, 5, 1867, 0);
INSERT INTO `comment_tag` VALUES (1773, 1, 1868, 0);
INSERT INTO `comment_tag` VALUES (1774, 2, 1868, 0);
INSERT INTO `comment_tag` VALUES (1775, 3, 1870, 0);
INSERT INTO `comment_tag` VALUES (1776, 5, 1878, 0);
INSERT INTO `comment_tag` VALUES (1777, 3, 1883, 0);
INSERT INTO `comment_tag` VALUES (1778, 1, 1883, 0);
INSERT INTO `comment_tag` VALUES (1779, 1, 1885, 0);
INSERT INTO `comment_tag` VALUES (1780, 2, 1885, 0);
INSERT INTO `comment_tag` VALUES (1781, 4, 1885, 0);
INSERT INTO `comment_tag` VALUES (1782, 4, 1886, 0);
INSERT INTO `comment_tag` VALUES (1783, 1, 1886, 0);
INSERT INTO `comment_tag` VALUES (1785, 2, 1886, 0);
INSERT INTO `comment_tag` VALUES (1786, 3, 1890, 0);
INSERT INTO `comment_tag` VALUES (1789, 4, 1896, 0);
INSERT INTO `comment_tag` VALUES (1790, 3, 1896, 0);
INSERT INTO `comment_tag` VALUES (1791, 2, 1896, 0);
INSERT INTO `comment_tag` VALUES (1792, 5, 1896, 0);
INSERT INTO `comment_tag` VALUES (1793, 5, 1899, 0);
INSERT INTO `comment_tag` VALUES (1794, 2, 1899, 0);
INSERT INTO `comment_tag` VALUES (1795, 3, 1901, 0);
INSERT INTO `comment_tag` VALUES (1796, 2, 1901, 0);
INSERT INTO `comment_tag` VALUES (1797, 4, 1912, 0);
INSERT INTO `comment_tag` VALUES (1798, 3, 1912, 0);
INSERT INTO `comment_tag` VALUES (1799, 5, 1915, 0);
INSERT INTO `comment_tag` VALUES (1800, 2, 1915, 0);
INSERT INTO `comment_tag` VALUES (1802, 2, 1920, 0);
INSERT INTO `comment_tag` VALUES (1803, 1, 1920, 0);
INSERT INTO `comment_tag` VALUES (1805, 5, 1920, 0);
INSERT INTO `comment_tag` VALUES (1806, 2, 1931, 0);
INSERT INTO `comment_tag` VALUES (1807, 5, 1933, 0);
INSERT INTO `comment_tag` VALUES (1808, 4, 1933, 0);
INSERT INTO `comment_tag` VALUES (1809, 4, 1936, 0);
INSERT INTO `comment_tag` VALUES (1810, 2, 1936, 0);
INSERT INTO `comment_tag` VALUES (1812, 1, 1936, 0);
INSERT INTO `comment_tag` VALUES (1813, 1, 1939, 0);
INSERT INTO `comment_tag` VALUES (1814, 2, 1939, 0);
INSERT INTO `comment_tag` VALUES (1815, 3, 1939, 0);
INSERT INTO `comment_tag` VALUES (1816, 4, 1939, 0);
INSERT INTO `comment_tag` VALUES (1817, 4, 1944, 0);
INSERT INTO `comment_tag` VALUES (1818, 3, 1944, 0);
INSERT INTO `comment_tag` VALUES (1819, 2, 1944, 0);
INSERT INTO `comment_tag` VALUES (1820, 3, 1947, 0);
INSERT INTO `comment_tag` VALUES (1822, 5, 1947, 0);
INSERT INTO `comment_tag` VALUES (1824, 3, 1959, 0);
INSERT INTO `comment_tag` VALUES (1825, 2, 1960, 0);
INSERT INTO `comment_tag` VALUES (1826, 5, 1962, 0);
INSERT INTO `comment_tag` VALUES (1827, 4, 1962, 0);
INSERT INTO `comment_tag` VALUES (1828, 1, 1962, 0);
INSERT INTO `comment_tag` VALUES (1829, 3, 1964, 0);
INSERT INTO `comment_tag` VALUES (1830, 1, 1970, 0);
INSERT INTO `comment_tag` VALUES (1831, 5, 1970, 0);
INSERT INTO `comment_tag` VALUES (1832, 3, 1970, 0);
INSERT INTO `comment_tag` VALUES (1834, 5, 1983, 0);
INSERT INTO `comment_tag` VALUES (1835, 3, 1983, 0);
INSERT INTO `comment_tag` VALUES (1838, 5, 1990, 0);
INSERT INTO `comment_tag` VALUES (1839, 2, 1995, 0);
INSERT INTO `comment_tag` VALUES (1840, 5, 1995, 0);
INSERT INTO `comment_tag` VALUES (1841, 1, 1996, 0);
INSERT INTO `comment_tag` VALUES (1842, 3, 1996, 0);
INSERT INTO `comment_tag` VALUES (1843, 4, 1998, 0);
INSERT INTO `comment_tag` VALUES (1844, 5, 1998, 0);
INSERT INTO `comment_tag` VALUES (1845, 3, 1998, 0);
INSERT INTO `comment_tag` VALUES (1846, 1, 1998, 0);
INSERT INTO `comment_tag` VALUES (1847, 3, 2005, 0);
INSERT INTO `comment_tag` VALUES (1848, 5, 2005, 0);
INSERT INTO `comment_tag` VALUES (1849, 1, 2005, 0);
INSERT INTO `comment_tag` VALUES (1850, 3, 2006, 0);
INSERT INTO `comment_tag` VALUES (1851, 4, 2006, 0);
INSERT INTO `comment_tag` VALUES (1852, 3, 2009, 0);
INSERT INTO `comment_tag` VALUES (1855, 3, 2012, 0);
INSERT INTO `comment_tag` VALUES (1856, 4, 2012, 0);
INSERT INTO `comment_tag` VALUES (1859, 5, 2014, 0);
INSERT INTO `comment_tag` VALUES (1860, 2, 2014, 0);
INSERT INTO `comment_tag` VALUES (1862, 5, 2015, 0);
INSERT INTO `comment_tag` VALUES (1863, 1, 2019, 0);
INSERT INTO `comment_tag` VALUES (1865, 5, 2019, 0);
INSERT INTO `comment_tag` VALUES (1867, 2, 2020, 0);
INSERT INTO `comment_tag` VALUES (1868, 5, 2024, 0);
INSERT INTO `comment_tag` VALUES (1869, 4, 2024, 0);
INSERT INTO `comment_tag` VALUES (1870, 2, 2027, 0);
INSERT INTO `comment_tag` VALUES (1871, 3, 2030, 0);
INSERT INTO `comment_tag` VALUES (1872, 1, 2030, 0);
INSERT INTO `comment_tag` VALUES (1873, 2, 2034, 0);
INSERT INTO `comment_tag` VALUES (1874, 5, 2034, 0);
INSERT INTO `comment_tag` VALUES (1875, 3, 2034, 0);
INSERT INTO `comment_tag` VALUES (1877, 4, 2035, 0);
INSERT INTO `comment_tag` VALUES (1878, 3, 2035, 0);
INSERT INTO `comment_tag` VALUES (1880, 3, 2037, 0);
INSERT INTO `comment_tag` VALUES (1881, 1, 2043, 0);
INSERT INTO `comment_tag` VALUES (1882, 5, 2043, 0);
INSERT INTO `comment_tag` VALUES (1883, 3, 2045, 0);
INSERT INTO `comment_tag` VALUES (1884, 2, 2046, 0);
INSERT INTO `comment_tag` VALUES (1885, 4, 2046, 0);
INSERT INTO `comment_tag` VALUES (1888, 2, 2048, 0);
INSERT INTO `comment_tag` VALUES (1889, 4, 2048, 0);
INSERT INTO `comment_tag` VALUES (1890, 3, 2048, 0);
INSERT INTO `comment_tag` VALUES (1892, 1, 2049, 0);
INSERT INTO `comment_tag` VALUES (1893, 1, 2050, 0);
INSERT INTO `comment_tag` VALUES (1895, 3, 2052, 0);
INSERT INTO `comment_tag` VALUES (1896, 3, 2056, 0);
INSERT INTO `comment_tag` VALUES (1897, 2, 2062, 0);
INSERT INTO `comment_tag` VALUES (1898, 4, 2062, 0);
INSERT INTO `comment_tag` VALUES (1899, 5, 2062, 0);
INSERT INTO `comment_tag` VALUES (1900, 5, 2064, 0);
INSERT INTO `comment_tag` VALUES (1901, 1, 2064, 0);
INSERT INTO `comment_tag` VALUES (1902, 3, 2070, 0);
INSERT INTO `comment_tag` VALUES (1903, 5, 2070, 0);
INSERT INTO `comment_tag` VALUES (1906, 2, 2076, 0);
INSERT INTO `comment_tag` VALUES (1907, 3, 2076, 0);
INSERT INTO `comment_tag` VALUES (1909, 3, 2077, 0);
INSERT INTO `comment_tag` VALUES (1910, 4, 2077, 0);
INSERT INTO `comment_tag` VALUES (1911, 2, 2077, 0);
INSERT INTO `comment_tag` VALUES (1913, 5, 2081, 0);
INSERT INTO `comment_tag` VALUES (1914, 1, 2081, 0);
INSERT INTO `comment_tag` VALUES (1915, 3, 2081, 0);
INSERT INTO `comment_tag` VALUES (1917, 3, 2083, 0);
INSERT INTO `comment_tag` VALUES (1918, 1, 2083, 0);
INSERT INTO `comment_tag` VALUES (1920, 2, 2083, 0);
INSERT INTO `comment_tag` VALUES (1921, 5, 2086, 0);
INSERT INTO `comment_tag` VALUES (1922, 1, 2086, 0);
INSERT INTO `comment_tag` VALUES (1923, 3, 2090, 0);
INSERT INTO `comment_tag` VALUES (1924, 4, 2090, 0);
INSERT INTO `comment_tag` VALUES (1925, 2, 2090, 0);
INSERT INTO `comment_tag` VALUES (1926, 5, 2091, 0);
INSERT INTO `comment_tag` VALUES (1927, 4, 2091, 0);
INSERT INTO `comment_tag` VALUES (1928, 1, 2093, 0);
INSERT INTO `comment_tag` VALUES (1929, 5, 2093, 0);
INSERT INTO `comment_tag` VALUES (1930, 4, 2094, 0);
INSERT INTO `comment_tag` VALUES (1931, 1, 2098, 0);
INSERT INTO `comment_tag` VALUES (1932, 2, 2100, 0);
INSERT INTO `comment_tag` VALUES (1933, 3, 2104, 0);
INSERT INTO `comment_tag` VALUES (1934, 5, 2110, 0);
INSERT INTO `comment_tag` VALUES (1935, 1, 2111, 0);
INSERT INTO `comment_tag` VALUES (1936, 2, 2112, 0);
INSERT INTO `comment_tag` VALUES (1937, 5, 2117, 0);
INSERT INTO `comment_tag` VALUES (1938, 5, 2119, 0);
INSERT INTO `comment_tag` VALUES (1939, 4, 2119, 0);
INSERT INTO `comment_tag` VALUES (1940, 3, 2121, 0);
INSERT INTO `comment_tag` VALUES (1941, 1, 2121, 0);
INSERT INTO `comment_tag` VALUES (1942, 5, 2121, 0);
INSERT INTO `comment_tag` VALUES (1943, 3, 2123, 0);
INSERT INTO `comment_tag` VALUES (1944, 4, 2123, 0);
INSERT INTO `comment_tag` VALUES (1945, 3, 2124, 0);
INSERT INTO `comment_tag` VALUES (1946, 3, 2130, 0);
INSERT INTO `comment_tag` VALUES (1947, 1, 2132, 0);
INSERT INTO `comment_tag` VALUES (1948, 5, 2143, 0);
INSERT INTO `comment_tag` VALUES (1949, 4, 2143, 0);
INSERT INTO `comment_tag` VALUES (1951, 3, 2148, 0);
INSERT INTO `comment_tag` VALUES (1952, 2, 2152, 0);
INSERT INTO `comment_tag` VALUES (1953, 3, 2161, 0);
INSERT INTO `comment_tag` VALUES (1954, 5, 2161, 0);
INSERT INTO `comment_tag` VALUES (1955, 3, 2163, 0);
INSERT INTO `comment_tag` VALUES (1956, 4, 2167, 0);
INSERT INTO `comment_tag` VALUES (1957, 4, 2168, 0);
INSERT INTO `comment_tag` VALUES (1958, 1, 2168, 0);
INSERT INTO `comment_tag` VALUES (1959, 3, 2168, 0);
INSERT INTO `comment_tag` VALUES (1960, 1, 2172, 0);
INSERT INTO `comment_tag` VALUES (1961, 4, 2172, 0);
INSERT INTO `comment_tag` VALUES (1962, 2, 2174, 0);
INSERT INTO `comment_tag` VALUES (1963, 5, 2174, 0);
INSERT INTO `comment_tag` VALUES (1964, 2, 2175, 0);
INSERT INTO `comment_tag` VALUES (1965, 5, 2175, 0);
INSERT INTO `comment_tag` VALUES (1967, 5, 2176, 0);
INSERT INTO `comment_tag` VALUES (1968, 5, 2179, 0);
INSERT INTO `comment_tag` VALUES (1969, 4, 2180, 0);
INSERT INTO `comment_tag` VALUES (1970, 2, 2180, 0);
INSERT INTO `comment_tag` VALUES (1972, 4, 2181, 0);
INSERT INTO `comment_tag` VALUES (1973, 5, 2181, 0);
INSERT INTO `comment_tag` VALUES (1974, 2, 2181, 0);
INSERT INTO `comment_tag` VALUES (1975, 1, 2187, 0);
INSERT INTO `comment_tag` VALUES (1976, 2, 2187, 0);
INSERT INTO `comment_tag` VALUES (1977, 2, 2188, 0);
INSERT INTO `comment_tag` VALUES (1978, 3, 2188, 0);
INSERT INTO `comment_tag` VALUES (1980, 1, 2190, 0);
INSERT INTO `comment_tag` VALUES (1981, 3, 2190, 0);
INSERT INTO `comment_tag` VALUES (1982, 2, 2193, 0);
INSERT INTO `comment_tag` VALUES (1983, 1, 2193, 0);
INSERT INTO `comment_tag` VALUES (1984, 5, 2194, 0);
INSERT INTO `comment_tag` VALUES (1985, 3, 2194, 0);
INSERT INTO `comment_tag` VALUES (1986, 4, 2194, 0);
INSERT INTO `comment_tag` VALUES (1987, 3, 2201, 0);
INSERT INTO `comment_tag` VALUES (1988, 2, 2201, 0);
INSERT INTO `comment_tag` VALUES (1989, 4, 2201, 0);
INSERT INTO `comment_tag` VALUES (1990, 2, 2205, 0);
INSERT INTO `comment_tag` VALUES (1991, 4, 2206, 0);
INSERT INTO `comment_tag` VALUES (1992, 1, 2206, 0);
INSERT INTO `comment_tag` VALUES (1993, 5, 2207, 0);
INSERT INTO `comment_tag` VALUES (1994, 2, 2207, 0);
INSERT INTO `comment_tag` VALUES (1996, 4, 2207, 0);
INSERT INTO `comment_tag` VALUES (1997, 1, 2210, 0);
INSERT INTO `comment_tag` VALUES (1998, 5, 2212, 0);
INSERT INTO `comment_tag` VALUES (2000, 1, 2212, 0);
INSERT INTO `comment_tag` VALUES (2001, 2, 2213, 0);
INSERT INTO `comment_tag` VALUES (2002, 2, 2215, 0);
INSERT INTO `comment_tag` VALUES (2003, 5, 2216, 0);
INSERT INTO `comment_tag` VALUES (2004, 2, 2218, 0);
INSERT INTO `comment_tag` VALUES (2005, 1, 2222, 0);
INSERT INTO `comment_tag` VALUES (2006, 5, 2222, 0);
INSERT INTO `comment_tag` VALUES (2008, 2, 2222, 0);
INSERT INTO `comment_tag` VALUES (2009, 3, 2225, 0);
INSERT INTO `comment_tag` VALUES (2010, 2, 2227, 0);
INSERT INTO `comment_tag` VALUES (2011, 3, 2227, 0);
INSERT INTO `comment_tag` VALUES (2012, 5, 2227, 0);
INSERT INTO `comment_tag` VALUES (2013, 3, 2228, 0);
INSERT INTO `comment_tag` VALUES (2014, 4, 2229, 0);
INSERT INTO `comment_tag` VALUES (2015, 3, 2231, 0);
INSERT INTO `comment_tag` VALUES (2016, 5, 2231, 0);
INSERT INTO `comment_tag` VALUES (2017, 2, 2231, 0);
INSERT INTO `comment_tag` VALUES (2018, 4, 2232, 0);
INSERT INTO `comment_tag` VALUES (2019, 5, 2232, 0);
INSERT INTO `comment_tag` VALUES (2020, 3, 2232, 0);
INSERT INTO `comment_tag` VALUES (2021, 5, 2241, 0);
INSERT INTO `comment_tag` VALUES (2022, 1, 2241, 0);
INSERT INTO `comment_tag` VALUES (2023, 5, 2242, 0);
INSERT INTO `comment_tag` VALUES (2024, 1, 2242, 0);
INSERT INTO `comment_tag` VALUES (2027, 3, 2247, 0);
INSERT INTO `comment_tag` VALUES (2029, 4, 2247, 0);
INSERT INTO `comment_tag` VALUES (2030, 1, 2249, 0);
INSERT INTO `comment_tag` VALUES (2032, 3, 2249, 0);
INSERT INTO `comment_tag` VALUES (2033, 5, 2249, 0);
INSERT INTO `comment_tag` VALUES (2034, 5, 2250, 0);
INSERT INTO `comment_tag` VALUES (2035, 2, 2251, 0);
INSERT INTO `comment_tag` VALUES (2037, 1, 2254, 0);
INSERT INTO `comment_tag` VALUES (2040, 3, 2255, 0);
INSERT INTO `comment_tag` VALUES (2042, 3, 2256, 0);
INSERT INTO `comment_tag` VALUES (2044, 4, 2256, 0);
INSERT INTO `comment_tag` VALUES (2046, 1, 2261, 0);
INSERT INTO `comment_tag` VALUES (2047, 5, 2263, 0);
INSERT INTO `comment_tag` VALUES (2048, 3, 2267, 0);
INSERT INTO `comment_tag` VALUES (2049, 1, 2268, 0);
INSERT INTO `comment_tag` VALUES (2050, 5, 2275, 0);
INSERT INTO `comment_tag` VALUES (2052, 3, 2275, 0);
INSERT INTO `comment_tag` VALUES (2053, 2, 2275, 0);
INSERT INTO `comment_tag` VALUES (2054, 4, 2277, 0);
INSERT INTO `comment_tag` VALUES (2055, 5, 2277, 0);
INSERT INTO `comment_tag` VALUES (2056, 2, 2279, 0);
INSERT INTO `comment_tag` VALUES (2057, 4, 2279, 0);
INSERT INTO `comment_tag` VALUES (2058, 3, 2279, 0);
INSERT INTO `comment_tag` VALUES (2059, 5, 2279, 0);
INSERT INTO `comment_tag` VALUES (2060, 1, 2280, 0);
INSERT INTO `comment_tag` VALUES (2061, 3, 2284, 0);
INSERT INTO `comment_tag` VALUES (2062, 1, 2284, 0);
INSERT INTO `comment_tag` VALUES (2063, 4, 2284, 0);
INSERT INTO `comment_tag` VALUES (2065, 2, 2290, 0);
INSERT INTO `comment_tag` VALUES (2066, 3, 2294, 0);
INSERT INTO `comment_tag` VALUES (2068, 4, 2294, 0);
INSERT INTO `comment_tag` VALUES (2070, 1, 2296, 0);
INSERT INTO `comment_tag` VALUES (2071, 5, 2298, 0);
INSERT INTO `comment_tag` VALUES (2072, 5, 2306, 0);
INSERT INTO `comment_tag` VALUES (2073, 4, 2307, 0);
INSERT INTO `comment_tag` VALUES (2074, 2, 2307, 0);
INSERT INTO `comment_tag` VALUES (2075, 1, 2307, 0);
INSERT INTO `comment_tag` VALUES (2076, 3, 2308, 0);
INSERT INTO `comment_tag` VALUES (2078, 2, 2308, 0);
INSERT INTO `comment_tag` VALUES (2080, 5, 2312, 0);
INSERT INTO `comment_tag` VALUES (2081, 1, 2312, 0);
INSERT INTO `comment_tag` VALUES (2082, 3, 2312, 0);
INSERT INTO `comment_tag` VALUES (2083, 2, 2312, 0);
INSERT INTO `comment_tag` VALUES (2084, 5, 2314, 0);
INSERT INTO `comment_tag` VALUES (2085, 4, 2316, 0);
INSERT INTO `comment_tag` VALUES (2086, 2, 2319, 0);
INSERT INTO `comment_tag` VALUES (2088, 5, 2319, 0);
INSERT INTO `comment_tag` VALUES (2089, 1, 2320, 0);
INSERT INTO `comment_tag` VALUES (2090, 2, 2322, 0);
INSERT INTO `comment_tag` VALUES (2091, 3, 2322, 0);
INSERT INTO `comment_tag` VALUES (2092, 2, 2327, 0);
INSERT INTO `comment_tag` VALUES (2093, 2, 2332, 0);
INSERT INTO `comment_tag` VALUES (2094, 5, 2335, 0);
INSERT INTO `comment_tag` VALUES (2095, 4, 2335, 0);
INSERT INTO `comment_tag` VALUES (2096, 2, 2339, 0);
INSERT INTO `comment_tag` VALUES (2097, 3, 2341, 0);
INSERT INTO `comment_tag` VALUES (2098, 2, 2341, 0);
INSERT INTO `comment_tag` VALUES (2100, 1, 2343, 0);
INSERT INTO `comment_tag` VALUES (2102, 4, 2343, 0);
INSERT INTO `comment_tag` VALUES (2104, 4, 2344, 0);
INSERT INTO `comment_tag` VALUES (2105, 3, 2344, 0);
INSERT INTO `comment_tag` VALUES (2108, 3, 2346, 0);
INSERT INTO `comment_tag` VALUES (2109, 5, 2346, 0);
INSERT INTO `comment_tag` VALUES (2110, 1, 2346, 0);
INSERT INTO `comment_tag` VALUES (2112, 1, 2348, 0);
INSERT INTO `comment_tag` VALUES (2113, 3, 2348, 0);
INSERT INTO `comment_tag` VALUES (2114, 5, 2348, 0);
INSERT INTO `comment_tag` VALUES (2116, 4, 2349, 0);
INSERT INTO `comment_tag` VALUES (2117, 3, 2349, 0);
INSERT INTO `comment_tag` VALUES (2119, 3, 2351, 0);
INSERT INTO `comment_tag` VALUES (2120, 5, 2352, 0);
INSERT INTO `comment_tag` VALUES (2121, 2, 2352, 0);
INSERT INTO `comment_tag` VALUES (2122, 1, 2352, 0);
INSERT INTO `comment_tag` VALUES (2123, 4, 2352, 0);
INSERT INTO `comment_tag` VALUES (2124, 5, 2353, 0);
INSERT INTO `comment_tag` VALUES (2125, 2, 2353, 0);
INSERT INTO `comment_tag` VALUES (2126, 1, 2354, 0);
INSERT INTO `comment_tag` VALUES (2127, 2, 2356, 0);
INSERT INTO `comment_tag` VALUES (2128, 3, 2356, 0);
INSERT INTO `comment_tag` VALUES (2129, 4, 2359, 0);
INSERT INTO `comment_tag` VALUES (2130, 3, 2359, 0);
INSERT INTO `comment_tag` VALUES (2131, 5, 2359, 0);
INSERT INTO `comment_tag` VALUES (2133, 3, 2360, 0);
INSERT INTO `comment_tag` VALUES (2134, 4, 2360, 0);
INSERT INTO `comment_tag` VALUES (2135, 2, 2362, 0);
INSERT INTO `comment_tag` VALUES (2136, 3, 2363, 0);
INSERT INTO `comment_tag` VALUES (2138, 1, 2363, 0);
INSERT INTO `comment_tag` VALUES (2139, 1, 2371, 0);
INSERT INTO `comment_tag` VALUES (2140, 5, 2371, 0);
INSERT INTO `comment_tag` VALUES (2141, 2, 2375, 0);
INSERT INTO `comment_tag` VALUES (2142, 4, 2376, 0);
INSERT INTO `comment_tag` VALUES (2143, 1, 2376, 0);
INSERT INTO `comment_tag` VALUES (2144, 2, 2376, 0);
INSERT INTO `comment_tag` VALUES (2145, 3, 2376, 0);
INSERT INTO `comment_tag` VALUES (2146, 5, 2377, 0);
INSERT INTO `comment_tag` VALUES (2147, 4, 2381, 0);
INSERT INTO `comment_tag` VALUES (2149, 1, 2381, 0);
INSERT INTO `comment_tag` VALUES (2150, 1, 2383, 0);
INSERT INTO `comment_tag` VALUES (2151, 2, 2383, 0);
INSERT INTO `comment_tag` VALUES (2152, 4, 2383, 0);
INSERT INTO `comment_tag` VALUES (2153, 3, 2383, 0);
INSERT INTO `comment_tag` VALUES (2154, 2, 2384, 0);
INSERT INTO `comment_tag` VALUES (2156, 1, 2384, 0);
INSERT INTO `comment_tag` VALUES (2157, 1, 2385, 0);
INSERT INTO `comment_tag` VALUES (2158, 5, 2386, 0);
INSERT INTO `comment_tag` VALUES (2159, 4, 2386, 0);
INSERT INTO `comment_tag` VALUES (2160, 2, 2386, 0);
INSERT INTO `comment_tag` VALUES (2161, 1, 2389, 0);
INSERT INTO `comment_tag` VALUES (2162, 2, 2389, 0);
INSERT INTO `comment_tag` VALUES (2163, 5, 2394, 0);
INSERT INTO `comment_tag` VALUES (2164, 3, 2394, 0);
INSERT INTO `comment_tag` VALUES (2167, 2, 2396, 0);
INSERT INTO `comment_tag` VALUES (2168, 1, 2396, 0);
INSERT INTO `comment_tag` VALUES (2169, 2, 2397, 0);
INSERT INTO `comment_tag` VALUES (2170, 3, 2397, 0);
INSERT INTO `comment_tag` VALUES (2171, 1, 2399, 0);
INSERT INTO `comment_tag` VALUES (2172, 3, 2399, 0);
INSERT INTO `comment_tag` VALUES (2173, 5, 2401, 0);
INSERT INTO `comment_tag` VALUES (2174, 2, 2408, 0);
INSERT INTO `comment_tag` VALUES (2175, 3, 2408, 0);
INSERT INTO `comment_tag` VALUES (2177, 3, 2410, 0);
INSERT INTO `comment_tag` VALUES (2178, 3, 2412, 0);
INSERT INTO `comment_tag` VALUES (2180, 1, 2412, 0);
INSERT INTO `comment_tag` VALUES (2181, 4, 2415, 0);
INSERT INTO `comment_tag` VALUES (2182, 1, 2415, 0);
INSERT INTO `comment_tag` VALUES (2183, 3, 2415, 0);
INSERT INTO `comment_tag` VALUES (2184, 5, 2417, 0);
INSERT INTO `comment_tag` VALUES (2185, 3, 2417, 0);
INSERT INTO `comment_tag` VALUES (2186, 4, 2417, 0);
INSERT INTO `comment_tag` VALUES (2187, 1, 2417, 0);
INSERT INTO `comment_tag` VALUES (2188, 5, 2418, 0);
INSERT INTO `comment_tag` VALUES (2189, 2, 2420, 0);
INSERT INTO `comment_tag` VALUES (2190, 5, 2420, 0);
INSERT INTO `comment_tag` VALUES (2191, 3, 2420, 0);
INSERT INTO `comment_tag` VALUES (2193, 2, 2424, 0);
INSERT INTO `comment_tag` VALUES (2194, 1, 2424, 0);
INSERT INTO `comment_tag` VALUES (2195, 4, 2426, 0);
INSERT INTO `comment_tag` VALUES (2196, 5, 2426, 0);
INSERT INTO `comment_tag` VALUES (2197, 3, 2426, 0);
INSERT INTO `comment_tag` VALUES (2198, 1, 2426, 0);
INSERT INTO `comment_tag` VALUES (2199, 4, 2428, 0);
INSERT INTO `comment_tag` VALUES (2200, 4, 2429, 0);
INSERT INTO `comment_tag` VALUES (2201, 5, 2429, 0);
INSERT INTO `comment_tag` VALUES (2202, 5, 2431, 0);
INSERT INTO `comment_tag` VALUES (2203, 2, 2436, 0);
INSERT INTO `comment_tag` VALUES (2204, 5, 2436, 0);
INSERT INTO `comment_tag` VALUES (2205, 5, 2439, 0);
INSERT INTO `comment_tag` VALUES (2206, 3, 2439, 0);
INSERT INTO `comment_tag` VALUES (2207, 2, 2439, 0);
INSERT INTO `comment_tag` VALUES (2208, 2, 2440, 0);
INSERT INTO `comment_tag` VALUES (2210, 1, 2440, 0);
INSERT INTO `comment_tag` VALUES (2212, 1, 2449, 0);
INSERT INTO `comment_tag` VALUES (2213, 2, 2449, 0);
INSERT INTO `comment_tag` VALUES (2214, 3, 2449, 0);
INSERT INTO `comment_tag` VALUES (2215, 4, 2449, 0);
INSERT INTO `comment_tag` VALUES (2216, 1, 2450, 0);
INSERT INTO `comment_tag` VALUES (2217, 2, 2452, 0);
INSERT INTO `comment_tag` VALUES (2218, 1, 2452, 0);
INSERT INTO `comment_tag` VALUES (2220, 5, 2452, 0);
INSERT INTO `comment_tag` VALUES (2221, 1, 2457, 0);
INSERT INTO `comment_tag` VALUES (2222, 5, 2457, 0);
INSERT INTO `comment_tag` VALUES (2223, 2, 2459, 0);
INSERT INTO `comment_tag` VALUES (2224, 5, 2459, 0);
INSERT INTO `comment_tag` VALUES (2225, 1, 2459, 0);
INSERT INTO `comment_tag` VALUES (2226, 3, 2464, 0);
INSERT INTO `comment_tag` VALUES (2227, 1, 2464, 0);
INSERT INTO `comment_tag` VALUES (2228, 5, 2464, 0);
INSERT INTO `comment_tag` VALUES (2230, 5, 2467, 0);
INSERT INTO `comment_tag` VALUES (2231, 4, 2467, 0);
INSERT INTO `comment_tag` VALUES (2232, 4, 2471, 0);
INSERT INTO `comment_tag` VALUES (2233, 5, 2473, 0);
INSERT INTO `comment_tag` VALUES (2234, 4, 2473, 0);
INSERT INTO `comment_tag` VALUES (2235, 2, 2473, 0);
INSERT INTO `comment_tag` VALUES (2236, 5, 2477, 0);
INSERT INTO `comment_tag` VALUES (2237, 4, 2477, 0);
INSERT INTO `comment_tag` VALUES (2238, 1, 2477, 0);
INSERT INTO `comment_tag` VALUES (2239, 2, 2479, 0);
INSERT INTO `comment_tag` VALUES (2240, 1, 2479, 0);
INSERT INTO `comment_tag` VALUES (2241, 4, 2479, 0);
INSERT INTO `comment_tag` VALUES (2242, 5, 2479, 0);
INSERT INTO `comment_tag` VALUES (2243, 2, 2481, 0);
INSERT INTO `comment_tag` VALUES (2244, 3, 2483, 0);
INSERT INTO `comment_tag` VALUES (2245, 1, 2483, 0);
INSERT INTO `comment_tag` VALUES (2247, 2, 2486, 0);
INSERT INTO `comment_tag` VALUES (2248, 5, 2486, 0);
INSERT INTO `comment_tag` VALUES (2249, 3, 2486, 0);
INSERT INTO `comment_tag` VALUES (2250, 5, 2489, 0);
INSERT INTO `comment_tag` VALUES (2252, 2, 2489, 0);
INSERT INTO `comment_tag` VALUES (2254, 3, 2490, 0);
INSERT INTO `comment_tag` VALUES (2256, 5, 2490, 0);
INSERT INTO `comment_tag` VALUES (2257, 2, 2490, 0);
INSERT INTO `comment_tag` VALUES (2258, 1, 2497, 0);
INSERT INTO `comment_tag` VALUES (2260, 5, 2497, 0);
INSERT INTO `comment_tag` VALUES (2262, 2, 2499, 0);
INSERT INTO `comment_tag` VALUES (2265, 2, 2500, 0);
INSERT INTO `comment_tag` VALUES (2266, 1, 2507, 0);
INSERT INTO `comment_tag` VALUES (2267, 3, 2507, 0);
INSERT INTO `comment_tag` VALUES (2268, 4, 2507, 0);
INSERT INTO `comment_tag` VALUES (2269, 2, 2507, 0);
INSERT INTO `comment_tag` VALUES (2270, 5, 2509, 0);
INSERT INTO `comment_tag` VALUES (2271, 1, 2509, 0);
INSERT INTO `comment_tag` VALUES (2272, 2, 2512, 0);
INSERT INTO `comment_tag` VALUES (2273, 3, 2514, 0);
INSERT INTO `comment_tag` VALUES (2274, 1, 2514, 0);
INSERT INTO `comment_tag` VALUES (2275, 1, 2517, 0);
INSERT INTO `comment_tag` VALUES (2276, 4, 2517, 0);
INSERT INTO `comment_tag` VALUES (2277, 2, 2522, 0);
INSERT INTO `comment_tag` VALUES (2279, 5, 2522, 0);
INSERT INTO `comment_tag` VALUES (2280, 4, 2522, 0);
INSERT INTO `comment_tag` VALUES (2281, 2, 2525, 0);
INSERT INTO `comment_tag` VALUES (2282, 3, 2526, 0);
INSERT INTO `comment_tag` VALUES (2283, 4, 2526, 0);
INSERT INTO `comment_tag` VALUES (2284, 5, 2527, 0);
INSERT INTO `comment_tag` VALUES (2286, 2, 2529, 0);
INSERT INTO `comment_tag` VALUES (2287, 1, 2529, 0);
INSERT INTO `comment_tag` VALUES (2288, 4, 2529, 0);
INSERT INTO `comment_tag` VALUES (2290, 4, 2530, 0);
INSERT INTO `comment_tag` VALUES (2291, 1, 2530, 0);
INSERT INTO `comment_tag` VALUES (2292, 2, 2530, 0);
INSERT INTO `comment_tag` VALUES (2294, 3, 2532, 0);
INSERT INTO `comment_tag` VALUES (2295, 5, 2532, 0);
INSERT INTO `comment_tag` VALUES (2296, 4, 2532, 0);
INSERT INTO `comment_tag` VALUES (2298, 3, 2534, 0);
INSERT INTO `comment_tag` VALUES (2299, 1, 2536, 0);
INSERT INTO `comment_tag` VALUES (2300, 2, 2536, 0);
INSERT INTO `comment_tag` VALUES (2302, 3, 2536, 0);
INSERT INTO `comment_tag` VALUES (2303, 5, 2537, 0);
INSERT INTO `comment_tag` VALUES (2304, 2, 2537, 0);
INSERT INTO `comment_tag` VALUES (2305, 3, 2537, 0);
INSERT INTO `comment_tag` VALUES (2306, 3, 2538, 0);
INSERT INTO `comment_tag` VALUES (2307, 3, 2547, 0);
INSERT INTO `comment_tag` VALUES (2309, 3, 2548, 0);
INSERT INTO `comment_tag` VALUES (2310, 2, 2548, 0);
INSERT INTO `comment_tag` VALUES (2311, 5, 2548, 0);
INSERT INTO `comment_tag` VALUES (2312, 1, 2549, 0);
INSERT INTO `comment_tag` VALUES (2313, 5, 2555, 0);
INSERT INTO `comment_tag` VALUES (2314, 1, 2555, 0);
INSERT INTO `comment_tag` VALUES (2315, 2, 2558, 0);
INSERT INTO `comment_tag` VALUES (2316, 3, 2558, 0);
INSERT INTO `comment_tag` VALUES (2317, 5, 2558, 0);
INSERT INTO `comment_tag` VALUES (2318, 3, 2561, 0);
INSERT INTO `comment_tag` VALUES (2319, 1, 2561, 0);
INSERT INTO `comment_tag` VALUES (2320, 2, 2561, 0);
INSERT INTO `comment_tag` VALUES (2322, 1, 2566, 0);
INSERT INTO `comment_tag` VALUES (2324, 2, 2569, 0);
INSERT INTO `comment_tag` VALUES (2325, 4, 2576, 0);
INSERT INTO `comment_tag` VALUES (2327, 2, 2576, 0);
INSERT INTO `comment_tag` VALUES (2329, 4, 2580, 0);
INSERT INTO `comment_tag` VALUES (2330, 5, 2581, 0);
INSERT INTO `comment_tag` VALUES (2332, 3, 2581, 0);
INSERT INTO `comment_tag` VALUES (2333, 5, 2582, 0);
INSERT INTO `comment_tag` VALUES (2334, 2, 2583, 0);
INSERT INTO `comment_tag` VALUES (2335, 1, 2583, 0);
INSERT INTO `comment_tag` VALUES (2336, 3, 2583, 0);
INSERT INTO `comment_tag` VALUES (2337, 5, 2583, 0);
INSERT INTO `comment_tag` VALUES (2338, 5, 2589, 0);
INSERT INTO `comment_tag` VALUES (2339, 3, 2589, 0);
INSERT INTO `comment_tag` VALUES (2340, 4, 2589, 0);
INSERT INTO `comment_tag` VALUES (2342, 4, 2591, 0);
INSERT INTO `comment_tag` VALUES (2343, 2, 2591, 0);
INSERT INTO `comment_tag` VALUES (2344, 1, 2593, 0);
INSERT INTO `comment_tag` VALUES (2345, 5, 2593, 0);
INSERT INTO `comment_tag` VALUES (2347, 2, 2594, 0);
INSERT INTO `comment_tag` VALUES (2348, 3, 2596, 0);
INSERT INTO `comment_tag` VALUES (2349, 5, 2596, 0);
INSERT INTO `comment_tag` VALUES (2350, 1, 2596, 0);
INSERT INTO `comment_tag` VALUES (2351, 4, 2596, 0);
INSERT INTO `comment_tag` VALUES (2352, 3, 2597, 0);
INSERT INTO `comment_tag` VALUES (2353, 5, 2597, 0);
INSERT INTO `comment_tag` VALUES (2354, 4, 2597, 0);
INSERT INTO `comment_tag` VALUES (2356, 5, 2612, 0);
INSERT INTO `comment_tag` VALUES (2357, 3, 2612, 0);
INSERT INTO `comment_tag` VALUES (2358, 4, 2612, 0);
INSERT INTO `comment_tag` VALUES (2360, 4, 2613, 0);
INSERT INTO `comment_tag` VALUES (2361, 1, 2614, 0);
INSERT INTO `comment_tag` VALUES (2362, 4, 2615, 0);
INSERT INTO `comment_tag` VALUES (2363, 1, 2615, 0);
INSERT INTO `comment_tag` VALUES (2364, 2, 2615, 0);
INSERT INTO `comment_tag` VALUES (2365, 1, 2618, 0);
INSERT INTO `comment_tag` VALUES (2368, 5, 2618, 0);
INSERT INTO `comment_tag` VALUES (2369, 4, 2622, 0);
INSERT INTO `comment_tag` VALUES (2370, 5, 2628, 0);
INSERT INTO `comment_tag` VALUES (2371, 2, 2628, 0);
INSERT INTO `comment_tag` VALUES (2372, 1, 2628, 0);
INSERT INTO `comment_tag` VALUES (2373, 3, 2629, 0);
INSERT INTO `comment_tag` VALUES (2374, 2, 2629, 0);
INSERT INTO `comment_tag` VALUES (2375, 1, 2629, 0);
INSERT INTO `comment_tag` VALUES (2376, 2, 2632, 0);
INSERT INTO `comment_tag` VALUES (2377, 5, 2632, 0);
INSERT INTO `comment_tag` VALUES (2378, 3, 2632, 0);
INSERT INTO `comment_tag` VALUES (2380, 3, 2636, 0);
INSERT INTO `comment_tag` VALUES (2381, 2, 2636, 0);
INSERT INTO `comment_tag` VALUES (2383, 2, 2637, 0);
INSERT INTO `comment_tag` VALUES (2384, 5, 2637, 0);
INSERT INTO `comment_tag` VALUES (2387, 5, 2644, 0);
INSERT INTO `comment_tag` VALUES (2389, 1, 2644, 0);
INSERT INTO `comment_tag` VALUES (2390, 2, 2644, 0);
INSERT INTO `comment_tag` VALUES (2391, 2, 2645, 0);
INSERT INTO `comment_tag` VALUES (2392, 5, 2645, 0);
INSERT INTO `comment_tag` VALUES (2393, 1, 2645, 0);
INSERT INTO `comment_tag` VALUES (2394, 3, 2649, 0);
INSERT INTO `comment_tag` VALUES (2395, 5, 2649, 0);
INSERT INTO `comment_tag` VALUES (2396, 4, 2654, 0);
INSERT INTO `comment_tag` VALUES (2397, 3, 2654, 0);
INSERT INTO `comment_tag` VALUES (2398, 3, 2655, 0);
INSERT INTO `comment_tag` VALUES (2399, 4, 2655, 0);
INSERT INTO `comment_tag` VALUES (2401, 4, 2659, 0);
INSERT INTO `comment_tag` VALUES (2402, 2, 2666, 0);
INSERT INTO `comment_tag` VALUES (2404, 3, 2666, 0);
INSERT INTO `comment_tag` VALUES (2405, 5, 2666, 0);
INSERT INTO `comment_tag` VALUES (2406, 4, 2667, 0);
INSERT INTO `comment_tag` VALUES (2407, 3, 2667, 0);
INSERT INTO `comment_tag` VALUES (2409, 2, 2667, 0);
INSERT INTO `comment_tag` VALUES (2410, 4, 2669, 0);
INSERT INTO `comment_tag` VALUES (2411, 1, 2669, 0);
INSERT INTO `comment_tag` VALUES (2412, 5, 2670, 0);
INSERT INTO `comment_tag` VALUES (2413, 4, 2670, 0);
INSERT INTO `comment_tag` VALUES (2414, 1, 2671, 0);
INSERT INTO `comment_tag` VALUES (2415, 2, 2672, 0);
INSERT INTO `comment_tag` VALUES (2416, 5, 2672, 0);
INSERT INTO `comment_tag` VALUES (2417, 4, 2672, 0);
INSERT INTO `comment_tag` VALUES (2418, 3, 2672, 0);
INSERT INTO `comment_tag` VALUES (2419, 5, 2673, 0);
INSERT INTO `comment_tag` VALUES (2420, 3, 2675, 0);
INSERT INTO `comment_tag` VALUES (2422, 1, 2675, 0);
INSERT INTO `comment_tag` VALUES (2423, 5, 2675, 0);
INSERT INTO `comment_tag` VALUES (2424, 1, 2677, 0);
INSERT INTO `comment_tag` VALUES (2425, 3, 2677, 0);
INSERT INTO `comment_tag` VALUES (2426, 2, 2677, 0);
INSERT INTO `comment_tag` VALUES (2427, 3, 2678, 0);
INSERT INTO `comment_tag` VALUES (2428, 2, 2678, 0);
INSERT INTO `comment_tag` VALUES (2429, 1, 2678, 0);
INSERT INTO `comment_tag` VALUES (2430, 5, 2683, 0);
INSERT INTO `comment_tag` VALUES (2431, 3, 2683, 0);
INSERT INTO `comment_tag` VALUES (2432, 2, 2684, 0);
INSERT INTO `comment_tag` VALUES (2434, 5, 2688, 0);
INSERT INTO `comment_tag` VALUES (2435, 1, 2691, 0);
INSERT INTO `comment_tag` VALUES (2436, 4, 2699, 0);
INSERT INTO `comment_tag` VALUES (2437, 3, 2706, 0);
INSERT INTO `comment_tag` VALUES (2438, 4, 2706, 0);
INSERT INTO `comment_tag` VALUES (2439, 1, 2706, 0);
INSERT INTO `comment_tag` VALUES (2440, 3, 2708, 0);
INSERT INTO `comment_tag` VALUES (2441, 1, 2708, 0);
INSERT INTO `comment_tag` VALUES (2442, 1, 2712, 0);
INSERT INTO `comment_tag` VALUES (2443, 2, 2712, 0);
INSERT INTO `comment_tag` VALUES (2445, 5, 2713, 0);
INSERT INTO `comment_tag` VALUES (2447, 1, 2713, 0);
INSERT INTO `comment_tag` VALUES (2448, 3, 2713, 0);
INSERT INTO `comment_tag` VALUES (2449, 2, 2716, 0);
INSERT INTO `comment_tag` VALUES (2450, 4, 2719, 0);
INSERT INTO `comment_tag` VALUES (2451, 3, 2719, 0);
INSERT INTO `comment_tag` VALUES (2453, 3, 2721, 0);
INSERT INTO `comment_tag` VALUES (2455, 5, 2725, 0);
INSERT INTO `comment_tag` VALUES (2457, 3, 2729, 0);
INSERT INTO `comment_tag` VALUES (2458, 4, 2729, 0);
INSERT INTO `comment_tag` VALUES (2459, 2, 2729, 0);
INSERT INTO `comment_tag` VALUES (2460, 1, 2729, 0);

-- ----------------------------
-- Table structure for course
-- ----------------------------
DROP TABLE IF EXISTS `course`;
CREATE TABLE `course`  (
  `id` int(11) NOT NULL AUTO_INCREMENT,
  `CourseCode` varchar(255) CHARACTER SET utf8 COLLATE utf8_general_ci NULL DEFAULT NULL COMMENT '课程编号',
  `CourseName` varchar(255) CHARACTER SET utf8 COLLATE utf8_general_ci NULL DEFAULT NULL,
  `TeacherID` int(11) NULL DEFAULT NULL,
  `StudentNumber` int(11) NULL DEFAULT NULL COMMENT '课程人数',
  `StartWeek` int(11) NULL DEFAULT NULL,
  `EndWeek` int(11) NULL DEFAULT NULL,
  `IsSingleWeek` int(11) NULL DEFAULT 0 COMMENT '单双周标记：0 is 常规课程，1 is 单周课程，2 is 双周课程',
  `Credit` double(11, 1) NULL DEFAULT 0.0 COMMENT '学分数',
  `ExaminingForm` int(11) NULL DEFAULT 0 COMMENT '考试方式：0 is 闭卷考试，1 is 开卷考试，2 is 论文结课，3 is 其他',
  `CollegeID` int(11) NULL DEFAULT NULL COMMENT '开课学院ID',
  `MajorID` int(11) NULL DEFAULT NULL COMMENT '所属专业ID，若为空则为所属学院的任意专业',
  `Level` varchar(255) CHARACTER SET utf8 COLLATE utf8_general_ci NULL DEFAULT NULL COMMENT '对应ABCDE类课',
  `HasMidExam` int(11) NULL DEFAULT 0 COMMENT '是否有期中考试 0=没有 1=有',
  `FinalExamWeight` int(11) NULL DEFAULT NULL,
  `MidExamWeight` int(11) NULL DEFAULT NULL,
  `PassingCourse` int(11) NULL DEFAULT 0 COMMENT '是否是通过制 0=否 1=是 默认0',
  `DeleteStatus` int(11) NOT NULL DEFAULT 0 COMMENT '删除位：0 is 正常，1 is 已删除',
  PRIMARY KEY (`id`) USING BTREE,
  INDEX `TeacherID`(`TeacherID`) USING BTREE,
  INDEX `CollegeID`(`CollegeID`) USING BTREE,
  INDEX `MajorID`(`MajorID`) USING BTREE,
  INDEX `LevelID`(`Level`) USING BTREE,
  CONSTRAINT `course_ibfk_1` FOREIGN KEY (`TeacherID`) REFERENCES `teacher` (`id`) ON DELETE CASCADE ON UPDATE CASCADE,
  CONSTRAINT `course_ibfk_2` FOREIGN KEY (`CollegeID`) REFERENCES `college` (`id`) ON DELETE CASCADE ON UPDATE CASCADE,
  CONSTRAINT `course_ibfk_3` FOREIGN KEY (`MajorID`) REFERENCES `major` (`id`) ON DELETE CASCADE ON UPDATE CASCADE
) ENGINE = InnoDB AUTO_INCREMENT = 648 CHARACTER SET = utf8 COLLATE = utf8_general_ci ROW_FORMAT = Compact;

-- ----------------------------
-- Records of course
-- ----------------------------
INSERT INTO `course` VALUES (1, 'test', NULL, 126, NULL, NULL, NULL, 0, 1.0, 3, 5, 15, 'D', 1, 50, 30, 0, 0);
INSERT INTO `course` VALUES (2, 'tses', NULL, 176, NULL, NULL, NULL, 0, 0.0, 0, 5, 15, 'A', 0, 50, 0, 0, 0);
INSERT INTO `course` VALUES (3, 'tes', NULL, 50, NULL, NULL, NULL, 0, 3.0, 2, 6, 6, 'D', 0, 20, 40, 0, 0);
INSERT INTO `course` VALUES (4, 'se', NULL, 93, NULL, NULL, NULL, 0, 1.0, 1, 2, 21, 'C', 0, 50, 30, 0, 0);
INSERT INTO `course` VALUES (5, 'es', NULL, 238, NULL, NULL, NULL, 0, 3.0, 0, 2, 19, 'E', 1, 0, 30, 0, 0);
INSERT INTO `course` VALUES (6, 'es', NULL, 186, NULL, NULL, NULL, 0, 1.0, 2, 1, 4, 'A', 1, 20, 0, 0, 0);
INSERT INTO `course` VALUES (7, 'es', NULL, 67, NULL, NULL, NULL, 0, 0.0, 3, 5, 11, 'D', 1, 20, 20, 0, 0);
INSERT INTO `course` VALUES (8, 'etes', NULL, 229, NULL, NULL, NULL, 0, 1.0, 3, 6, 6, 'A', 1, 30, 20, 0, 0);
INSERT INTO `course` VALUES (9, '0001', '中华国学', 16, 150, 1, 16, 0, 3.0, 0, 3, 17, 'A', 1, 40, 30, 0, 0);
INSERT INTO `course` VALUES (10, '0002', '现代商务文案策划', 4, 40, 1, 16, 1, 3.0, 2, 1, 2, 'C', 1, 30, 0, 0, 0);
INSERT INTO `course` VALUES (11, '0003', '现代商务文案策划', 230, 40, 1, 16, 0, 5.0, 3, 3, 16, 'A', 0, 20, 10, 0, 0);
INSERT INTO `course` VALUES (39, '0051', '基础生命科学导论实验', 180, 30, 1, 16, 0, 1.0, 0, 1, 3, 'C', 1, 0, 10, 0, 0);
INSERT INTO `course` VALUES (40, '0052', '基础生命科学导论实验', 212, 30, 1, 16, 0, 4.0, 0, 6, 7, 'A', 0, 40, 40, 0, 0);
INSERT INTO `course` VALUES (41, '0053', '哲学专题系列讲座', 68, 0, 1, 16, 1, 2.0, 3, 6, 7, 'B', 0, 40, 30, 0, 0);
INSERT INTO `course` VALUES (42, '0054', '急救与灾难应变', 69, 40, 1, 16, 0, 5.0, 2, 3, 16, 'D', 0, 0, 30, 0, 0);
INSERT INTO `course` VALUES (43, '0055', '急救与灾难应变', 130, 40, 1, 16, 0, 1.0, 2, 2, 21, 'E', 0, 20, 30, 0, 0);
INSERT INTO `course` VALUES (44, '0056', '急救与灾难应变', 5, 40, 1, 16, 0, 2.0, 2, 1, 3, 'C', 1, 0, 10, 0, 0);
INSERT INTO `course` VALUES (45, '0057', '急救与灾难应变', 86, 40, 1, 16, 0, 2.0, 1, 3, 18, 'C', 1, 50, 30, 0, 0);
INSERT INTO `course` VALUES (46, '0058', '用英语讲中国文化（英）', 39, 50, 1, 16, 0, 2.0, 3, 5, 12, 'E', 0, 30, 30, 0, 0);
INSERT INTO `course` VALUES (47, '0059', '英语国家文化', 127, 50, 1, 16, 0, 4.0, 1, 3, 18, 'B', 1, 40, 10, 0, 0);
INSERT INTO `course` VALUES (48, '0060', '歌剧艺术', 98, 60, 9, 16, 0, 3.0, 3, 1, 2, 'E', 0, 10, 20, 0, 0);
INSERT INTO `course` VALUES (49, '0061', '思辩式英文写作', 206, 35, 1, 16, 0, 0.0, 3, 1, 4, 'B', 1, 40, 20, 0, 0);
INSERT INTO `course` VALUES (50, '0062', '典型环境事件与对策', 84, 50, 1, 8, 0, 0.0, 1, 6, 5, 'E', 1, 0, 40, 0, 0);
INSERT INTO `course` VALUES (51, '0063', '典型环境事件与对策', 129, 50, 1, 8, 0, 3.0, 2, 3, 16, 'B', 1, 20, 10, 0, 0);
INSERT INTO `course` VALUES (52, '0064', '形体训练与中国民族民间舞', 103, 30, 1, 16, 0, 5.0, 1, 5, 11, 'B', 1, 20, 0, 0, 0);
INSERT INTO `course` VALUES (53, '0065', '音乐基础知识与视唱', 37, 50, 1, 16, 0, 5.0, 3, 2, 21, 'D', 1, 20, 20, 0, 0);
INSERT INTO `course` VALUES (54, '0066', '音乐基础知识与视唱', 129, 50, 1, 16, 0, 1.0, 2, 5, 12, 'A', 0, 50, 20, 0, 0);
INSERT INTO `course` VALUES (55, '0067', '逻辑学概论', 245, 60, 1, 16, 0, 2.0, 0, 5, 11, 'B', 1, 60, 20, 0, 0);
INSERT INTO `course` VALUES (56, '0068', '逻辑学概论', 190, 60, 1, 16, 0, 2.0, 0, 3, 17, 'B', 0, 30, 0, 0, 0);
INSERT INTO `course` VALUES (57, '0069', '欧美文学', 176, 200, 1, 16, 0, 4.0, 2, 5, 15, 'C', 0, 20, 20, 0, 0);
INSERT INTO `course` VALUES (58, '0070', '欧美文学', 226, 150, 1, 16, 1, 1.0, 2, 2, 21, 'B', 1, 20, 20, 0, 0);
INSERT INTO `course` VALUES (59, '0071', '重要疾病的病因及防治', 156, 60, 1, 16, 0, 4.0, 0, 5, 13, 'D', 1, 10, 0, 0, 0);
INSERT INTO `course` VALUES (60, '0072', '重要疾病的病因及防治', 129, 60, 1, 16, 0, 4.0, 0, 5, 12, 'E', 1, 10, 20, 0, 0);
INSERT INTO `course` VALUES (153, '0385', '基础英语Ⅰ B', 116, 45, 1, 16, 1, 0.0, 2, 5, 15, 'D', 0, 50, 0, 0, 0);
INSERT INTO `course` VALUES (154, '0386', '基础英语Ⅰ B', 168, 45, 1, 16, 0, 4.0, 2, 5, 11, 'E', 1, 40, 10, 0, 0);
INSERT INTO `course` VALUES (179, '0431', '语言、文化及交流2-1', 8, 35, 1, 16, 0, 0.0, 1, 2, 22, 'B', 0, 50, 40, 0, 0);
INSERT INTO `course` VALUES (191, '0443', '学术英语写作', 203, 43, 1, 17, 0, 4.0, 3, 5, 13, 'B', 1, 50, 20, 0, 0);
INSERT INTO `course` VALUES (192, '0444', '学术英语写作', 76, 35, 1, 17, 0, 3.0, 2, 6, 10, 'D', 1, 10, 40, 0, 0);
INSERT INTO `course` VALUES (208, '0460', '超越文化——中西文化概览', 98, 35, 1, 17, 0, 3.0, 1, 2, 22, 'C', 0, 50, 30, 0, 0);
INSERT INTO `course` VALUES (209, '0461', '超越文化——中西文化概览', 84, 35, 1, 17, 0, 3.0, 2, 2, 19, 'A', 0, 40, 40, 0, 0);
INSERT INTO `course` VALUES (210, '0462', '英语修辞与思维方式', 226, 43, 1, 17, 0, 3.0, 1, 1, 2, 'E', 0, 0, 30, 0, 0);
INSERT INTO `course` VALUES (211, '0463', '英语修辞与思维方式', 118, 43, 1, 17, 0, 0.0, 2, 5, 14, 'E', 1, 60, 30, 0, 0);
INSERT INTO `course` VALUES (212, '0464', '英语修辞与思维方式', 112, 35, 1, 17, 0, 4.0, 3, 5, 12, 'E', 1, 50, 20, 0, 0);
INSERT INTO `course` VALUES (213, '0465', '英语修辞与思维方式', 192, 35, 1, 17, 0, 0.0, 2, 2, 19, 'D', 0, 30, 40, 0, 0);
INSERT INTO `course` VALUES (214, '0466', '英汉语言意识与翻译', 228, 43, 1, 17, 0, 2.0, 0, 5, 12, 'E', 0, 50, 20, 0, 0);
INSERT INTO `course` VALUES (215, '0467', '英汉语言意识与翻译', 246, 43, 1, 17, 0, 2.0, 1, 6, 7, 'C', 0, 40, 10, 0, 0);
INSERT INTO `course` VALUES (216, '0468', '英汉语言意识与翻译', 216, 35, 1, 17, 0, 3.0, 3, 6, 9, 'E', 1, 10, 10, 0, 0);
INSERT INTO `course` VALUES (217, '0469', '英汉语言意识与翻译', 35, 35, 1, 17, 0, 3.0, 3, 3, 18, 'B', 0, 10, 20, 0, 0);
INSERT INTO `course` VALUES (218, '0470', '英语语言与文化', 104, 0, 1, 17, 0, 2.0, 2, 3, 18, 'C', 1, 30, 40, 0, 0);
INSERT INTO `course` VALUES (219, '0471', '英语语言与文化', 163, 0, 1, 17, 0, 5.0, 1, 1, 4, 'D', 0, 60, 10, 0, 0);
INSERT INTO `course` VALUES (220, '0472', '中国近现代史纲要专题', 76, 100, 1, 17, 0, 4.0, 3, 2, 20, 'E', 1, 0, 10, 0, 0);
INSERT INTO `course` VALUES (221, '0473', '中国近现代史纲要专题', 228, 100, 1, 17, 0, 0.0, 3, 5, 12, 'A', 0, 20, 40, 0, 0);
INSERT INTO `course` VALUES (222, '0474', '思想道德修养与法律基础专题', 3, 0, 2, 17, 1, 5.0, 1, 5, 15, 'A', 1, 50, 20, 0, 0);
INSERT INTO `course` VALUES (223, '0475', '思想道德修养与法律基础专题', 133, 100, 2, 17, 0, 2.0, 2, 6, 9, 'D', 1, 20, 0, 0, 0);
INSERT INTO `course` VALUES (224, '0476', '大学生思想道德修养', 79, 60, 2, 17, 0, 5.0, 0, 3, 17, 'C', 0, 40, 30, 0, 0);
INSERT INTO `course` VALUES (225, '0477', '大学生思想道德修养', 6, 120, 2, 17, 0, 1.0, 0, 3, 18, 'A', 1, 30, 40, 0, 0);
INSERT INTO `course` VALUES (226, '0478', '中国近现代史纲要', 73, 200, 1, 17, 0, 2.0, 2, 2, 20, 'E', 1, 10, 0, 0, 0);
INSERT INTO `course` VALUES (227, '0479', '中国近现代史纲要', 205, 200, 1, 17, 0, 3.0, 3, 3, 17, 'C', 0, 10, 30, 0, 0);
INSERT INTO `course` VALUES (256, '0508', '中国近现代史纲要', 123, 200, 1, 17, 0, 4.0, 0, 3, 16, 'E', 1, 20, 30, 0, 0);
INSERT INTO `course` VALUES (257, '0509', '思想道德修养与法律基础', 74, 110, 2, 17, 0, 0.0, 1, 2, 8, 'D', 1, 50, 40, 0, 0);
INSERT INTO `course` VALUES (258, '0530', '思想道德修养与法律基础', 146, 110, 2, 17, 0, 1.0, 1, 1, 3, 'B', 1, 40, 10, 0, 0);
INSERT INTO `course` VALUES (259, '0531', '思想道德修养与法律基础', 117, 200, 2, 17, 0, 2.0, 1, 3, 16, 'C', 1, 0, 10, 0, 0);
INSERT INTO `course` VALUES (260, '0532', '思想道德修养与法律基础', 11, 0, 2, 17, 0, 4.0, 0, 3, 17, 'E', 1, 20, 30, 0, 0);
INSERT INTO `course` VALUES (261, '0533', '思想道德修养与法律基础', 168, 110, 1, 16, 0, 1.0, 0, 3, 18, 'E', 1, 50, 20, 0, 0);
INSERT INTO `course` VALUES (262, '0534', '思想道德修养与法律基础', 234, 200, 2, 17, 0, 3.0, 3, 2, 19, 'B', 1, 10, 0, 0, 0);
INSERT INTO `course` VALUES (263, '0535', '认识实习', 13, 60, 1, 17, 0, 2.0, 3, 6, 5, 'E', 0, 0, 10, 0, 0);
INSERT INTO `course` VALUES (264, '0536', '仿真实习', 155, 60, 1, 17, 1, 1.0, 3, 6, 6, 'A', 1, 10, 10, 0, 0);
INSERT INTO `course` VALUES (265, '0537', '膜科学与技术', 5, 60, 1, 17, 0, 5.0, 1, 2, 23, 'B', 0, 20, 30, 0, 0);
INSERT INTO `course` VALUES (266, '0538', '高分子化学', 4, 0, 1, 17, 0, 1.0, 1, 6, 9, 'B', 1, 40, 40, 0, 0);
INSERT INTO `course` VALUES (267, '0539', '综合化学化工实验（2）', 214, 60, 1, 17, 0, 1.0, 3, 5, 14, 'D', 1, 30, 20, 0, 0);
INSERT INTO `course` VALUES (268, '0540', '化工机械基础', 222, 60, 1, 17, 0, 4.0, 0, 3, 18, 'E', 0, 30, 20, 0, 0);
INSERT INTO `course` VALUES (269, '0541', '化工热力学', 245, 60, 1, 17, 0, 2.0, 3, 5, 12, 'D', 0, 50, 30, 0, 0);
INSERT INTO `course` VALUES (270, '0542', '化工传质与分离过程课程设计', 207, 60, 1, 17, 0, 5.0, 0, 6, 5, 'B', 0, 40, 10, 0, 0);
INSERT INTO `course` VALUES (271, '0543', '能源化工基础', 235, 60, 1, 17, 1, 2.0, 0, 3, 18, 'E', 0, 50, 20, 0, 0);
INSERT INTO `course` VALUES (272, '0544', '线性代数', 114, 70, 1, 17, 0, 1.0, 3, 5, 15, 'C', 0, 50, 30, 0, 0);
INSERT INTO `course` VALUES (273, '0545', '生物化学', 145, 60, 1, 17, 0, 1.0, 2, 6, 5, 'E', 0, 0, 40, 0, 0);
INSERT INTO `course` VALUES (274, '0546', '化工设计', 88, 60, 1, 17, 0, 2.0, 1, 6, 5, 'C', 1, 30, 40, 0, 0);
INSERT INTO `course` VALUES (275, '0547', '化工传质与分离过程', 161, 60, 1, 17, 0, 2.0, 1, 6, 9, 'B', 1, 10, 0, 0, 0);
INSERT INTO `course` VALUES (276, '0548', '管理概论', 40, 60, 1, 17, 0, 1.0, 2, 6, 6, 'A', 1, 40, 20, 0, 0);
INSERT INTO `course` VALUES (277, '0549', '成本会计（MA1）', 134, 80, 1, 17, 0, 2.0, 1, 3, 18, 'E', 0, 50, 40, 0, 0);
INSERT INTO `course` VALUES (278, '0550', '管理会计（MA2）', 69, 90, 1, 17, 0, 5.0, 1, 2, 20, 'A', 1, 0, 10, 0, 0);
INSERT INTO `course` VALUES (279, '0551', '领导学', 106, 80, 1, 17, 0, 4.0, 2, 5, 13, 'B', 0, 20, 30, 0, 0);
INSERT INTO `course` VALUES (280, '0552', '资产评估', 14, 80, 1, 17, 0, 2.0, 1, 2, 22, 'A', 0, 30, 10, 0, 0);
INSERT INTO `course` VALUES (281, '0553', '信息经济学', 114, 50, 1, 17, 0, 5.0, 2, 2, 8, 'B', 0, 20, 10, 0, 0);
INSERT INTO `course` VALUES (282, '0554', '运筹学Ⅱ', 97, 50, 1, 17, 0, 4.0, 2, 1, 2, 'E', 0, 60, 40, 0, 0);
INSERT INTO `course` VALUES (283, '0555', '商务谈判', 187, 40, 1, 17, 0, 2.0, 3, 2, 21, 'E', 0, 20, 10, 0, 0);
INSERT INTO `course` VALUES (284, '0556', '程序设计2-1', 98, 50, 1, 17, 0, 1.0, 0, 5, 13, 'A', 1, 20, 40, 0, 0);
INSERT INTO `course` VALUES (285, '0557', '程序设计2-1', 154, 50, 1, 17, 0, 1.0, 3, 3, 17, 'A', 0, 0, 30, 0, 0);
INSERT INTO `course` VALUES (286, '0558', '国际筹资与投资', 28, 80, 1, 17, 0, 5.0, 0, 6, 5, 'A', 1, 0, 10, 0, 0);
INSERT INTO `course` VALUES (287, '0559', '网络经济学', 23, 50, 1, 17, 0, 2.0, 0, 5, 11, 'D', 0, 60, 10, 0, 0);
INSERT INTO `course` VALUES (288, '0560', '计量金融学', 58, 60, 1, 17, 0, 5.0, 3, 1, 2, 'C', 0, 50, 20, 0, 0);
INSERT INTO `course` VALUES (289, '0561', '人力资源管理专业英语', 30, 55, 1, 17, 0, 4.0, 0, 2, 20, 'C', 1, 30, 40, 0, 0);
INSERT INTO `course` VALUES (290, '0562', '计算机基础及办公自动化', NULL, 100, 2, 17, 1, 4.0, 3, 5, 15, 'E', 0, 40, 30, 0, 0);
INSERT INTO `course` VALUES (291, '0563', '组织行为学', 217, 150, 1, 17, 0, 1.0, 0, 6, 9, 'E', 0, 50, 0, 0, 0);
INSERT INTO `course` VALUES (292, '0564', '组织行为学', 158, 120, 1, 17, 0, 5.0, 1, 6, 10, 'D', 0, 10, 40, 0, 0);
INSERT INTO `course` VALUES (314, '0586', '成本会计', 164, 80, 1, 17, 0, 4.0, 1, 2, 8, 'B', 1, 30, 0, 0, 0);
INSERT INTO `course` VALUES (315, '0587', '物流与供应链管理（全英文）', 191, 70, 1, 12, 0, 2.0, 2, 6, 5, 'C', 1, 30, 40, 0, 0);
INSERT INTO `course` VALUES (316, '0588', '人力资源管理', 25, 60, 1, 17, 0, 4.0, 0, 6, 9, 'C', 0, 40, 20, 0, 0);
INSERT INTO `course` VALUES (317, '0589', '创新管理', 13, 70, 1, 17, 0, 0.0, 2, 1, 4, 'C', 1, 0, 20, 0, 0);
INSERT INTO `course` VALUES (318, '0590', '数字档案馆', 56, 50, 1, 17, 0, 4.0, 0, 6, 6, 'A', 1, 40, 0, 0, 0);
INSERT INTO `course` VALUES (319, '0591', '财务管理信息系统', 92, 70, 1, 17, 1, 5.0, 0, 6, 9, 'A', 1, 10, 0, 0, 0);
INSERT INTO `course` VALUES (320, '0592', '招募与甄选', 241, 60, 1, 17, 0, 2.0, 1, 3, 16, 'B', 1, 0, 0, 0, 0);
INSERT INTO `course` VALUES (321, '0593', '企业税务与筹划', 29, 75, 1, 17, 0, 5.0, 0, 3, 16, 'C', 1, 10, 40, 0, 0);
INSERT INTO `course` VALUES (322, '0594', '市场调查', 9, 40, 1, 17, 0, 4.0, 3, 1, 4, 'C', 0, 50, 20, 0, 0);
INSERT INTO `course` VALUES (323, '0595', '计算机网络与通信技术', 29, 55, 1, 17, 0, 4.0, 3, 6, 10, 'D', 0, 0, 30, 0, 0);
INSERT INTO `course` VALUES (324, '0596', '会计英语', 134, 80, 1, 17, 0, 4.0, 3, 3, 16, 'B', 1, 20, 10, 0, 0);
INSERT INTO `course` VALUES (325, '0597', '计算机会计', 215, 70, 1, 17, 0, 2.0, 1, 3, 17, 'C', 1, 60, 10, 0, 0);
INSERT INTO `course` VALUES (326, '0598', '学习型组织与团队建设', 34, 80, 1, 17, 0, 3.0, 2, 2, 20, 'C', 1, 40, 0, 0, 0);
INSERT INTO `course` VALUES (327, '0599', '劳动关系', 49, 60, 1, 17, 0, 4.0, 1, 1, 4, 'D', 0, 20, 30, 0, 0);
INSERT INTO `course` VALUES (328, '0600', '职业生涯管理', 167, 110, 1, 17, 0, 1.0, 2, 2, 8, 'D', 0, 10, 20, 0, 0);
INSERT INTO `course` VALUES (329, '0601', '质量管理', 162, 70, 1, 17, 0, 3.0, 1, 2, 8, 'C', 1, 0, 0, 0, 0);
INSERT INTO `course` VALUES (330, '0602', '内部审计与风险管理', 13, 90, 1, 17, 0, 1.0, 1, 3, 17, 'E', 0, 40, 20, 0, 0);
INSERT INTO `course` VALUES (331, '0603', '会计职业道德', 170, 80, 1, 17, 0, 1.0, 2, 1, 2, 'D', 0, 30, 20, 0, 0);
INSERT INTO `course` VALUES (332, '0604', '产业经济学', 176, 70, 1, 17, 0, 2.0, 3, 2, 8, 'D', 0, 60, 20, 0, 0);
INSERT INTO `course` VALUES (333, '0605', '高级财务管理（FN2）', 53, 30, 1, 17, 0, 2.0, 2, 2, 20, 'D', 0, 0, 0, 0, 0);
INSERT INTO `course` VALUES (334, '0606', '社群信息学', 65, 50, 1, 17, 0, 1.0, 3, 2, 23, 'B', 0, 30, 40, 0, 0);
INSERT INTO `course` VALUES (335, '0607', '高级审计学（AU2）', 120, 30, 1, 17, 0, 3.0, 2, 3, 16, 'B', 0, 20, 20, 0, 0);
INSERT INTO `course` VALUES (336, '0608', '信息检索', 150, 50, 1, 17, 0, 2.0, 0, 6, 7, 'E', 0, 0, 30, 0, 0);
INSERT INTO `course` VALUES (337, '0609', '图书情报与档案管理研究方法', 242, 50, 1, 17, 0, 2.0, 3, 2, 19, 'C', 1, 40, 20, 0, 0);
INSERT INTO `course` VALUES (338, '0630', '投资学', 249, 75, 1, 17, 0, 3.0, 1, 1, 2, 'C', 0, 60, 40, 0, 0);
INSERT INTO `course` VALUES (339, '0631', '财务报表分析', 8, 200, 1, 17, 0, 0.0, 1, 2, 8, 'A', 0, 0, 20, 0, 0);
INSERT INTO `course` VALUES (340, '0632', '博弈论', 149, 50, 1, 17, 0, 3.0, 2, 1, 4, 'D', 1, 10, 0, 0, 0);
INSERT INTO `course` VALUES (341, '0633', '财务管理', 54, 80, 1, 17, 0, 5.0, 3, 3, 16, 'C', 0, 50, 40, 0, 0);
INSERT INTO `course` VALUES (342, '0634', '财务管理', 248, 80, 1, 17, 0, 3.0, 3, 2, 23, 'E', 1, 20, 30, 0, 0);
INSERT INTO `course` VALUES (343, '0635', '管理会计', 102, 100, 1, 17, 0, 3.0, 2, 5, 11, 'D', 0, 30, 20, 0, 0);
INSERT INTO `course` VALUES (344, '0636', '概率论与数理统计', 84, 200, 1, 17, 0, 0.0, 0, 2, 19, 'D', 1, 10, 20, 0, 0);
INSERT INTO `course` VALUES (345, '0637', '概率论与数理统计', 204, 200, 1, 17, 0, 4.0, 1, 2, 8, 'B', 0, 20, 20, 0, 0);
INSERT INTO `course` VALUES (346, '0638', '概率论与数理统计', 214, 100, 1, 17, 0, 3.0, 2, 6, 7, 'D', 0, 40, 30, 0, 0);
INSERT INTO `course` VALUES (347, '0639', '工业工程基础', 104, 30, 1, 17, 0, 5.0, 0, 2, 8, 'E', 1, 20, 0, 0, 0);
INSERT INTO `course` VALUES (348, '0640', '财务会计（上）（FA2）', 216, 80, 1, 17, 0, 2.0, 3, 6, 5, 'B', 1, 60, 10, 0, 0);
INSERT INTO `course` VALUES (349, '0641', '信息构建', 90, 50, 1, 8, 0, 3.0, 3, 6, 6, 'B', 0, 10, 0, 0, 0);
INSERT INTO `course` VALUES (350, '0642', '数据管理基础', 125, 50, 1, 17, 0, 5.0, 0, 5, 12, 'E', 1, 30, 40, 0, 0);
INSERT INTO `course` VALUES (351, '0643', '物流工程', 28, 60, 1, 17, 1, 3.0, 1, 6, 7, 'D', 0, 30, 0, 0, 0);
INSERT INTO `course` VALUES (352, '0644', '企业伦理', 50, 80, 1, 17, 0, 3.0, 3, 6, 9, 'B', 0, 0, 0, 0, 0);
INSERT INTO `course` VALUES (353, '0645', '企业伦理', 53, 100, 1, 17, 0, 5.0, 0, 2, 19, 'C', 0, 10, 0, 0, 0);
INSERT INTO `course` VALUES (354, '0646', '竞争情报', 22, 50, 1, 17, 0, 4.0, 1, 5, 15, 'A', 1, 30, 0, 0, 0);
INSERT INTO `course` VALUES (355, '0647', '信息与信息检索系统评估', 156, 50, 1, 17, 0, 3.0, 2, 2, 22, 'B', 0, 10, 10, 0, 0);
INSERT INTO `course` VALUES (356, '0648', '信息服务与用户研究', 16, 50, 1, 9, 0, 4.0, 2, 2, 21, 'E', 1, 10, 40, 0, 0);
INSERT INTO `course` VALUES (357, '0649', '供应链建模与优化', 142, 30, 1, 17, 0, 4.0, 1, 2, 19, 'C', 1, 60, 10, 0, 0);
INSERT INTO `course` VALUES (358, '0650', '技术经济', 95, 80, 1, 17, 0, 5.0, 0, 5, 13, 'A', 1, 0, 20, 0, 0);
INSERT INTO `course` VALUES (359, '0651', '经济法', 190, 80, 1, 17, 0, 2.0, 0, 2, 23, 'A', 0, 50, 20, 0, 0);
INSERT INTO `course` VALUES (360, '0652', '宏观经济学', 66, 80, 1, 17, 0, 1.0, 2, 2, 20, 'E', 1, 20, 20, 0, 0);
INSERT INTO `course` VALUES (361, '0653', '宏观经济学', 247, 100, 1, 17, 0, 4.0, 3, 3, 17, 'E', 1, 0, 20, 0, 0);
INSERT INTO `course` VALUES (370, '0662', '会计学', 179, 50, 1, 17, 0, 4.0, 1, 6, 6, 'C', 0, 30, 40, 0, 0);
INSERT INTO `course` VALUES (371, '0663', '会计学', 86, 70, 1, 17, 0, 4.0, 2, 1, 2, 'C', 1, 50, 30, 0, 0);
INSERT INTO `course` VALUES (372, '0664', '电子商务概论', 193, 80, 1, 17, 0, 2.0, 0, 5, 14, 'E', 1, 0, 40, 0, 0);
INSERT INTO `course` VALUES (373, '0665', '电子商务概论', 139, 80, 1, 17, 0, 2.0, 0, 5, 11, 'E', 0, 40, 0, 0, 0);
INSERT INTO `course` VALUES (374, '0666', '电子商务概论', 228, 40, 1, 17, 0, 1.0, 3, 3, 16, 'B', 1, 0, 20, 0, 0);
INSERT INTO `course` VALUES (375, '0667', '管理信息系统', 123, 50, 1, 17, 1, 2.0, 0, 1, 2, 'E', 1, 50, 30, 0, 0);
INSERT INTO `course` VALUES (376, '0668', '管理信息系统', 90, 50, 1, 17, 0, 4.0, 3, 6, 9, 'D', 1, 0, 40, 0, 0);
INSERT INTO `course` VALUES (377, '0669', '广告学', 202, 40, 1, 17, 0, 4.0, 2, 2, 19, 'E', 0, 10, 40, 0, 0);
INSERT INTO `course` VALUES (378, '0670', '管理咨询', 49, 60, 1, 17, 0, 5.0, 2, 1, 3, 'C', 1, 60, 0, 0, 0);
INSERT INTO `course` VALUES (379, '0671', '物流前沿专题', 48, 30, 1, 17, 1, 1.0, 0, 2, 22, 'B', 0, 30, 0, 0, 0);
INSERT INTO `course` VALUES (380, '0672', '系统工程', 158, 60, 1, 17, 0, 1.0, 1, 5, 14, 'C', 1, 20, 10, 0, 0);
INSERT INTO `course` VALUES (381, '0673', '物流产业分析', 243, 30, 1, 17, 1, 3.0, 1, 2, 22, 'C', 0, 30, 20, 0, 0);
INSERT INTO `course` VALUES (382, '0674', '物流产业分析', 122, 30, 1, 17, 0, 3.0, 2, 6, 7, 'C', 0, 30, 0, 0, 0);
INSERT INTO `course` VALUES (383, '0675', '物流案例分析与方案策划', 32, 30, 1, 17, 0, 3.0, 1, 2, 19, 'A', 1, 10, 20, 0, 0);
INSERT INTO `course` VALUES (384, '0676', '交通运输管理', 178, 60, 1, 17, 1, 1.0, 3, 1, 4, 'A', 0, 20, 20, 0, 0);
INSERT INTO `course` VALUES (385, '0677', '生产与作业管理', 193, 60, 1, 17, 0, 3.0, 2, 2, 20, 'E', 1, 10, 20, 0, 0);
INSERT INTO `course` VALUES (386, '0678', '项目管理', 36, 30, 1, 17, 0, 2.0, 1, 2, 22, 'A', 0, 50, 30, 0, 0);
INSERT INTO `course` VALUES (387, '0679', '统计学', 64, 0, 1, 17, 0, 0.0, 1, 1, 2, 'B', 0, 30, 40, 0, 0);
INSERT INTO `course` VALUES (388, '0680', '统计学', 115, 0, 1, 17, 0, 4.0, 0, 6, 5, 'B', 1, 0, 30, 0, 0);
INSERT INTO `course` VALUES (389, '0681', '港口与航运管理', 241, 60, 1, 17, 0, 1.0, 1, 5, 13, 'C', 0, 30, 0, 0, 0);
INSERT INTO `course` VALUES (390, '0682', '公司法', 167, 40, 1, 17, 0, 3.0, 0, 6, 7, 'E', 0, 60, 0, 0, 0);
INSERT INTO `course` VALUES (391, '0683', '全球供应链管理与物流战略', 19, 60, 1, 17, 0, 0.0, 3, 5, 12, 'D', 0, 30, 10, 0, 0);
INSERT INTO `course` VALUES (392, '0684', '物流系统规划与设计', 222, 60, 1, 17, 0, 1.0, 2, 1, 4, 'C', 0, 40, 30, 0, 0);
INSERT INTO `course` VALUES (393, '0685', '无机化学2-1', 62, 50, 2, 17, 0, 4.0, 0, 5, 11, 'C', 0, 0, 0, 0, 0);
INSERT INTO `course` VALUES (394, '0686', '有机化学实验2-1', 183, 32, 1, 17, 0, 0.0, 0, 6, 6, 'C', 0, 60, 20, 0, 0);
INSERT INTO `course` VALUES (395, '0687', '有机化学实验2-1', 172, 30, 1, 17, 0, 4.0, 0, 1, 4, 'B', 0, 10, 30, 0, 0);
INSERT INTO `course` VALUES (409, '0701', '无机化学实验2-1', 154, 25, 2, 17, 0, 2.0, 2, 3, 17, 'B', 1, 10, 30, 0, 0);
INSERT INTO `course` VALUES (410, '0702', '无机化学实验2-1', 245, 25, 2, 17, 0, 1.0, 0, 2, 23, 'C', 1, 40, 0, 0, 0);
INSERT INTO `course` VALUES (411, '0703', '生产实习', 44, 60, 1, 17, 0, 4.0, 0, 5, 14, 'E', 1, 50, 10, 0, 0);
INSERT INTO `course` VALUES (412, '0704', '高分子材料导论', 62, 60, 1, 17, 1, 2.0, 1, 2, 20, 'D', 0, 60, 20, 0, 0);
INSERT INTO `course` VALUES (413, '0705', '普通生物学', 105, 30, 2, 17, 1, 1.0, 3, 2, 20, 'A', 1, 30, 30, 0, 0);
INSERT INTO `course` VALUES (414, '0706', '化学生物学', 239, 30, 1, 17, 0, 3.0, 0, 6, 6, 'E', 1, 30, 30, 0, 0);
INSERT INTO `course` VALUES (415, '0707', '新型纳米催化材料', 212, 60, 1, 17, 0, 3.0, 1, 5, 14, 'B', 1, 20, 20, 0, 0);
INSERT INTO `course` VALUES (416, '0708', '化工基础实验', 243, 30, 1, 17, 0, 3.0, 2, 5, 13, 'B', 0, 40, 30, 0, 0);
INSERT INTO `course` VALUES (417, '0709', '化工基础实验', 149, 60, 1, 17, 0, 5.0, 3, 2, 22, 'B', 0, 40, 20, 0, 0);
INSERT INTO `course` VALUES (418, '0730', '结构生物学 ', 221, 20, 1, 17, 1, 3.0, 3, 5, 12, 'B', 1, 50, 10, 0, 0);
INSERT INTO `course` VALUES (419, '0731', '基础无机化学实验', 179, 33, 2, 17, 0, 2.0, 1, 1, 3, 'D', 1, 60, 0, 0, 0);
INSERT INTO `course` VALUES (420, '0732', '基础无机化学实验', 252, 33, 2, 17, 0, 2.0, 2, 2, 19, 'D', 0, 30, 30, 0, 0);
INSERT INTO `course` VALUES (436, '0748', '高等有机化学', 75, 80, 1, 17, 0, 4.0, 2, 6, 5, 'A', 1, 20, 30, 0, 0);
INSERT INTO `course` VALUES (437, '0749', '有机化学2-2', 128, 90, 1, 17, 0, 0.0, 3, 5, 15, 'A', 1, 50, 10, 0, 0);
INSERT INTO `course` VALUES (446, '0758', '化学概论2-1', 136, 80, 2, 17, 0, 2.0, 3, 6, 10, 'A', 1, 30, 30, 0, 0);
INSERT INTO `course` VALUES (447, '0759', '化学概论2-1', 175, 80, 2, 17, 0, 3.0, 0, 5, 12, 'A', 0, 40, 40, 0, 0);
INSERT INTO `course` VALUES (448, '0760', '当代化学前沿2-1', 163, 320, 2, 17, 0, 0.0, 1, 2, 20, 'B', 1, 60, 0, 0, 0);
INSERT INTO `course` VALUES (449, '0761', '生物无机化学', 252, 30, 1, 17, 0, 2.0, 0, 6, 6, 'A', 0, 60, 10, 0, 0);
INSERT INTO `course` VALUES (450, '0762', '综合化学实验2-1', 214, 50, 1, 17, 0, 4.0, 3, 2, 23, 'D', 1, 50, 10, 0, 0);
INSERT INTO `course` VALUES (584, '0936', '自动化与智能科学概论', 42, 110, 2, 17, 0, 3.0, 0, 6, 9, 'A', 0, 50, 0, 0, 0);
INSERT INTO `course` VALUES (585, '0937', '现代控制论实验', 53, 100, 14, 17, 0, 4.0, 1, 2, 22, 'B', 0, 0, 10, 0, 0);
INSERT INTO `course` VALUES (586, '0938', '现代控制论', 221, 85, 1, 17, 0, 0.0, 3, 5, 14, 'E', 1, 40, 0, 0, 0);
INSERT INTO `course` VALUES (587, '0939', '民法学（物权法）', 156, 55, 1, 17, 0, 2.0, 3, 2, 20, 'C', 1, 60, 10, 0, 0);
INSERT INTO `course` VALUES (588, '0940', '刑法分论', 6, 55, 1, 17, 0, 2.0, 0, 1, 3, 'D', 0, 20, 20, 0, 0);
INSERT INTO `course` VALUES (589, '0941', '工业设计基础', 178, 100, 1, 17, 0, 4.0, 1, 5, 13, 'C', 0, 0, 40, 0, 0);
INSERT INTO `course` VALUES (590, '0942', '民法学（合同法）', 25, 50, 1, 17, 0, 4.0, 3, 1, 4, 'E', 1, 50, 10, 0, 0);
INSERT INTO `course` VALUES (591, '0943', '计算机概论', 169, 200, 2, 17, 0, 5.0, 2, 2, 20, 'E', 1, 20, 0, 0, 0);
INSERT INTO `course` VALUES (592, '0944', '刑事诉讼法', 28, 55, 1, 17, 0, 1.0, 2, 3, 18, 'E', 0, 10, 30, 0, 0);
INSERT INTO `course` VALUES (593, '0945', '数据结构基础', 228, 100, 1, 17, 1, 4.0, 1, 6, 7, 'E', 1, 50, 30, 0, 0);
INSERT INTO `course` VALUES (594, '0946', '知识产权法', 146, 50, 1, 17, 0, 3.0, 0, 6, 10, 'A', 1, 40, 20, 0, 0);
INSERT INTO `course` VALUES (595, '0947', '编译系统原理', 226, 120, 1, 17, 0, 3.0, 2, 6, 6, 'A', 1, 20, 30, 0, 0);
INSERT INTO `course` VALUES (596, '0948', '综合课程设计2-2', 39, 80, 1, 17, 0, 2.0, 2, 6, 9, 'D', 0, 30, 10, 0, 0);
INSERT INTO `course` VALUES (597, '0949', '数据结构', 113, 130, 1, 17, 0, 4.0, 1, 2, 22, 'D', 0, 20, 0, 0, 0);
INSERT INTO `course` VALUES (598, '0950', '数据结构', 220, 100, 1, 17, 0, 2.0, 1, 6, 7, 'B', 0, 20, 20, 0, 0);
INSERT INTO `course` VALUES (599, '0951', '电子技术基础', 106, 220, 1, 17, 0, 0.0, 3, 1, 4, 'D', 0, 30, 30, 0, 0);
INSERT INTO `course` VALUES (600, '0952', '行政法与行政诉讼法', 38, 50, 1, 17, 0, 1.0, 0, 5, 11, 'D', 1, 40, 30, 0, 0);
INSERT INTO `course` VALUES (601, '0953', '物联网工程导论', 147, 50, 1, 17, 0, 4.0, 1, 5, 13, 'D', 1, 30, 10, 0, 0);
INSERT INTO `course` VALUES (602, '0954', '计算机网络', 34, 100, 1, 17, 0, 5.0, 0, 3, 18, 'B', 1, 40, 10, 0, 0);
INSERT INTO `course` VALUES (603, '0955', '计算机网络', 2, 80, 1, 17, 0, 3.0, 3, 2, 20, 'A', 1, 30, 30, 0, 0);
INSERT INTO `course` VALUES (604, '0956', '计算机网络', 253, 115, 1, 17, 0, 2.0, 1, 5, 12, 'E', 0, 50, 20, 0, 0);
INSERT INTO `course` VALUES (605, '0957', '人工智能导论', 96, 60, 1, 17, 0, 3.0, 0, 2, 22, 'B', 0, 60, 10, 0, 0);
INSERT INTO `course` VALUES (606, '0958', '自动检测技术与系统', 54, 100, 1, 16, 0, 3.0, 1, 3, 18, 'C', 0, 40, 0, 0, 0);
INSERT INTO `course` VALUES (607, '0959', '人权法', 217, 30, 1, 17, 0, 2.0, 1, 2, 8, 'C', 1, 40, 30, 0, 0);
INSERT INTO `course` VALUES (608, '0960', '西方法律思想史', 3, 50, 1, 17, 0, 3.0, 3, 3, 16, 'D', 0, 30, 10, 0, 0);
INSERT INTO `course` VALUES (609, '0961', '中国法律思想史', 188, 50, 1, 17, 0, 4.0, 3, 6, 9, 'E', 0, 60, 20, 0, 0);
INSERT INTO `course` VALUES (610, '0962', '信息安全基础', 68, 115, 1, 17, 0, 0.0, 2, 5, 14, 'A', 0, 0, 40, 0, 0);
INSERT INTO `course` VALUES (611, '0963', '运筹学', 252, 100, 1, 17, 0, 1.0, 3, 2, 8, 'E', 1, 60, 20, 0, 0);
INSERT INTO `course` VALUES (612, '0964', '软件综合课程设计', 177, 130, 1, 17, 0, 3.0, 2, 6, 6, 'C', 1, 60, 40, 0, 0);
INSERT INTO `course` VALUES (613, '0965', '知识产权国际保护', 214, 20, 1, 17, 0, 4.0, 2, 5, 15, 'C', 0, 40, 0, 0, 0);
INSERT INTO `course` VALUES (614, '0966', '信号与系统', 177, 85, 1, 17, 0, 3.0, 3, 5, 11, 'C', 0, 60, 10, 0, 0);
INSERT INTO `course` VALUES (615, '0967', '信息安全综合实验', 94, 40, 1, 17, 0, 3.0, 1, 6, 6, 'C', 1, 0, 0, 0, 0);
INSERT INTO `course` VALUES (616, '0968', '机器智能基础', 157, 100, 1, 17, 0, 3.0, 0, 6, 5, 'E', 0, 30, 0, 0, 0);
INSERT INTO `course` VALUES (617, '0969', '运动控制', 240, 100, 1, 16, 1, 1.0, 3, 2, 19, 'B', 1, 20, 40, 0, 0);
INSERT INTO `course` VALUES (618, '0970', '社会保障法', 31, 20, 1, 17, 0, 4.0, 1, 5, 14, 'B', 0, 10, 30, 0, 0);
INSERT INTO `course` VALUES (619, '0971', '软件测试', 226, 125, 1, 17, 0, 1.0, 1, 1, 2, 'C', 1, 50, 30, 0, 0);
INSERT INTO `course` VALUES (620, '0972', '软件体系结构', 29, 115, 2, 17, 0, 4.0, 0, 5, 13, 'B', 1, 30, 30, 0, 0);
INSERT INTO `course` VALUES (621, '0973', '线性代数', 19, 120, 2, 17, 0, 2.0, 2, 6, 6, 'E', 1, 50, 0, 0, 0);
INSERT INTO `course` VALUES (622, '0974', '线性代数', 165, 70, 2, 17, 0, 1.0, 0, 6, 7, 'D', 0, 10, 0, 0, 0);
INSERT INTO `course` VALUES (623, '0975', '线性代数', 76, 170, 2, 17, 0, 2.0, 1, 6, 7, 'B', 0, 10, 30, 0, 0);
INSERT INTO `course` VALUES (624, '0976', '计算机图形学', 43, 50, 1, 17, 0, 4.0, 1, 1, 2, 'C', 0, 0, 20, 0, 0);
INSERT INTO `course` VALUES (625, '0977', '计算机基础（文）', 178, 80, 2, 17, 0, 4.0, 3, 5, 14, 'D', 0, 20, 20, 0, 0);
INSERT INTO `course` VALUES (626, '0978', '计算机基础（文）', 64, 100, 2, 17, 0, 1.0, 0, 2, 8, 'C', 1, 40, 30, 0, 0);
INSERT INTO `course` VALUES (645, '0997', '计算机基础（理）', 193, 80, 2, 17, 0, 1.0, 1, 1, 3, 'A', 0, 30, 30, 0, 0);
INSERT INTO `course` VALUES (646, '0998', '计算机基础（理）', 160, 100, 2, 17, 0, 0.0, 2, 2, 23, 'A', 0, 60, 10, 0, 0);
INSERT INTO `course` VALUES (647, '0999', '计算机基础（理）', 77, 90, 2, 17, 0, 2.0, 2, 6, 10, 'B', 1, 0, 0, 0, 0);

-- ----------------------------
-- Table structure for course_level
-- ----------------------------
DROP TABLE IF EXISTS `course_level`;
CREATE TABLE `course_level`  (
  `id` int(11) NOT NULL AUTO_INCREMENT,
  `LevelName` varchar(255) CHARACTER SET utf8 COLLATE utf8_general_ci NULL DEFAULT NULL,
  `DeleteStatus` int(11) NOT NULL DEFAULT 0 COMMENT '删除位',
  PRIMARY KEY (`id`) USING BTREE
) ENGINE = InnoDB AUTO_INCREMENT = 6 CHARACTER SET = utf8 COLLATE = utf8_general_ci ROW_FORMAT = Compact;

-- ----------------------------
-- Records of course_level
-- ----------------------------
INSERT INTO `course_level` VALUES (1, 'A', 0);
INSERT INTO `course_level` VALUES (2, 'B', 0);
INSERT INTO `course_level` VALUES (3, 'C', 0);
INSERT INTO `course_level` VALUES (4, 'D', 0);
INSERT INTO `course_level` VALUES (5, 'E', 0);

-- ----------------------------
-- Table structure for course_time
-- ----------------------------
DROP TABLE IF EXISTS `course_time`;
CREATE TABLE `course_time`  (
  `id` int(11) NOT NULL AUTO_INCREMENT,
  `ClassId` int(11) NULL DEFAULT NULL,
  `StartLesson` int(11) NULL DEFAULT NULL,
  `EndLesson` int(11) NULL DEFAULT NULL,
  `LessonDay` int(11) NULL DEFAULT NULL,
  `DeleteStatus` int(11) NULL DEFAULT 0,
  PRIMARY KEY (`id`) USING BTREE,
  INDEX `ClassId`(`ClassId`) USING BTREE,
  CONSTRAINT `course_time_ibfk_1` FOREIGN KEY (`ClassId`) REFERENCES `course` (`id`) ON DELETE CASCADE ON UPDATE CASCADE
) ENGINE = InnoDB AUTO_INCREMENT = 1032 CHARACTER SET = latin1 COLLATE = latin1_swedish_ci ROW_FORMAT = Compact;

-- ----------------------------
-- Records of course_time
-- ----------------------------
INSERT INTO `course_time` VALUES (1, 1, 6, 8, 4, 0);
INSERT INTO `course_time` VALUES (2, 1, 5, 7, 3, 0);
INSERT INTO `course_time` VALUES (3, 2, 2, 4, 5, 0);
INSERT INTO `course_time` VALUES (4, 2, 1, 3, 1, 0);
INSERT INTO `course_time` VALUES (5, 3, 6, 8, 5, 0);
INSERT INTO `course_time` VALUES (6, 3, 5, 7, 2, 0);
INSERT INTO `course_time` VALUES (7, 4, 6, 8, 5, 0);
INSERT INTO `course_time` VALUES (8, 4, 5, 7, 4, 0);
INSERT INTO `course_time` VALUES (9, 5, 5, 8, 5, 0);
INSERT INTO `course_time` VALUES (10, 5, 5, 7, 4, 0);
INSERT INTO `course_time` VALUES (11, 6, 1, 4, 4, 0);
INSERT INTO `course_time` VALUES (12, 7, 6, 8, 5, 0);
INSERT INTO `course_time` VALUES (13, 7, 5, 7, 4, 0);
INSERT INTO `course_time` VALUES (14, 8, 5, 8, 3, 0);
INSERT INTO `course_time` VALUES (15, 8, 5, 7, 3, 0);
INSERT INTO `course_time` VALUES (16, 9, 5, 8, 4, 0);
INSERT INTO `course_time` VALUES (17, 9, 5, 7, 4, 0);
INSERT INTO `course_time` VALUES (18, 10, 5, 8, 1, 0);
INSERT INTO `course_time` VALUES (19, 10, 5, 7, 1, 0);
INSERT INTO `course_time` VALUES (20, 11, 2, 4, 4, 0);
INSERT INTO `course_time` VALUES (65, 39, 2, 4, 3, 0);
INSERT INTO `course_time` VALUES (66, 39, 1, 3, 5, 0);
INSERT INTO `course_time` VALUES (67, 40, 1, 4, 1, 0);
INSERT INTO `course_time` VALUES (68, 41, 5, 7, 5, 0);
INSERT INTO `course_time` VALUES (69, 41, 6, 8, 5, 0);
INSERT INTO `course_time` VALUES (70, 42, 2, 4, 4, 0);
INSERT INTO `course_time` VALUES (71, 43, 6, 8, 1, 0);
INSERT INTO `course_time` VALUES (72, 43, 5, 7, 2, 0);
INSERT INTO `course_time` VALUES (73, 44, 2, 4, 1, 0);
INSERT INTO `course_time` VALUES (74, 44, 1, 3, 4, 0);
INSERT INTO `course_time` VALUES (75, 45, 1, 3, 3, 0);
INSERT INTO `course_time` VALUES (76, 46, 6, 8, 2, 0);
INSERT INTO `course_time` VALUES (77, 46, 5, 7, 2, 0);
INSERT INTO `course_time` VALUES (78, 47, 5, 8, 1, 0);
INSERT INTO `course_time` VALUES (79, 47, 6, 8, 1, 0);
INSERT INTO `course_time` VALUES (80, 48, 5, 8, 4, 0);
INSERT INTO `course_time` VALUES (81, 49, 5, 8, 2, 0);
INSERT INTO `course_time` VALUES (82, 49, 5, 7, 5, 0);
INSERT INTO `course_time` VALUES (83, 50, 1, 3, 3, 0);
INSERT INTO `course_time` VALUES (84, 50, 2, 4, 3, 0);
INSERT INTO `course_time` VALUES (85, 51, 1, 3, 2, 0);
INSERT INTO `course_time` VALUES (86, 52, 1, 4, 5, 0);
INSERT INTO `course_time` VALUES (87, 52, 1, 3, 1, 0);
INSERT INTO `course_time` VALUES (88, 53, 1, 3, 5, 0);
INSERT INTO `course_time` VALUES (89, 54, 1, 3, 3, 0);
INSERT INTO `course_time` VALUES (90, 55, 1, 4, 3, 0);
INSERT INTO `course_time` VALUES (91, 56, 5, 7, 2, 0);
INSERT INTO `course_time` VALUES (92, 56, 6, 8, 2, 0);
INSERT INTO `course_time` VALUES (93, 57, 2, 4, 1, 0);
INSERT INTO `course_time` VALUES (94, 57, 1, 3, 4, 0);
INSERT INTO `course_time` VALUES (95, 58, 5, 8, 1, 0);
INSERT INTO `course_time` VALUES (96, 58, 6, 8, 1, 0);
INSERT INTO `course_time` VALUES (97, 59, 5, 7, 1, 0);
INSERT INTO `course_time` VALUES (98, 59, 6, 8, 1, 0);
INSERT INTO `course_time` VALUES (99, 60, 2, 4, 2, 0);
INSERT INTO `course_time` VALUES (251, 153, 5, 7, 1, 0);
INSERT INTO `course_time` VALUES (252, 154, 6, 8, 4, 0);
INSERT INTO `course_time` VALUES (253, 154, 5, 7, 4, 0);
INSERT INTO `course_time` VALUES (295, 179, 1, 4, 3, 0);
INSERT INTO `course_time` VALUES (296, 179, 1, 3, 2, 0);
INSERT INTO `course_time` VALUES (315, 191, 1, 4, 1, 0);
INSERT INTO `course_time` VALUES (316, 192, 5, 8, 5, 0);
INSERT INTO `course_time` VALUES (338, 208, 5, 7, 3, 0);
INSERT INTO `course_time` VALUES (339, 209, 5, 8, 4, 0);
INSERT INTO `course_time` VALUES (340, 209, 5, 7, 5, 0);
INSERT INTO `course_time` VALUES (341, 210, 1, 3, 2, 0);
INSERT INTO `course_time` VALUES (342, 210, 2, 4, 2, 0);
INSERT INTO `course_time` VALUES (343, 211, 6, 8, 1, 0);
INSERT INTO `course_time` VALUES (344, 211, 5, 7, 5, 0);
INSERT INTO `course_time` VALUES (345, 212, 5, 8, 4, 0);
INSERT INTO `course_time` VALUES (346, 212, 6, 8, 4, 0);
INSERT INTO `course_time` VALUES (347, 213, 2, 4, 1, 0);
INSERT INTO `course_time` VALUES (348, 213, 1, 3, 4, 0);
INSERT INTO `course_time` VALUES (349, 214, 2, 4, 2, 0);
INSERT INTO `course_time` VALUES (350, 215, 5, 8, 2, 0);
INSERT INTO `course_time` VALUES (351, 216, 5, 7, 3, 0);
INSERT INTO `course_time` VALUES (352, 216, 6, 8, 3, 0);
INSERT INTO `course_time` VALUES (353, 217, 1, 4, 3, 0);
INSERT INTO `course_time` VALUES (354, 217, 1, 3, 1, 0);
INSERT INTO `course_time` VALUES (355, 218, 1, 4, 2, 0);
INSERT INTO `course_time` VALUES (356, 218, 2, 4, 2, 0);
INSERT INTO `course_time` VALUES (357, 219, 1, 3, 1, 0);
INSERT INTO `course_time` VALUES (358, 220, 5, 7, 1, 0);
INSERT INTO `course_time` VALUES (359, 221, 1, 3, 5, 0);
INSERT INTO `course_time` VALUES (360, 222, 2, 4, 5, 0);
INSERT INTO `course_time` VALUES (361, 223, 5, 8, 5, 0);
INSERT INTO `course_time` VALUES (362, 224, 1, 4, 2, 0);
INSERT INTO `course_time` VALUES (363, 224, 1, 3, 1, 0);
INSERT INTO `course_time` VALUES (364, 225, 2, 4, 2, 0);
INSERT INTO `course_time` VALUES (365, 225, 1, 3, 4, 0);
INSERT INTO `course_time` VALUES (366, 226, 1, 4, 4, 0);
INSERT INTO `course_time` VALUES (367, 226, 1, 3, 5, 0);
INSERT INTO `course_time` VALUES (368, 227, 2, 4, 3, 0);
INSERT INTO `course_time` VALUES (369, 227, 1, 3, 2, 0);
INSERT INTO `course_time` VALUES (413, 256, 5, 7, 2, 0);
INSERT INTO `course_time` VALUES (414, 256, 6, 8, 2, 0);
INSERT INTO `course_time` VALUES (415, 257, 5, 8, 3, 0);
INSERT INTO `course_time` VALUES (416, 257, 6, 8, 3, 0);
INSERT INTO `course_time` VALUES (417, 258, 1, 3, 2, 0);
INSERT INTO `course_time` VALUES (418, 259, 1, 3, 4, 0);
INSERT INTO `course_time` VALUES (419, 260, 6, 8, 1, 0);
INSERT INTO `course_time` VALUES (420, 260, 5, 7, 3, 0);
INSERT INTO `course_time` VALUES (421, 261, 2, 4, 1, 0);
INSERT INTO `course_time` VALUES (422, 261, 1, 3, 2, 0);
INSERT INTO `course_time` VALUES (423, 262, 1, 4, 5, 0);
INSERT INTO `course_time` VALUES (424, 263, 2, 4, 5, 0);
INSERT INTO `course_time` VALUES (425, 263, 1, 3, 2, 0);
INSERT INTO `course_time` VALUES (426, 264, 2, 4, 1, 0);
INSERT INTO `course_time` VALUES (427, 265, 1, 4, 4, 0);
INSERT INTO `course_time` VALUES (428, 265, 1, 3, 1, 0);
INSERT INTO `course_time` VALUES (429, 266, 6, 8, 5, 0);
INSERT INTO `course_time` VALUES (430, 266, 5, 7, 5, 0);
INSERT INTO `course_time` VALUES (431, 267, 1, 3, 3, 0);
INSERT INTO `course_time` VALUES (432, 268, 2, 4, 1, 0);
INSERT INTO `course_time` VALUES (433, 268, 1, 3, 3, 0);
INSERT INTO `course_time` VALUES (434, 269, 5, 8, 2, 0);
INSERT INTO `course_time` VALUES (435, 270, 5, 8, 4, 0);
INSERT INTO `course_time` VALUES (436, 270, 5, 7, 1, 0);
INSERT INTO `course_time` VALUES (437, 271, 5, 8, 1, 0);
INSERT INTO `course_time` VALUES (438, 271, 5, 7, 3, 0);
INSERT INTO `course_time` VALUES (439, 272, 5, 7, 2, 0);
INSERT INTO `course_time` VALUES (440, 272, 6, 8, 2, 0);
INSERT INTO `course_time` VALUES (441, 273, 5, 8, 4, 0);
INSERT INTO `course_time` VALUES (442, 273, 5, 7, 5, 0);
INSERT INTO `course_time` VALUES (443, 274, 1, 4, 4, 0);
INSERT INTO `course_time` VALUES (444, 275, 6, 8, 4, 0);
INSERT INTO `course_time` VALUES (445, 275, 5, 7, 1, 0);
INSERT INTO `course_time` VALUES (446, 276, 6, 8, 3, 0);
INSERT INTO `course_time` VALUES (447, 277, 2, 4, 3, 0);
INSERT INTO `course_time` VALUES (448, 277, 1, 3, 1, 0);
INSERT INTO `course_time` VALUES (449, 278, 5, 7, 2, 0);
INSERT INTO `course_time` VALUES (450, 278, 6, 8, 2, 0);
INSERT INTO `course_time` VALUES (451, 279, 2, 4, 2, 0);
INSERT INTO `course_time` VALUES (452, 279, 1, 3, 5, 0);
INSERT INTO `course_time` VALUES (453, 280, 6, 8, 4, 0);
INSERT INTO `course_time` VALUES (454, 281, 1, 3, 1, 0);
INSERT INTO `course_time` VALUES (455, 281, 2, 4, 1, 0);
INSERT INTO `course_time` VALUES (456, 282, 6, 8, 4, 0);
INSERT INTO `course_time` VALUES (457, 282, 5, 7, 5, 0);
INSERT INTO `course_time` VALUES (458, 283, 5, 7, 2, 0);
INSERT INTO `course_time` VALUES (459, 283, 6, 8, 2, 0);
INSERT INTO `course_time` VALUES (460, 284, 2, 4, 3, 0);
INSERT INTO `course_time` VALUES (461, 284, 1, 3, 1, 0);
INSERT INTO `course_time` VALUES (462, 285, 6, 8, 4, 0);
INSERT INTO `course_time` VALUES (463, 286, 1, 4, 5, 0);
INSERT INTO `course_time` VALUES (464, 287, 2, 4, 4, 0);
INSERT INTO `course_time` VALUES (465, 287, 1, 3, 2, 0);
INSERT INTO `course_time` VALUES (466, 288, 2, 4, 1, 0);
INSERT INTO `course_time` VALUES (467, 289, 1, 3, 2, 0);
INSERT INTO `course_time` VALUES (468, 290, 1, 4, 5, 0);
INSERT INTO `course_time` VALUES (469, 290, 2, 4, 5, 0);
INSERT INTO `course_time` VALUES (470, 291, 5, 8, 4, 0);
INSERT INTO `course_time` VALUES (471, 291, 5, 7, 4, 0);
INSERT INTO `course_time` VALUES (472, 292, 1, 3, 3, 0);
INSERT INTO `course_time` VALUES (506, 314, 5, 8, 5, 0);
INSERT INTO `course_time` VALUES (507, 314, 5, 7, 3, 0);
INSERT INTO `course_time` VALUES (508, 315, 5, 7, 4, 0);
INSERT INTO `course_time` VALUES (509, 316, 1, 4, 3, 0);
INSERT INTO `course_time` VALUES (510, 316, 1, 3, 3, 0);
INSERT INTO `course_time` VALUES (511, 317, 6, 8, 5, 0);
INSERT INTO `course_time` VALUES (512, 318, 1, 4, 3, 0);
INSERT INTO `course_time` VALUES (513, 318, 1, 3, 3, 0);
INSERT INTO `course_time` VALUES (514, 319, 6, 8, 4, 0);
INSERT INTO `course_time` VALUES (515, 320, 5, 8, 1, 0);
INSERT INTO `course_time` VALUES (516, 321, 1, 3, 3, 0);
INSERT INTO `course_time` VALUES (517, 322, 6, 8, 2, 0);
INSERT INTO `course_time` VALUES (518, 323, 2, 4, 3, 0);
INSERT INTO `course_time` VALUES (519, 324, 1, 4, 4, 0);
INSERT INTO `course_time` VALUES (520, 324, 1, 3, 4, 0);
INSERT INTO `course_time` VALUES (521, 325, 1, 4, 4, 0);
INSERT INTO `course_time` VALUES (522, 325, 1, 3, 3, 0);
INSERT INTO `course_time` VALUES (523, 326, 5, 7, 5, 0);
INSERT INTO `course_time` VALUES (524, 326, 6, 8, 5, 0);
INSERT INTO `course_time` VALUES (525, 327, 6, 8, 4, 0);
INSERT INTO `course_time` VALUES (526, 327, 5, 7, 2, 0);
INSERT INTO `course_time` VALUES (527, 328, 5, 8, 3, 0);
INSERT INTO `course_time` VALUES (528, 328, 5, 7, 4, 0);
INSERT INTO `course_time` VALUES (529, 329, 2, 4, 3, 0);
INSERT INTO `course_time` VALUES (530, 329, 1, 3, 5, 0);
INSERT INTO `course_time` VALUES (531, 330, 1, 4, 2, 0);
INSERT INTO `course_time` VALUES (532, 330, 1, 3, 4, 0);
INSERT INTO `course_time` VALUES (533, 331, 5, 8, 5, 0);
INSERT INTO `course_time` VALUES (534, 331, 5, 7, 2, 0);
INSERT INTO `course_time` VALUES (535, 332, 2, 4, 1, 0);
INSERT INTO `course_time` VALUES (536, 333, 5, 8, 4, 0);
INSERT INTO `course_time` VALUES (537, 333, 5, 7, 2, 0);
INSERT INTO `course_time` VALUES (538, 334, 1, 3, 2, 0);
INSERT INTO `course_time` VALUES (539, 334, 2, 4, 2, 0);
INSERT INTO `course_time` VALUES (540, 335, 5, 8, 2, 0);
INSERT INTO `course_time` VALUES (541, 335, 5, 7, 4, 0);
INSERT INTO `course_time` VALUES (542, 336, 5, 8, 3, 0);
INSERT INTO `course_time` VALUES (543, 336, 5, 7, 1, 0);
INSERT INTO `course_time` VALUES (544, 337, 1, 4, 2, 0);
INSERT INTO `course_time` VALUES (545, 337, 1, 3, 5, 0);
INSERT INTO `course_time` VALUES (546, 338, 1, 3, 5, 0);
INSERT INTO `course_time` VALUES (547, 338, 2, 4, 5, 0);
INSERT INTO `course_time` VALUES (548, 339, 5, 7, 3, 0);
INSERT INTO `course_time` VALUES (549, 340, 5, 7, 5, 0);
INSERT INTO `course_time` VALUES (550, 341, 1, 4, 2, 0);
INSERT INTO `course_time` VALUES (551, 342, 5, 8, 4, 0);
INSERT INTO `course_time` VALUES (552, 343, 1, 3, 4, 0);
INSERT INTO `course_time` VALUES (553, 344, 1, 4, 1, 0);
INSERT INTO `course_time` VALUES (554, 345, 1, 4, 4, 0);
INSERT INTO `course_time` VALUES (555, 346, 5, 8, 4, 0);
INSERT INTO `course_time` VALUES (556, 346, 5, 7, 3, 0);
INSERT INTO `course_time` VALUES (557, 347, 6, 8, 3, 0);
INSERT INTO `course_time` VALUES (558, 348, 6, 8, 2, 0);
INSERT INTO `course_time` VALUES (559, 348, 5, 7, 5, 0);
INSERT INTO `course_time` VALUES (560, 349, 6, 8, 4, 0);
INSERT INTO `course_time` VALUES (561, 349, 5, 7, 5, 0);
INSERT INTO `course_time` VALUES (562, 350, 5, 7, 1, 0);
INSERT INTO `course_time` VALUES (563, 350, 6, 8, 1, 0);
INSERT INTO `course_time` VALUES (564, 351, 1, 3, 3, 0);
INSERT INTO `course_time` VALUES (565, 351, 2, 4, 3, 0);
INSERT INTO `course_time` VALUES (566, 352, 6, 8, 4, 0);
INSERT INTO `course_time` VALUES (567, 353, 6, 8, 3, 0);
INSERT INTO `course_time` VALUES (568, 354, 2, 4, 3, 0);
INSERT INTO `course_time` VALUES (569, 355, 1, 4, 1, 0);
INSERT INTO `course_time` VALUES (570, 355, 1, 3, 5, 0);
INSERT INTO `course_time` VALUES (571, 356, 5, 8, 3, 0);
INSERT INTO `course_time` VALUES (572, 357, 2, 4, 4, 0);
INSERT INTO `course_time` VALUES (573, 357, 1, 3, 5, 0);
INSERT INTO `course_time` VALUES (574, 358, 1, 3, 1, 0);
INSERT INTO `course_time` VALUES (575, 359, 1, 3, 1, 0);
INSERT INTO `course_time` VALUES (576, 359, 2, 4, 1, 0);
INSERT INTO `course_time` VALUES (577, 360, 5, 8, 5, 0);
INSERT INTO `course_time` VALUES (578, 360, 5, 7, 4, 0);
INSERT INTO `course_time` VALUES (579, 361, 5, 7, 3, 0);
INSERT INTO `course_time` VALUES (580, 361, 6, 8, 3, 0);
INSERT INTO `course_time` VALUES (594, 370, 6, 8, 2, 0);
INSERT INTO `course_time` VALUES (595, 371, 1, 3, 1, 0);
INSERT INTO `course_time` VALUES (596, 372, 5, 8, 1, 0);
INSERT INTO `course_time` VALUES (597, 373, 6, 8, 3, 0);
INSERT INTO `course_time` VALUES (598, 374, 1, 3, 5, 0);
INSERT INTO `course_time` VALUES (599, 374, 2, 4, 5, 0);
INSERT INTO `course_time` VALUES (600, 375, 5, 7, 3, 0);
INSERT INTO `course_time` VALUES (601, 376, 6, 8, 3, 0);
INSERT INTO `course_time` VALUES (602, 377, 1, 3, 5, 0);
INSERT INTO `course_time` VALUES (603, 377, 2, 4, 5, 0);
INSERT INTO `course_time` VALUES (604, 378, 2, 4, 3, 0);
INSERT INTO `course_time` VALUES (605, 378, 1, 3, 5, 0);
INSERT INTO `course_time` VALUES (606, 379, 1, 4, 4, 0);
INSERT INTO `course_time` VALUES (607, 380, 1, 4, 1, 0);
INSERT INTO `course_time` VALUES (608, 380, 1, 3, 2, 0);
INSERT INTO `course_time` VALUES (609, 381, 5, 7, 5, 0);
INSERT INTO `course_time` VALUES (610, 382, 1, 3, 3, 0);
INSERT INTO `course_time` VALUES (611, 383, 1, 3, 5, 0);
INSERT INTO `course_time` VALUES (612, 383, 2, 4, 5, 0);
INSERT INTO `course_time` VALUES (613, 384, 1, 3, 2, 0);
INSERT INTO `course_time` VALUES (614, 385, 2, 4, 3, 0);
INSERT INTO `course_time` VALUES (615, 385, 1, 3, 4, 0);
INSERT INTO `course_time` VALUES (616, 386, 2, 4, 3, 0);
INSERT INTO `course_time` VALUES (617, 386, 1, 3, 2, 0);
INSERT INTO `course_time` VALUES (618, 387, 1, 4, 1, 0);
INSERT INTO `course_time` VALUES (619, 388, 2, 4, 4, 0);
INSERT INTO `course_time` VALUES (620, 388, 1, 3, 4, 0);
INSERT INTO `course_time` VALUES (621, 389, 1, 3, 4, 0);
INSERT INTO `course_time` VALUES (622, 389, 2, 4, 4, 0);
INSERT INTO `course_time` VALUES (623, 390, 5, 8, 4, 0);
INSERT INTO `course_time` VALUES (624, 391, 2, 4, 4, 0);
INSERT INTO `course_time` VALUES (625, 391, 1, 3, 3, 0);
INSERT INTO `course_time` VALUES (626, 392, 5, 8, 1, 0);
INSERT INTO `course_time` VALUES (627, 392, 5, 7, 1, 0);
INSERT INTO `course_time` VALUES (628, 393, 6, 8, 1, 0);
INSERT INTO `course_time` VALUES (629, 394, 2, 4, 3, 0);
INSERT INTO `course_time` VALUES (630, 394, 1, 3, 5, 0);
INSERT INTO `course_time` VALUES (631, 395, 2, 4, 2, 0);
INSERT INTO `course_time` VALUES (653, 409, 5, 7, 1, 0);
INSERT INTO `course_time` VALUES (654, 409, 6, 8, 1, 0);
INSERT INTO `course_time` VALUES (655, 410, 6, 8, 1, 0);
INSERT INTO `course_time` VALUES (656, 410, 5, 7, 2, 0);
INSERT INTO `course_time` VALUES (657, 411, 1, 4, 2, 0);
INSERT INTO `course_time` VALUES (658, 411, 1, 3, 5, 0);
INSERT INTO `course_time` VALUES (659, 412, 6, 8, 5, 0);
INSERT INTO `course_time` VALUES (660, 413, 2, 4, 4, 0);
INSERT INTO `course_time` VALUES (661, 413, 1, 3, 5, 0);
INSERT INTO `course_time` VALUES (662, 414, 2, 4, 3, 0);
INSERT INTO `course_time` VALUES (663, 415, 2, 4, 3, 0);
INSERT INTO `course_time` VALUES (664, 415, 1, 3, 1, 0);
INSERT INTO `course_time` VALUES (665, 416, 1, 3, 2, 0);
INSERT INTO `course_time` VALUES (666, 416, 2, 4, 2, 0);
INSERT INTO `course_time` VALUES (667, 417, 6, 8, 3, 0);
INSERT INTO `course_time` VALUES (668, 417, 5, 7, 1, 0);
INSERT INTO `course_time` VALUES (669, 418, 1, 4, 3, 0);
INSERT INTO `course_time` VALUES (670, 418, 1, 3, 1, 0);
INSERT INTO `course_time` VALUES (671, 419, 5, 8, 3, 0);
INSERT INTO `course_time` VALUES (672, 420, 2, 4, 1, 0);
INSERT INTO `course_time` VALUES (696, 436, 1, 4, 5, 0);
INSERT INTO `course_time` VALUES (697, 436, 2, 4, 5, 0);
INSERT INTO `course_time` VALUES (698, 437, 6, 8, 2, 0);
INSERT INTO `course_time` VALUES (699, 437, 5, 7, 1, 0);
INSERT INTO `course_time` VALUES (711, 446, 6, 8, 4, 0);
INSERT INTO `course_time` VALUES (712, 446, 5, 7, 1, 0);
INSERT INTO `course_time` VALUES (713, 447, 2, 4, 5, 0);
INSERT INTO `course_time` VALUES (714, 448, 1, 4, 2, 0);
INSERT INTO `course_time` VALUES (715, 448, 1, 3, 4, 0);
INSERT INTO `course_time` VALUES (716, 449, 1, 3, 4, 0);
INSERT INTO `course_time` VALUES (717, 450, 1, 3, 2, 0);
INSERT INTO `course_time` VALUES (718, 450, 2, 4, 2, 0);
INSERT INTO `course_time` VALUES (928, 584, 6, 8, 4, 0);
INSERT INTO `course_time` VALUES (929, 584, 5, 7, 4, 0);
INSERT INTO `course_time` VALUES (930, 585, 5, 8, 3, 0);
INSERT INTO `course_time` VALUES (931, 586, 5, 8, 5, 0);
INSERT INTO `course_time` VALUES (932, 586, 5, 7, 2, 0);
INSERT INTO `course_time` VALUES (933, 587, 1, 3, 4, 0);
INSERT INTO `course_time` VALUES (934, 588, 6, 8, 3, 0);
INSERT INTO `course_time` VALUES (935, 588, 5, 7, 1, 0);
INSERT INTO `course_time` VALUES (936, 589, 2, 4, 1, 0);
INSERT INTO `course_time` VALUES (937, 589, 1, 3, 4, 0);
INSERT INTO `course_time` VALUES (938, 590, 1, 4, 1, 0);
INSERT INTO `course_time` VALUES (939, 591, 5, 8, 5, 0);
INSERT INTO `course_time` VALUES (940, 591, 5, 7, 3, 0);
INSERT INTO `course_time` VALUES (941, 592, 5, 8, 1, 0);
INSERT INTO `course_time` VALUES (942, 593, 2, 4, 3, 0);
INSERT INTO `course_time` VALUES (943, 594, 5, 8, 5, 0);
INSERT INTO `course_time` VALUES (944, 595, 5, 7, 5, 0);
INSERT INTO `course_time` VALUES (945, 596, 1, 3, 1, 0);
INSERT INTO `course_time` VALUES (946, 596, 2, 4, 1, 0);
INSERT INTO `course_time` VALUES (947, 597, 1, 3, 3, 0);
INSERT INTO `course_time` VALUES (948, 597, 2, 4, 3, 0);
INSERT INTO `course_time` VALUES (949, 598, 5, 8, 2, 0);
INSERT INTO `course_time` VALUES (950, 598, 5, 7, 2, 0);
INSERT INTO `course_time` VALUES (951, 599, 1, 4, 4, 0);
INSERT INTO `course_time` VALUES (952, 599, 1, 3, 3, 0);
INSERT INTO `course_time` VALUES (953, 600, 6, 8, 2, 0);
INSERT INTO `course_time` VALUES (954, 601, 5, 7, 5, 0);
INSERT INTO `course_time` VALUES (955, 602, 5, 8, 2, 0);
INSERT INTO `course_time` VALUES (956, 602, 5, 7, 1, 0);
INSERT INTO `course_time` VALUES (957, 603, 2, 4, 2, 0);
INSERT INTO `course_time` VALUES (958, 604, 5, 7, 3, 0);
INSERT INTO `course_time` VALUES (959, 604, 6, 8, 3, 0);
INSERT INTO `course_time` VALUES (960, 605, 1, 3, 5, 0);
INSERT INTO `course_time` VALUES (961, 605, 2, 4, 5, 0);
INSERT INTO `course_time` VALUES (962, 606, 1, 3, 3, 0);
INSERT INTO `course_time` VALUES (963, 606, 2, 4, 3, 0);
INSERT INTO `course_time` VALUES (964, 607, 5, 8, 3, 0);
INSERT INTO `course_time` VALUES (965, 607, 5, 7, 5, 0);
INSERT INTO `course_time` VALUES (966, 608, 5, 8, 3, 0);
INSERT INTO `course_time` VALUES (967, 608, 5, 7, 2, 0);
INSERT INTO `course_time` VALUES (968, 609, 1, 3, 3, 0);
INSERT INTO `course_time` VALUES (969, 609, 2, 4, 3, 0);
INSERT INTO `course_time` VALUES (970, 610, 6, 8, 5, 0);
INSERT INTO `course_time` VALUES (971, 610, 5, 7, 2, 0);
INSERT INTO `course_time` VALUES (972, 611, 1, 3, 2, 0);
INSERT INTO `course_time` VALUES (973, 611, 2, 4, 2, 0);
INSERT INTO `course_time` VALUES (974, 612, 5, 7, 5, 0);
INSERT INTO `course_time` VALUES (975, 613, 1, 3, 2, 0);
INSERT INTO `course_time` VALUES (976, 613, 2, 4, 2, 0);
INSERT INTO `course_time` VALUES (977, 614, 1, 3, 5, 0);
INSERT INTO `course_time` VALUES (978, 615, 5, 8, 5, 0);
INSERT INTO `course_time` VALUES (979, 615, 5, 7, 4, 0);
INSERT INTO `course_time` VALUES (980, 616, 1, 4, 3, 0);
INSERT INTO `course_time` VALUES (981, 616, 1, 3, 2, 0);
INSERT INTO `course_time` VALUES (982, 617, 1, 3, 1, 0);
INSERT INTO `course_time` VALUES (983, 618, 5, 7, 3, 0);
INSERT INTO `course_time` VALUES (984, 618, 6, 8, 3, 0);
INSERT INTO `course_time` VALUES (985, 619, 5, 7, 5, 0);
INSERT INTO `course_time` VALUES (986, 620, 2, 4, 5, 0);
INSERT INTO `course_time` VALUES (987, 620, 1, 3, 1, 0);
INSERT INTO `course_time` VALUES (988, 621, 1, 3, 1, 0);
INSERT INTO `course_time` VALUES (989, 621, 2, 4, 1, 0);
INSERT INTO `course_time` VALUES (990, 622, 5, 7, 4, 0);
INSERT INTO `course_time` VALUES (991, 622, 6, 8, 4, 0);
INSERT INTO `course_time` VALUES (992, 623, 6, 8, 4, 0);
INSERT INTO `course_time` VALUES (993, 623, 5, 7, 3, 0);
INSERT INTO `course_time` VALUES (994, 624, 1, 4, 3, 0);
INSERT INTO `course_time` VALUES (995, 624, 1, 3, 2, 0);
INSERT INTO `course_time` VALUES (996, 625, 1, 3, 3, 0);
INSERT INTO `course_time` VALUES (997, 625, 2, 4, 3, 0);
INSERT INTO `course_time` VALUES (998, 626, 5, 8, 2, 0);
INSERT INTO `course_time` VALUES (1028, 645, 5, 8, 3, 0);
INSERT INTO `course_time` VALUES (1029, 646, 6, 8, 5, 0);
INSERT INTO `course_time` VALUES (1030, 646, 5, 7, 4, 0);
INSERT INTO `course_time` VALUES (1031, 647, 1, 3, 1, 0);


-- ----------------------------
-- Table structure for major
-- ----------------------------
DROP TABLE IF EXISTS `major`;
CREATE TABLE `major`  (
  `id` int(11) NOT NULL AUTO_INCREMENT,
  `MajorName` varchar(255) CHARACTER SET utf8 COLLATE utf8_general_ci NULL DEFAULT NULL,
  `CollegeID` int(11) NULL DEFAULT NULL,
  `DeleteStatus` int(11) NOT NULL DEFAULT 0 COMMENT '删除位',
  PRIMARY KEY (`id`) USING BTREE,
  INDEX `CollegeID`(`CollegeID`) USING BTREE,
  CONSTRAINT `major_ibfk_1` FOREIGN KEY (`CollegeID`) REFERENCES `college` (`id`) ON DELETE CASCADE ON UPDATE CASCADE
) ENGINE = InnoDB AUTO_INCREMENT = 24 CHARACTER SET = utf8 COLLATE = utf8_general_ci ROW_FORMAT = Compact;

-- ----------------------------
-- Records of major
-- ----------------------------
INSERT INTO `major` VALUES (2, '信息安全', 1, 0);
INSERT INTO `major` VALUES (3, '自动化', 1, 0);
INSERT INTO `major` VALUES (4, '智能科学与技术', 1, 0);
INSERT INTO `major` VALUES (5, '电子科学与技术', 6, 0);
INSERT INTO `major` VALUES (6, '电子信息科学与技术', 6, 0);
INSERT INTO `major` VALUES (7, '通信工程', 6, 0);
INSERT INTO `major` VALUES (8, '精算学', 2, 0);
INSERT INTO `major` VALUES (9, '光电信息科学与工程', 6, 0);
INSERT INTO `major` VALUES (10, '微电子科学与工程', 6, 0);
INSERT INTO `major` VALUES (11, '马克思主义哲学', 5, 0);
INSERT INTO `major` VALUES (12, '中国哲学', 5, 0);
INSERT INTO `major` VALUES (13, '外国哲学', 5, 0);
INSERT INTO `major` VALUES (14, '逻辑学', 5, 0);
INSERT INTO `major` VALUES (15, '科学技术哲学', 5, 0);
INSERT INTO `major` VALUES (16, '中国史学', 3, 0);
INSERT INTO `major` VALUES (17, '世界史学', 3, 0);
INSERT INTO `major` VALUES (18, '考古与博物馆学', 3, 0);
INSERT INTO `major` VALUES (19, '国际金融', 2, 0);
INSERT INTO `major` VALUES (20, '数量金融', 2, 0);
INSERT INTO `major` VALUES (21, '应用金融', 2, 0);
INSERT INTO `major` VALUES (22, '金融经济', 2, 0);
INSERT INTO `major` VALUES (23, '风险管理与保险', 2, 0);

-- ----------------------------
-- Table structure for student
-- ----------------------------
DROP TABLE IF EXISTS `student`;
CREATE TABLE `student`  (
  `id` int(11) NOT NULL AUTO_INCREMENT,
  `StudentName` varchar(255) CHARACTER SET utf8 COLLATE utf8_general_ci NULL DEFAULT NULL,
  `Gender` int(11) NULL DEFAULT 0 COMMENT '性别：0 is 未知，1 is 男，2 is 女',
  `NickName` varchar(255) CHARACTER SET utf8 COLLATE utf8_general_ci NULL DEFAULT NULL,
  `Password` varchar(255) CHARACTER SET utf8 COLLATE utf8_general_ci NULL DEFAULT NULL,
  `StudentNumber` varchar(255) CHARACTER SET utf8 COLLATE utf8_general_ci NULL DEFAULT NULL,
  `Grade` int(11) NULL DEFAULT NULL,
  `CollegeID` int(11) NULL DEFAULT NULL,
  `MajorID` int(11) NULL DEFAULT NULL,
  `StudentPortrait` varchar(255) CHARACTER SET utf8 COLLATE utf8_general_ci NULL DEFAULT NULL,
  `Privilege` int(11) NOT NULL DEFAULT 0 COMMENT '0=普通用户 1=管理员',
  `DeleteStatus` int(11) NOT NULL DEFAULT 0 COMMENT '删除位：0 is 正常，1 is 已删除',
  PRIMARY KEY (`id`) USING BTREE,
  INDEX `CollegeID`(`CollegeID`) USING BTREE,
  INDEX `MajorID`(`MajorID`) USING BTREE,
  CONSTRAINT `student_ibfk_1` FOREIGN KEY (`CollegeID`) REFERENCES `college` (`id`) ON DELETE CASCADE ON UPDATE CASCADE,
  CONSTRAINT `student_ibfk_2` FOREIGN KEY (`MajorID`) REFERENCES `major` (`id`) ON DELETE CASCADE ON UPDATE CASCADE
) ENGINE = InnoDB AUTO_INCREMENT = 457 CHARACTER SET = utf8 COLLATE = utf8_general_ci ROW_FORMAT = Compact;

-- ----------------------------
-- Records of student
-- ----------------------------
INSERT INTO `student` VALUES (1, NULL, 0, 'batman', '123', '123', 16, 1, 2, '/images/avatar/avatar6.jpg', 0, 0);
INSERT INTO `student` VALUES (4, 'TestStudent', NULL, NULL, NULL, NULL, 0, NULL, NULL, '/images/avatar/avatar2.png', 0, 0);
INSERT INTO `student` VALUES (5, 'TestStudent', NULL, NULL, NULL, NULL, 0, NULL, NULL, '/images/avatar/avatar1.png', 0, 0);
INSERT INTO `student` VALUES (8, '邱新竹', 1, 'Brady Nixon', '903050', '1368577', 13, 1, 3, '/images/avatar/avatar1.png', 0, 0);
INSERT INTO `student` VALUES (9, '邓雪曼', 2, 'Susie Camp', '508682', '1384372', 13, 2, 20, '/images/avatar/avatar1.jpg', 0, 0);
INSERT INTO `student` VALUES (10, '银振国', 1, 'Kirk Russell', '771614', '1695593', 16, 6, 10, '/images/avatar/avatar2.jpg', 0, 0);
INSERT INTO `student` VALUES (11, '雀白容', 2, 'Cash Timothy', '990777', '1351887', 13, 6, 10, '/images/avatar/avatar8.jpg', 0, 0);
INSERT INTO `student` VALUES (12, '卓怜南', 2, 'Cleveland Raymond', '251632', '1669829', 16, 3, 16, '/images/avatar/avatar5.png', 0, 0);
INSERT INTO `student` VALUES (13, '亥帅红', 1, 'Frank Joel', '1007450', '1556883', 15, 1, 4, '/images/avatar/avatar8.jpg', 0, 0);
INSERT INTO `student` VALUES (14, '树涵意', 2, 'Miriam Stephens', '425260', '1545911', 15, 3, 16, '/images/avatar/avatar2.jpg', 0, 0);
INSERT INTO `student` VALUES (15, '御贞静', 2, 'Winston Marlowe', '428708', '1413615', 14, 5, 12, '/images/avatar/avatar2.png', 0, 0);
INSERT INTO `student` VALUES (16, '干浦泽', 1, 'Letitia O\'Connor', '902840', '1452670', 14, 5, 12, '/images/avatar/avatar2.png', 0, 0);
INSERT INTO `student` VALUES (17, '空康宁', 2, 'Vic Butler', '1015985', '1504132', 15, 3, 16, '/images/avatar/avatar2.png', 0, 0);
INSERT INTO `student` VALUES (18, '瞿桂月', 1, 'Camille Grey', '1035253', '1514281', 15, 1, 2, '/images/avatar/avatar2.png', 0, 0);
INSERT INTO `student` VALUES (19, '蒿访烟', 1, 'Nat Alfred', '955282', '1375625', 13, 6, 10, '/images/avatar/avatar2.png', 0, 0);
INSERT INTO `student` VALUES (20, '但静涵', 2, 'Alan Boswell', '900578', '1760306', 17, 1, 4, '/images/avatar/avatar4.jpg', 0, 0);
INSERT INTO `student` VALUES (21, '成伟博', 1, 'Pamela Lincoln', '852009', '1339878', 13, 6, 7, '/images/avatar/avatar5.jpg', 0, 0);
INSERT INTO `student` VALUES (22, '乌怀绿', 2, 'Rebecca Lawson', '214154', '1790515', 17, 1, 2, '/images/avatar/avatar6.jpg', 0, 0);
INSERT INTO `student` VALUES (23, '磨芳华', 1, 'Lewis Woolf', '745267', '1706916', 17, 2, 21, '/images/avatar/avatar2.png', 0, 0);
INSERT INTO `student` VALUES (24, '吕半凡', 1, 'Barton Hawthorne', '643794', '1606553', 16, 3, 17, '/images/avatar/avatar5.jpg', 0, 0);
INSERT INTO `student` VALUES (25, '卿文华', 2, 'Molly Thodore', '605047', '1559874', 15, 2, 23, '/images/avatar/avatar8.jpg', 0, 0);
INSERT INTO `student` VALUES (26, '仝紫琼', 1, 'Parker Babbitt', '705988', '1641465', 16, 3, 17, '/images/avatar/avatar6.jpg', 0, 0);
INSERT INTO `student` VALUES (27, '频红旭', 2, 'Elma Buckle', '998939', '1425866', 14, 1, 4, '/images/avatar/avatar2.jpg', 0, 0);
INSERT INTO `student` VALUES (28, '卢之桃', 2, 'Yedda Cotton', '380637', '1375181', 13, 2, 21, '/images/avatar/avatar5.png', 0, 0);
INSERT INTO `student` VALUES (29, '虞成和', 2, 'Les Smith', '865761', '1325363', 13, 6, 10, '/images/avatar/avatar3.jpg', 0, 0);
INSERT INTO `student` VALUES (30, '虢冬梅', 1, 'Gill Macadam', '913543', '1561672', 15, 6, 7, '/images/avatar/avatar8.jpg', 0, 0);
INSERT INTO `student` VALUES (31, '邹端静', 2, 'Alva Scott', '131685', '1684451', 16, 6, 5, '/images/avatar/avatar5.jpg', 0, 0);
INSERT INTO `student` VALUES (32, '巫凝洁', 2, 'Andrea Young', '863890', '1452340', 14, 2, 20, '/images/avatar/avatar6.jpg', 0, 0);
INSERT INTO `student` VALUES (33, '说寄波', 1, 'Elliot Sara(h)', '187752', '1500380', 15, 2, 20, '/images/avatar/avatar5.jpg', 0, 0);
INSERT INTO `student` VALUES (34, '洪奇略', 1, 'Burnell Blume', '1079411', '1797583', 17, 2, 8, '/images/avatar/avatar2.jpg', 0, 0);
INSERT INTO `student` VALUES (35, '昝典丽', 1, 'Boris Broad', '734628', '1503307', 15, 2, 21, '/images/avatar/avatar4.png', 0, 0);
INSERT INTO `student` VALUES (36, '鹿依秋', 1, 'Cheryl Harrington', '871231', '1593869', 15, 1, 4, '/images/avatar/avatar5.png', 0, 0);
INSERT INTO `student` VALUES (37, '简远航', 1, 'Jo Roger', '1074696', '1747096', 17, 2, 23, '/images/avatar/avatar1.png', 0, 0);
INSERT INTO `student` VALUES (38, '鄞思慧', 2, 'Keith Hobbes', '403567', '1683152', 16, 2, 23, '/images/avatar/avatar5.jpg', 0, 0);
INSERT INTO `student` VALUES (39, '鱼芳馥', 2, 'Maggie Owen', '561898', '1602788', 16, 6, 10, '/images/avatar/avatar1.jpg', 0, 0);
INSERT INTO `student` VALUES (40, '蔚书白', 1, 'Armand Kitto', '594310', '1690685', 16, 6, 9, '/images/avatar/avatar8.jpg', 0, 0);
INSERT INTO `student` VALUES (41, '尹天悦', 2, 'Odelia Moore', '586129', '1475973', 14, 3, 16, '/images/avatar/avatar8.jpg', 0, 0);
INSERT INTO `student` VALUES (42, '融亦竹', 2, 'Kimberley Wallis', '765845', '1789549', 17, 5, 13, '/images/avatar/avatar5.jpg', 0, 0);
INSERT INTO `student` VALUES (43, '貊嘉志', 1, 'Deirdre Herty', '788006', '1321688', 13, 2, 21, '/images/avatar/avatar6.jpg', 0, 0);
INSERT INTO `student` VALUES (44, '甘凌雪', 2, 'Zero Washington', '715253', '1395072', 13, 2, 8, '/images/avatar/avatar3.jpg', 0, 0);
INSERT INTO `student` VALUES (45, '焉意远', 1, 'Vicky Raphael', '268075', '1367734', 13, 1, 4, '/images/avatar/avatar1.jpg', 0, 0);
INSERT INTO `student` VALUES (46, '肖新荣', 1, 'Rachel Harrison', '792059', '1396315', 13, 1, 4, '/images/avatar/avatar5.png', 0, 0);
INSERT INTO `student` VALUES (47, '尤修为', 2, 'Troy Barney', '107714', '1373032', 13, 2, 20, '/images/avatar/avatar5.png', 0, 0);
INSERT INTO `student` VALUES (48, '畅佁然', 2, 'Jennifer Pearson', '229990', '1713606', 17, 3, 18, '/images/avatar/avatar7.jpg', 0, 0);
INSERT INTO `student` VALUES (49, '营良骏', 1, 'Ogden Pepys', '389621', '1387332', 13, 2, 20, '/images/avatar/avatar5.jpg', 0, 0);
INSERT INTO `student` VALUES (50, '申震轩', 2, 'Noel Hugh', '504590', '1789495', 17, 5, 13, '/images/avatar/avatar2.png', 0, 0);
INSERT INTO `student` VALUES (51, '郑向松', 1, 'Salome Martha', '892039', '1353447', 13, 5, 12, '/images/avatar/avatar6.jpg', 0, 0);
INSERT INTO `student` VALUES (52, '上官弘深', 1, 'Ada Maltz', '923639', '1454383', 14, 6, 9, '/images/avatar/avatar6.jpg', 0, 0);
INSERT INTO `student` VALUES (53, '汗依波', 2, 'Helen Barnard', '732831', '1606195', 16, 1, 3, '/images/avatar/avatar2.png', 0, 0);
INSERT INTO `student` VALUES (54, '满嘉怡', 2, 'Bennett Powell', '266337', '1613986', 16, 1, 4, '/images/avatar/avatar2.png', 0, 0);
INSERT INTO `student` VALUES (55, '纪清怡', 2, 'May MacArthur', '343514', '1710109', 17, 3, 17, '/images/avatar/avatar5.png', 0, 0);
INSERT INTO `student` VALUES (56, '竺俊雅', 1, 'Lambert Katte', '501971', '1474670', 14, 5, 11, '/images/avatar/avatar7.jpg', 0, 0);
INSERT INTO `student` VALUES (57, '章佳沛珊', 1, 'Bevis Beard', '145797', '1370676', 13, 3, 17, '/images/avatar/avatar2.png', 0, 0);
INSERT INTO `student` VALUES (58, '纵庄雅', 1, 'Lucy Brown', '831317', '1379211', 13, 5, 15, '/images/avatar/avatar2.jpg', 0, 0);
INSERT INTO `student` VALUES (59, '须洁雅', 1, 'Jonas Morrison', '780526', '1590993', 15, 2, 22, '/images/avatar/avatar8.jpg', 0, 0);
INSERT INTO `student` VALUES (60, '和睿诚', 1, 'Werner Wodehous', '166276', '1595398', 15, 2, 21, '/images/avatar/avatar3.png', 0, 0);
INSERT INTO `student` VALUES (61, '逢静安', 1, 'Natividad Dodd', '1079219', '1647862', 16, 5, 11, '/images/avatar/avatar1.jpg', 0, 0);
INSERT INTO `student` VALUES (62, '圭雁凡', 1, 'Irma Amelia', '953691', '1643235', 16, 5, 11, '/images/avatar/avatar8.jpg', 0, 0);
INSERT INTO `student` VALUES (63, '山妍和', 1, 'Ula Jonson', '1049265', '1393791', 13, 6, 7, '/images/avatar/avatar1.png', 0, 0);
INSERT INTO `student` VALUES (64, '律彦杉', 2, 'Avery Foster', '924000', '1565502', 15, 6, 10, '/images/avatar/avatar4.jpg', 0, 0);
INSERT INTO `student` VALUES (65, '镜映天', 2, 'Guy Trollpoe', '971157', '1698038', 16, 5, 12, '/images/avatar/avatar1.jpg', 0, 0);
INSERT INTO `student` VALUES (66, '蔡笑旋', 1, 'Vivian Mackintosh', '253453', '1568094', 15, 6, 9, '/images/avatar/avatar3.png', 0, 0);
INSERT INTO `student` VALUES (67, '星思嫒', 2, 'Griffith Maurice', '308174', '1719343', 17, 2, 22, '/images/avatar/avatar3.png', 0, 0);
INSERT INTO `student` VALUES (68, '贵南蓉', 2, 'Dennis Kipling', '651206', '1734703', 17, 5, 11, '/images/avatar/avatar4.png', 0, 0);
INSERT INTO `student` VALUES (69, '同梦寒', 1, 'Monroe Willard', '758575', '1582970', 15, 6, 7, '/images/avatar/avatar6.jpg', 0, 0);
INSERT INTO `student` VALUES (70, '安英豪', 1, 'Otis Back', '391410', '1422441', 14, 5, 12, '/images/avatar/avatar3.png', 0, 0);
INSERT INTO `student` VALUES (71, '仁翰飞', 2, 'Isabel Toynbee', '383676', '1361282', 13, 2, 19, '/images/avatar/avatar2.png', 0, 0);
INSERT INTO `student` VALUES (72, '关可嘉', 1, 'Betsy Godwin', '797175', '1441155', 14, 6, 9, '/images/avatar/avatar5.jpg', 0, 0);
INSERT INTO `student` VALUES (73, '西门方方', 2, 'Frederica Eva', '895943', '1481271', 14, 3, 17, '/images/avatar/avatar8.jpg', 0, 0);
INSERT INTO `student` VALUES (74, '赤贤惠', 2, 'Booth Lawrence', '736076', '1576822', 15, 5, 14, '/images/avatar/avatar4.png', 0, 0);
INSERT INTO `student` VALUES (75, '宿乐儿', 1, 'Olga Dupont', '912285', '1600832', 16, 2, 23, '/images/avatar/avatar6.jpg', 0, 0);
INSERT INTO `student` VALUES (76, '代山梅', 1, 'Gabriel Samuel', '691863', '1528577', 15, 5, 12, '/images/avatar/avatar5.png', 0, 0);
INSERT INTO `student` VALUES (77, '道友珊', 2, 'Hunter Dewar', '871184', '1720741', 17, 1, 4, '/images/avatar/avatar1.png', 0, 0);
INSERT INTO `student` VALUES (78, '习心远', 2, 'Carl Bess', '948670', '1311652', 13, 6, 10, '/images/avatar/avatar3.jpg', 0, 0);
INSERT INTO `student` VALUES (79, '霍曼彤', 1, 'Deborah House', '869842', '1447704', 14, 5, 14, '/images/avatar/avatar2.png', 0, 0);
INSERT INTO `student` VALUES (80, '通俊楠', 1, 'Tyler Adolph', '174627', '1339727', 13, 6, 6, '/images/avatar/avatar8.jpg', 0, 0);
INSERT INTO `student` VALUES (81, '敏明诚', 2, 'Marsh Walker', '572215', '1423772', 14, 5, 14, '/images/avatar/avatar6.jpg', 0, 0);
INSERT INTO `student` VALUES (82, '奈长岳', 1, 'Sam Turner', '238438', '1618626', 16, 5, 13, '/images/avatar/avatar4.jpg', 0, 0);
INSERT INTO `student` VALUES (83, '佴婉丽', 2, 'Mamie Belloc', '300990', '1635019', 16, 1, 4, '/images/avatar/avatar1.jpg', 0, 0);
INSERT INTO `student` VALUES (84, '公冶柔雅', 2, 'Belle Saroyan', '847258', '1344790', 13, 6, 7, '/images/avatar/avatar7.jpg', 0, 0);
INSERT INTO `student` VALUES (85, '旗飞飙', 1, 'Donald Sharp', '152060', '1654408', 16, 6, 6, '/images/avatar/avatar6.jpg', 0, 0);
INSERT INTO `student` VALUES (86, '卷琦巧', 1, 'Barlow Minnie', '429006', '1788731', 17, 2, 19, '/images/avatar/avatar4.jpg', 0, 0);
INSERT INTO `student` VALUES (87, '朱云臻', 2, 'Alston Tate', '879470', '1361699', 13, 6, 6, '/images/avatar/avatar7.jpg', 0, 0);
INSERT INTO `student` VALUES (88, '留丽芳', 1, 'Teresa Eleanor', '784822', '1399078', 13, 1, 2, '/images/avatar/avatar3.png', 0, 0);
INSERT INTO `student` VALUES (89, '独宜楠', 1, 'Marcia Holt', '829579', '1339775', 13, 2, 22, '/images/avatar/avatar7.jpg', 0, 0);
INSERT INTO `student` VALUES (90, '京妮子', 2, 'Phoebe Howell(s)', '132008', '1410119', 14, 1, 2, '/images/avatar/avatar2.png', 0, 0);
INSERT INTO `student` VALUES (91, '辛香柏', 2, 'Elmer ', '426275', '1370381', 13, 5, 13, '/images/avatar/avatar1.png', 0, 0);
INSERT INTO `student` VALUES (92, '赵云飞', 1, 'Genevieve Pritt', '807019', '1592849', 15, 1, 3, '/images/avatar/avatar1.jpg', 0, 0);
INSERT INTO `student` VALUES (93, '敬溶溶', 1, 'Hugo Stone', '133190', '1634593', 16, 3, 17, '/images/avatar/avatar5.jpg', 0, 0);
INSERT INTO `student` VALUES (94, '祈星光', 1, 'Eartha Dewey', '624635', '1710853', 17, 5, 12, '/images/avatar/avatar2.png', 0, 0);
INSERT INTO `student` VALUES (95, '杭涵亮', 2, 'Otto Bauer', '358557', '1393319', 13, 1, 4, '/images/avatar/avatar5.png', 0, 0);
INSERT INTO `student` VALUES (96, '管夏真', 1, 'Arvin Whyet', '514342', '1467799', 14, 6, 7, '/images/avatar/avatar3.jpg', 0, 0);
INSERT INTO `student` VALUES (97, '蓝敬曦', 1, 'Patricia Thorndike', '108390', '1697238', 16, 6, 6, '/images/avatar/avatar7.jpg', 0, 0);
INSERT INTO `student` VALUES (98, '景春海', 1, 'York Arabella', '956074', '1691795', 16, 6, 10, '/images/avatar/avatar5.jpg', 0, 0);
INSERT INTO `student` VALUES (99, '允琇云', 1, 'Ted Augustine', '711966', '1635880', 16, 2, 20, '/images/avatar/avatar1.png', 0, 0);
INSERT INTO `student` VALUES (100, '哈凝蝶', 1, 'Sidney Pullan', '193139', '1307002', 13, 2, 20, '/images/avatar/avatar7.jpg', 0, 0);
INSERT INTO `student` VALUES (101, '仰光亮', 2, 'Beatrice Barton', '540522', '1302101', 13, 2, 19, '/images/avatar/avatar4.jpg', 0, 0);
INSERT INTO `student` VALUES (102, '犹雨筠', 2, 'Rudolf Carllyle', '508742', '1542059', 15, 6, 5, '/images/avatar/avatar6.jpg', 0, 0);
INSERT INTO `student` VALUES (103, '车浦和', 2, 'Kevin Paul', '193688', '1308816', 13, 3, 17, '/images/avatar/avatar7.jpg', 0, 0);
INSERT INTO `student` VALUES (104, '信昆谊', 1, 'Nina Ingersoll', '278246', '1540928', 15, 2, 21, '/images/avatar/avatar2.png', 0, 0);
INSERT INTO `student` VALUES (105, '凌兰泽', 1, 'Page Hill', '570137', '1488595', 14, 5, 12, '/images/avatar/avatar2.png', 0, 0);
INSERT INTO `student` VALUES (106, '羿智刚', 2, 'Vito Lizzie', '824768', '1502185', 15, 2, 8, '/images/avatar/avatar3.jpg', 0, 0);
INSERT INTO `student` VALUES (107, '问同光', 2, 'Candice Herbert', '594919', '1755531', 17, 6, 9, '/images/avatar/avatar7.jpg', 0, 0);
INSERT INTO `student` VALUES (108, '那拉端丽', 2, 'Amelia Alsop(p)', '649173', '1563568', 15, 3, 17, '/images/avatar/avatar8.jpg', 0, 0);
INSERT INTO `student` VALUES (109, '实凌霜', 1, 'Aldrich Nelly', '410021', '1524096', 15, 5, 12, '/images/avatar/avatar1.jpg', 0, 0);
INSERT INTO `student` VALUES (110, '藤湛恩', 1, 'Marlon Max', '865428', '1646168', 16, 6, 7, '/images/avatar/avatar4.jpg', 0, 0);
INSERT INTO `student` VALUES (111, '汝芳林', 2, 'Richard Jefferson', '191960', '1429483', 14, 2, 20, '/images/avatar/avatar3.png', 0, 0);
INSERT INTO `student` VALUES (112, '九溪儿', 1, 'Gordon Dorothy', '1049345', '1462263', 14, 3, 17, '/images/avatar/avatar3.png', 0, 0);
INSERT INTO `student` VALUES (113, '旷澎湃', 2, 'Ward Needham', '798384', '1516576', 15, 6, 5, '/images/avatar/avatar8.jpg', 0, 0);
INSERT INTO `student` VALUES (114, '敛飞雪', 1, 'Rose Walkley', '972758', '1437573', 14, 6, 9, '/images/avatar/avatar1.png', 0, 0);
INSERT INTO `student` VALUES (115, '寿春娇', 2, 'Nora Hopkin(s)', '264343', '1403406', 14, 1, 4, '/images/avatar/avatar8.jpg', 0, 0);
INSERT INTO `student` VALUES (116, '勾书语', 1, 'Vanessa Horace', '931391', '1711318', 17, 2, 21, '/images/avatar/avatar8.jpg', 0, 0);
INSERT INTO `student` VALUES (117, '宜晨辰', 2, 'Rita Jonathan', '381640', '1710263', 17, 2, 23, '/images/avatar/avatar1.png', 0, 0);
INSERT INTO `student` VALUES (118, '樊夜春', 2, 'Gloria Richard', '614426', '1425189', 14, 5, 15, '/images/avatar/avatar5.png', 0, 0);
INSERT INTO `student` VALUES (119, '农振博', 1, 'Valentine Macaulay', '187317', '1590308', 15, 5, 11, '/images/avatar/avatar8.jpg', 0, 0);
INSERT INTO `student` VALUES (120, '委静慧', 1, 'Larry Price', '133025', '1787596', 17, 6, 10, '/images/avatar/avatar2.jpg', 0, 0);
INSERT INTO `student` VALUES (121, '方兴旺', 1, 'Josephine Brooke', '1034843', '1604354', 16, 2, 20, '/images/avatar/avatar6.jpg', 0, 0);
INSERT INTO `student` VALUES (122, '元温文', 1, 'Archibald Bulwer', '466591', '1701542', 17, 1, 4, '/images/avatar/avatar5.png', 0, 0);
INSERT INTO `student` VALUES (123, '督良才', 1, 'Willie Lucas', '771146', '1517522', 15, 1, 2, '/images/avatar/avatar3.jpg', 0, 0);
INSERT INTO `student` VALUES (124, '董高超', 2, 'Blake Tommy', '230550', '1400014', 14, 3, 16, '/images/avatar/avatar1.png', 0, 0);
INSERT INTO `student` VALUES (125, '少腾逸', 2, 'Edmund Milton', '254996', '1708235', 17, 3, 17, '/images/avatar/avatar4.jpg', 0, 0);
INSERT INTO `student` VALUES (126, '似修杰', 1, 'Stephanie Christie', '545080', '1619526', 16, 2, 22, '/images/avatar/avatar1.png', 0, 0);
INSERT INTO `student` VALUES (127, '汤曼凡', 1, 'Bard Ted', '359932', '1565659', 15, 3, 16, '/images/avatar/avatar4.jpg', 0, 0);
INSERT INTO `student` VALUES (128, '弥颀秀', 1, 'Basil Steele', '686188', '1781922', 17, 2, 22, '/images/avatar/avatar4.png', 0, 0);
INSERT INTO `student` VALUES (129, '市昆纶', 2, 'Nicholas Bloomfield', '520207', '1720768', 17, 2, 20, '/images/avatar/avatar1.png', 0, 0);
INSERT INTO `student` VALUES (130, '度昕雨', 2, 'Kenneth Harrod', '739354', '1567737', 15, 5, 13, '/images/avatar/avatar7.jpg', 0, 0);
INSERT INTO `student` VALUES (131, '苑飞雨', 1, 'Jim Bach', '307017', '1781834', 17, 5, 12, '/images/avatar/avatar3.jpg', 0, 0);
INSERT INTO `student` VALUES (132, '禾痴凝', 1, 'Beacher Michelson', '953003', '1482267', 14, 3, 18, '/images/avatar/avatar4.png', 0, 0);
INSERT INTO `student` VALUES (133, '第五安晏', 1, 'Ives Duncan', '694540', '1703120', 17, 6, 6, '/images/avatar/avatar8.jpg', 0, 0);
INSERT INTO `student` VALUES (134, '枚夜柳', 1, 'Afra Anthony', '259286', '1513985', 15, 5, 14, '/images/avatar/avatar6.jpg', 0, 0);
INSERT INTO `student` VALUES (135, '康云水', 1, 'Dunn Adelaide', '196218', '1459172', 14, 1, 3, '/images/avatar/avatar2.png', 0, 0);
INSERT INTO `student` VALUES (136, '逯伟诚', 1, 'Alfred Nora', '1052788', '1661953', 16, 6, 10, '/images/avatar/avatar1.jpg', 0, 0);
INSERT INTO `student` VALUES (137, '盘若南', 1, 'Gilbert Newton', '941134', '1445460', 14, 5, 11, '/images/avatar/avatar1.png', 0, 0);
INSERT INTO `student` VALUES (138, '赖梦影', 1, 'August Belle', '1063713', '1668627', 16, 2, 20, '/images/avatar/avatar1.jpg', 0, 0);
INSERT INTO `student` VALUES (139, '毛昕月', 1, 'Merlin Crichton', '339311', '1787673', 17, 2, 22, '/images/avatar/avatar6.jpg', 0, 0);
INSERT INTO `student` VALUES (140, '漆凯康', 2, 'Elijah Pater', '760855', '1580944', 15, 6, 6, '/images/avatar/avatar2.png', 0, 0);
INSERT INTO `student` VALUES (141, '雷书艺', 2, 'Honey Elsie', '168019', '1636013', 16, 1, 4, '/images/avatar/avatar4.jpg', 0, 0);
INSERT INTO `student` VALUES (142, '秘雨晨', 2, 'Zachary Larkin', '981088', '1697051', 16, 3, 18, '/images/avatar/avatar1.png', 0, 0);
INSERT INTO `student` VALUES (143, '介建业', 1, 'Nancy Judson', '977224', '1584793', 15, 6, 9, '/images/avatar/avatar6.jpg', 0, 0);
INSERT INTO `student` VALUES (144, '丁丹红', 1, 'Arthur Bowman', '687227', '1496731', 14, 5, 15, '/images/avatar/avatar3.jpg', 0, 0);
INSERT INTO `student` VALUES (145, '天雅蕊', 1, 'Janet Simon', '925184', '1421440', 14, 5, 15, '/images/avatar/avatar3.jpg', 0, 0);
INSERT INTO `student` VALUES (146, '沐庆生', 2, 'Zona Ann', '419295', '1745715', 17, 2, 20, '/images/avatar/avatar3.png', 0, 0);
INSERT INTO `student` VALUES (147, '於依波', 1, 'Nick Coffey', '458292', '1642718', 16, 5, 14, '/images/avatar/avatar4.png', 0, 0);
INSERT INTO `student` VALUES (148, '友尔安', 2, 'Ina Sander', '128257', '1650459', 16, 5, 12, '/images/avatar/avatar4.jpg', 0, 0);
INSERT INTO `student` VALUES (149, '登鸿运', 2, 'Earl Goldsmith', '605458', '1662778', 16, 6, 9, '/images/avatar/avatar8.jpg', 0, 0);
INSERT INTO `student` VALUES (150, '堂馥芬', 2, 'Prudence Agnes', '1089450', '1738024', 17, 5, 13, '/images/avatar/avatar6.jpg', 0, 0);
INSERT INTO `student` VALUES (151, '边高邈', 1, 'Elva Carmen', '620720', '1312020', 13, 2, 22, '/images/avatar/avatar2.png', 0, 0);
INSERT INTO `student` VALUES (152, '戈昂然', 1, 'Channing Huntington', '951149', '1341494', 13, 2, 22, '/images/avatar/avatar6.jpg', 0, 0);
INSERT INTO `student` VALUES (153, '贾忆南', 2, 'Barret Palmer', '698716', '1659614', 16, 5, 12, '/images/avatar/avatar5.jpg', 0, 0);
INSERT INTO `student` VALUES (154, '庄浩淼', 1, 'Levi Church', '383670', '1689570', 16, 2, 8, '/images/avatar/avatar3.png', 0, 0);
INSERT INTO `student` VALUES (155, '栾筠溪', 2, 'Lester Joe', '1051771', '1367931', 13, 2, 20, '/images/avatar/avatar2.jpg', 0, 0);
INSERT INTO `student` VALUES (156, '苦芳芳', 1, 'Bert Fox', '128342', '1679491', 16, 5, 14, '/images/avatar/avatar8.jpg', 0, 0);
INSERT INTO `student` VALUES (157, '百代天', 2, 'Ian Judith', '748829', '1655925', 16, 6, 5, '/images/avatar/avatar7.jpg', 0, 0);
INSERT INTO `student` VALUES (158, '圣子明', 2, 'Theresa Lewis', '602893', '1477719', 14, 6, 7, '/images/avatar/avatar4.png', 0, 0);
INSERT INTO `student` VALUES (159, '诸良吉', 1, 'Nigel Wollaston', '938041', '1354063', 13, 6, 10, '/images/avatar/avatar3.png', 0, 0);
INSERT INTO `student` VALUES (160, '喜雨梅', 2, 'Hubery Gaskell', '1097547', '1457288', 14, 2, 23, '/images/avatar/avatar6.jpg', 0, 0);
INSERT INTO `student` VALUES (161, '龙修贤', 1, 'Harold Laurie', '164895', '1770469', 17, 2, 23, '/images/avatar/avatar7.jpg', 0, 0);
INSERT INTO `student` VALUES (162, '鞠蒙雨', 1, 'Evan Katrine', '875066', '1468977', 14, 6, 9, '/images/avatar/avatar5.png', 0, 0);
INSERT INTO `student` VALUES (163, '唐璠瑜', 1, 'Darnell Haywood', '635283', '1657628', 16, 2, 8, '/images/avatar/avatar1.jpg', 0, 0);
INSERT INTO `student` VALUES (164, '礼浩皛', 2, 'Chester Curme', '165282', '1339371', 13, 3, 16, '/images/avatar/avatar2.jpg', 0, 0);
INSERT INTO `student` VALUES (165, '良天媛', 2, 'Eunice Dolly', '764837', '1710585', 17, 5, 15, '/images/avatar/avatar5.png', 0, 0);
INSERT INTO `student` VALUES (166, '贸浩丽', 1, 'Ferdinand Hansom', '302085', '1676726', 16, 1, 3, '/images/avatar/avatar5.png', 0, 0);
INSERT INTO `student` VALUES (167, '侍采春', 2, 'Malcolm Dick', '730412', '1496101', 14, 3, 16, '/images/avatar/avatar2.png', 0, 0);
INSERT INTO `student` VALUES (168, '游采枫', 1, 'Dawn Bryce', '986211', '1312065', 13, 6, 5, '/images/avatar/avatar8.jpg', 0, 0);
INSERT INTO `student` VALUES (169, '荤以旋', 1, 'Matthew Cronin', '744102', '1571819', 15, 6, 6, '/images/avatar/avatar4.jpg', 0, 0);
INSERT INTO `student` VALUES (170, '虎梦旋', 1, 'Orville Jones', '833463', '1470466', 14, 1, 4, '/images/avatar/avatar6.jpg', 0, 0);
INSERT INTO `student` VALUES (171, '淦贤淑', 2, 'Mandy Raman', '180104', '1463683', 14, 6, 5, '/images/avatar/avatar6.jpg', 0, 0);
INSERT INTO `student` VALUES (172, '麦安彤', 1, 'Alexia Daisy', '479595', '1358283', 13, 3, 16, '/images/avatar/avatar2.png', 0, 0);
INSERT INTO `student` VALUES (173, '陈雪珊', 2, 'Boyce Doris', '406361', '1717704', 17, 1, 3, '/images/avatar/avatar5.png', 0, 0);
INSERT INTO `student` VALUES (174, '岳如南', 1, 'Ronald Sailsbury', '233281', '1789309', 17, 2, 20, '/images/avatar/avatar3.png', 0, 0);
INSERT INTO `student` VALUES (175, '沃山兰', 1, 'Quintina Franklin', '442074', '1423200', 14, 5, 14, '/images/avatar/avatar5.jpg', 0, 0);
INSERT INTO `student` VALUES (176, '秦书双', 2, 'Paul DeQuincey', '557515', '1703696', 17, 3, 17, '/images/avatar/avatar1.png', 0, 0);
INSERT INTO `student` VALUES (177, '法华晖', 2, 'Benedict Locke', '205467', '1611650', 16, 2, 23, '/images/avatar/avatar7.jpg', 0, 0);
INSERT INTO `student` VALUES (178, '古和通', 1, 'Bob Wagner', '810224', '1714908', 17, 5, 11, '/images/avatar/avatar1.jpg', 0, 0);
INSERT INTO `student` VALUES (179, '锁湘云', 2, 'Spencer May', '897954', '1442859', 14, 3, 17, '/images/avatar/avatar2.png', 0, 0);
INSERT INTO `student` VALUES (180, '祢奥维', 1, 'Poppy Reed', '198009', '1744684', 17, 3, 16, '/images/avatar/avatar6.jpg', 0, 0);
INSERT INTO `student` VALUES (181, '布俊楚', 2, 'Joyce Jeremiah', '664282', '1405151', 14, 1, 3, '/images/avatar/avatar6.jpg', 0, 0);
INSERT INTO `student` VALUES (182, '刘书雁', 1, 'Yves Cromwell', '1020173', '1655136', 16, 6, 5, '/images/avatar/avatar3.jpg', 0, 0);
INSERT INTO `student` VALUES (183, '考巧云', 2, 'Brian Ella', '397210', '1331569', 13, 6, 6, '/images/avatar/avatar3.jpg', 0, 0);
INSERT INTO `student` VALUES (184, '项白竹', 2, 'Gerald O\'Casey', '580160', '1664479', 16, 2, 23, '/images/avatar/avatar1.png', 0, 0);
INSERT INTO `student` VALUES (185, '佟佳古韵', 2, 'Alva Gallup', '604556', '1663506', 16, 5, 13, '/images/avatar/avatar5.png', 0, 0);
INSERT INTO `student` VALUES (186, '水凝雪', 1, 'Verne Dickens', '552933', '1339810', 13, 2, 20, '/images/avatar/avatar8.jpg', 0, 0);
INSERT INTO `student` VALUES (187, '漆雕运凡', 1, 'Maurice Kelvin', '651390', '1728281', 17, 3, 16, '/images/avatar/avatar3.jpg', 0, 0);
INSERT INTO `student` VALUES (188, '夏初曼', 1, 'Phoenix Ricardo', '500318', '1796827', 17, 2, 20, '/images/avatar/avatar5.jpg', 0, 0);
INSERT INTO `student` VALUES (189, '濮阳运浩', 1, 'Edith Guy', '797505', '1458108', 14, 3, 16, '/images/avatar/avatar3.jpg', 0, 0);
INSERT INTO `student` VALUES (190, '完颜欣荣', 2, 'Tiffany Becky', '471348', '1768416', 17, 3, 18, '/images/avatar/avatar2.jpg', 0, 0);
INSERT INTO `student` VALUES (191, '斯静槐', 2, 'Donna Piers', '906181', '1651550', 16, 2, 21, '/images/avatar/avatar8.jpg', 0, 0);
INSERT INTO `student` VALUES (192, '仵春妤', 2, 'Hilary Wordsworth', '1015205', '1366977', 13, 5, 14, '/images/avatar/avatar1.jpg', 0, 0);
INSERT INTO `student` VALUES (193, '南门晓蕾', 1, 'Winni Gilbert', '783207', '1516380', 15, 5, 14, '/images/avatar/avatar7.jpg', 0, 0);
INSERT INTO `student` VALUES (194, '冼半青', 1, 'Lennon Chaplin', '956159', '1615404', 16, 6, 6, '/images/avatar/avatar3.jpg', 0, 0);
INSERT INTO `student` VALUES (195, '麻念之', 2, 'Mag Sonmerfield', '764036', '1564044', 15, 5, 11, '/images/avatar/avatar3.jpg', 0, 0);
INSERT INTO `student` VALUES (196, '庆笑雯', 2, 'Caesar Elizabeth', '873415', '1449437', 14, 1, 4, '/images/avatar/avatar4.png', 0, 0);
INSERT INTO `student` VALUES (197, '及亦竹', 1, 'Pandora Shelley', '853380', '1667666', 16, 6, 6, '/images/avatar/avatar5.png', 0, 0);
INSERT INTO `student` VALUES (198, '曾远骞', 2, 'Rosalind Michael', '453549', '1392547', 13, 6, 9, '/images/avatar/avatar7.jpg', 0, 0);
INSERT INTO `student` VALUES (199, '孙静云', 1, 'Sherry Lyly', '699868', '1650409', 16, 6, 7, '/images/avatar/avatar3.jpg', 0, 0);
INSERT INTO `student` VALUES (200, '合思雨', 1, 'Hilda Felton', '310312', '1456041', 14, 2, 23, '/images/avatar/avatar1.png', 0, 0);
INSERT INTO `student` VALUES (201, '严沛儿', 2, 'Ruby Lily', '489726', '1676863', 16, 1, 4, '/images/avatar/avatar3.png', 0, 0);
INSERT INTO `student` VALUES (202, '斐嘉禧', 1, 'Madeline Valentine', '493213', '1678227', 16, 6, 7, '/images/avatar/avatar2.png', 0, 0);
INSERT INTO `student` VALUES (203, '索若翠', 1, 'Mortimer Louis', '970737', '1739828', 17, 2, 20, '/images/avatar/avatar1.png', 0, 0);
INSERT INTO `student` VALUES (204, '红问梅', 1, 'Phil ', '624372', '1394435', 13, 1, 2, '/images/avatar/avatar4.jpg', 0, 0);
INSERT INTO `student` VALUES (205, '巫马孤容', 1, 'Joy Hazlitt', '194143', '1586348', 15, 5, 14, '/images/avatar/avatar6.jpg', 0, 0);
INSERT INTO `student` VALUES (206, '廖岚风', 2, 'John Connor', '659983', '1396829', 13, 1, 3, '/images/avatar/avatar3.png', 0, 0);
INSERT INTO `student` VALUES (207, '袭凡阳', 1, 'Hale Dalton', '804347', '1574491', 15, 2, 22, '/images/avatar/avatar3.jpg', 0, 0);
INSERT INTO `student` VALUES (208, '陶心诺', 1, 'Claire Lancelot', '767657', '1346005', 13, 1, 2, '/images/avatar/avatar1.jpg', 0, 0);
INSERT INTO `student` VALUES (209, '奕醉柳', 1, 'Egbert Browne', '547021', '1643122', 16, 5, 15, '/images/avatar/avatar2.jpg', 0, 0);
INSERT INTO `student` VALUES (210, '范语心', 1, 'Ira Austin', '957017', '1310539', 13, 2, 21, '/images/avatar/avatar1.jpg', 0, 0);
INSERT INTO `student` VALUES (211, '勤星文', 2, 'Omar Pollitt', '795953', '1412777', 14, 3, 17, '/images/avatar/avatar4.png', 0, 0);
INSERT INTO `student` VALUES (212, '蓬靖易', 1, 'Douglas Evelina', '739194', '1599106', 15, 3, 16, '/images/avatar/avatar4.png', 0, 0);
INSERT INTO `student` VALUES (213, '戴欣然', 1, 'Ralap Coverdale', '400126', '1699789', 16, 1, 2, '/images/avatar/avatar5.png', 0, 0);
INSERT INTO `student` VALUES (214, '么依白', 1, 'Kelly Job', '530789', '1366363', 13, 1, 2, '/images/avatar/avatar4.jpg', 0, 0);
INSERT INTO `student` VALUES (215, '愚惜灵', 2, 'Asa Sinclair', '885731', '1647086', 16, 2, 19, '/images/avatar/avatar2.png', 0, 0);
INSERT INTO `student` VALUES (216, '伦灵萱', 2, 'Calvin Bunyan', '700015', '1359648', 13, 2, 22, '/images/avatar/avatar7.jpg', 0, 0);
INSERT INTO `student` VALUES (217, '晋清芬', 1, 'Harvey Luke', '155305', '1313818', 13, 1, 4, '/images/avatar/avatar1.jpg', 0, 0);
INSERT INTO `student` VALUES (218, '其霁芸', 1, 'Elvis Emily', '338223', '1376942', 13, 2, 20, '/images/avatar/avatar4.jpg', 0, 0);
INSERT INTO `student` VALUES (219, '军星菱', 1, 'Grace Galbraith', '501038', '1765553', 17, 6, 9, '/images/avatar/avatar1.png', 0, 0);
INSERT INTO `student` VALUES (220, '止艳蕙', 2, 'Boyd Steinbeck', '685303', '1465686', 14, 1, 2, '/images/avatar/avatar3.png', 0, 0);
INSERT INTO `student` VALUES (221, '谬星驰', 2, 'Xanthe Edie', '750023', '1713852', 17, 3, 16, '/images/avatar/avatar2.jpg', 0, 0);
INSERT INTO `student` VALUES (222, '居含桃', 2, 'Athena Humphr(e)y', '153779', '1361673', 13, 6, 6, '/images/avatar/avatar3.png', 0, 0);
INSERT INTO `student` VALUES (223, '龚芷文', 2, 'Susanna ', '293850', '1690053', 16, 3, 16, '/images/avatar/avatar2.jpg', 0, 0);
INSERT INTO `student` VALUES (224, '希含海', 2, 'Theobald Hood', '887785', '1428789', 14, 2, 22, '/images/avatar/avatar7.jpg', 0, 0);
INSERT INTO `student` VALUES (225, '抄嘉石', 2, 'Meredith Fowler', '700123', '1589416', 15, 3, 18, '/images/avatar/avatar5.png', 0, 0);
INSERT INTO `student` VALUES (226, '节高原', 1, 'Will Benjamin', '898794', '1343023', 13, 1, 3, '/images/avatar/avatar1.png', 0, 0);
INSERT INTO `student` VALUES (227, '慕雅柔', 2, 'Cornelius Ralph', '601826', '1467255', 14, 5, 15, '/images/avatar/avatar2.png', 0, 0);
INSERT INTO `student` VALUES (228, '兆忆之', 1, 'Nelly Rossetti', '1017077', '1496901', 14, 5, 15, '/images/avatar/avatar1.jpg', 0, 0);
INSERT INTO `student` VALUES (229, '吴新筠', 1, 'Marshall Surrey', '964267', '1713222', 17, 5, 12, '/images/avatar/avatar5.jpg', 0, 0);
INSERT INTO `student` VALUES (230, '裘天骄', 2, 'Queena Hamilton', '288928', '1620295', 16, 2, 21, '/images/avatar/avatar2.png', 0, 0);
INSERT INTO `student` VALUES (231, '随尔蓉', 1, 'Chloe Dunbar', '746557', '1564982', 15, 3, 17, '/images/avatar/avatar7.jpg', 0, 0);
INSERT INTO `student` VALUES (232, '潘玉宇', 2, 'Mirabelle Walter', '738954', '1648714', 16, 1, 2, '/images/avatar/avatar7.jpg', 0, 0);
INSERT INTO `student` VALUES (233, '恭辰铭', 2, 'Jessie Eugen', '209154', '1560220', 15, 2, 8, '/images/avatar/avatar1.png', 0, 0);
INSERT INTO `student` VALUES (234, '栋映寒', 1, 'Ryan Huxley', '840230', '1547646', 15, 2, 21, '/images/avatar/avatar4.jpg', 0, 0);
INSERT INTO `student` VALUES (235, '贲景天', 2, 'Tess Hughes', '727816', '1530798', 15, 6, 6, '/images/avatar/avatar6.jpg', 0, 0);
INSERT INTO `student` VALUES (236, '肇小珍', 1, 'Allen Middleton', '354082', '1639097', 16, 6, 5, '/images/avatar/avatar2.jpg', 0, 0);
INSERT INTO `student` VALUES (237, '双代珊', 2, 'Steven Marner', '124905', '1543946', 15, 3, 18, '/images/avatar/avatar3.png', 0, 0);
INSERT INTO `student` VALUES (238, '司翰海', 1, 'Regan William', '401562', '1763430', 17, 5, 12, '/images/avatar/avatar2.png', 0, 0);
INSERT INTO `student` VALUES (239, '商青香', 1, 'Rodney Pansy', '227089', '1665769', 16, 5, 12, '/images/avatar/avatar8.jpg', 0, 0);
INSERT INTO `student` VALUES (240, '封建义', 1, 'Phyllis Baker', '607965', '1773662', 17, 3, 17, '/images/avatar/avatar5.jpg', 0, 0);
INSERT INTO `student` VALUES (241, '桂寻桃', 2, 'William Newman', '399558', '1471191', 14, 2, 20, '/images/avatar/avatar8.jpg', 0, 0);
INSERT INTO `student` VALUES (242, '念半蕾', 1, 'Berg Occam', '309306', '1376411', 13, 2, 23, '/images/avatar/avatar4.jpg', 0, 0);
INSERT INTO `student` VALUES (243, '清高旻', 1, 'Curitis Bart', '278938', '1473153', 14, 3, 18, '/images/avatar/avatar2.png', 0, 0);
INSERT INTO `student` VALUES (244, '员柔谨', 1, 'Reginald Halifax', '761813', '1510760', 15, 2, 20, '/images/avatar/avatar3.jpg', 0, 0);
INSERT INTO `student` VALUES (245, '宇凌春', 1, 'Adelaide Susan', '429609', '1543336', 15, 5, 15, '/images/avatar/avatar3.png', 0, 0);
INSERT INTO `student` VALUES (246, '集乐安', 1, 'Bradley Ferguson', '762458', '1468655', 14, 3, 16, '/images/avatar/avatar5.png', 0, 0);
INSERT INTO `student` VALUES (247, '闪梦竹', 1, 'Thomas Waters', '351579', '1351299', 13, 2, 22, '/images/avatar/avatar2.jpg', 0, 0);
INSERT INTO `student` VALUES (248, '左曾琪', 2, 'Bernice Warner', '502176', '1662591', 16, 3, 18, '/images/avatar/avatar8.jpg', 0, 0);
INSERT INTO `student` VALUES (249, '源静竹', 2, 'Lilith Delia', '232062', '1713201', 17, 5, 14, '/images/avatar/avatar2.png', 0, 0);
INSERT INTO `student` VALUES (250, '休念珍', 1, 'Saxon Oscar', '399010', '1761105', 17, 2, 21, '/images/avatar/avatar5.jpg', 0, 0);
INSERT INTO `student` VALUES (251, '局迎彤', 1, 'Elton Malachi', '796085', '1775597', 17, 5, 14, '/images/avatar/avatar6.jpg', 0, 0);
INSERT INTO `student` VALUES (252, '冒寻芳', 1, 'Porter Tennyson', '962496', '1356846', 13, 6, 5, '/images/avatar/avatar1.png', 0, 0);
INSERT INTO `student` VALUES (253, '马淑君', 2, 'Ken Giles', '951723', '1445590', 14, 2, 22, '/images/avatar/avatar2.jpg', 0, 0);
INSERT INTO `student` VALUES (254, '孝流如', 2, 'Duke Wright', '1042438', '1744168', 17, 2, 22, '/images/avatar/avatar6.jpg', 0, 0);
INSERT INTO `student` VALUES (255, '王迎丝', 2, 'Louis Robert', '634296', '1357211', 13, 2, 22, '/images/avatar/avatar3.jpg', 0, 0);
INSERT INTO `student` VALUES (256, '枝晗晗', 2, 'Freda Faraday', '404613', '1714243', 17, 1, 4, '/images/avatar/avatar1.png', 0, 0);
INSERT INTO `student` VALUES (257, '庾森莉', 1, 'Angela Pulitzer', '140811', '1518745', 15, 1, 4, '/images/avatar/avatar2.jpg', 0, 0);
INSERT INTO `student` VALUES (258, '钟飞羽', 2, 'Coral Ernest', '1029617', '1700898', 17, 5, 12, '/images/avatar/avatar6.jpg', 0, 0);
INSERT INTO `student` VALUES (259, '巩水荷', 1, 'Sean Madge', '129217', '1363847', 13, 2, 20, '/images/avatar/avatar3.png', 0, 0);
INSERT INTO `student` VALUES (260, '浑雨文', 2, 'Samuel North', '405798', '1412618', 14, 6, 7, '/images/avatar/avatar6.jpg', 0, 0);
INSERT INTO `student` VALUES (261, '行迎梅', 2, 'Bridget Rhys', '262870', '1670949', 16, 5, 15, '/images/avatar/avatar1.jpg', 0, 0);
INSERT INTO `student` VALUES (262, '鲜于兰芳', 2, 'Dominic Bell', '630146', '1524404', 15, 1, 4, '/images/avatar/avatar3.jpg', 0, 0);
INSERT INTO `student` VALUES (263, '将玉书', 1, 'David Hudson', '623605', '1623643', 16, 2, 21, '/images/avatar/avatar2.png', 0, 0);
INSERT INTO `student` VALUES (264, '闻春梅', 1, 'Ida Martin', '927497', '1571630', 15, 6, 9, '/images/avatar/avatar7.jpg', 0, 0);
INSERT INTO `student` VALUES (265, '钦恨寒', 2, 'Ernest Gibbon', '798363', '1352867', 13, 2, 19, '/images/avatar/avatar2.png', 0, 0);
INSERT INTO `student` VALUES (266, '段慕蕊', 2, 'Leonard Mat(h)ilda', '739735', '1452779', 14, 2, 23, '/images/avatar/avatar7.jpg', 0, 0);
INSERT INTO `student` VALUES (267, '黎以彤', 1, 'Viola Hodge', '918665', '1671177', 16, 6, 7, '/images/avatar/avatar5.png', 0, 0);
INSERT INTO `student` VALUES (268, '戚德宇', 2, 'Renata Gallacher', '254816', '1505351', 15, 1, 2, '/images/avatar/avatar1.jpg', 0, 0);
INSERT INTO `student` VALUES (269, '仍安顺', 2, 'Charles More', '717822', '1314690', 13, 2, 8, '/images/avatar/avatar3.png', 0, 0);
INSERT INTO `student` VALUES (270, '祖笛韵', 1, 'Broderick Smedley', '245427', '1475695', 14, 5, 11, '/images/avatar/avatar2.jpg', 0, 0);
INSERT INTO `student` VALUES (271, '骑情韵', 1, 'Erica Euphemia', '964053', '1698524', 16, 5, 15, '/images/avatar/avatar2.png', 0, 0);
INSERT INTO `student` VALUES (272, '刀菀柳', 1, 'Felix Habakkuk', '638878', '1520778', 15, 6, 10, '/images/avatar/avatar2.jpg', 0, 0);
INSERT INTO `student` VALUES (273, '蓟妙芙', 1, 'Griselda Keats', '957038', '1400038', 14, 5, 14, '/images/avatar/avatar2.jpg', 0, 0);
INSERT INTO `student` VALUES (274, '桥鸿博', 2, 'Lydia Margery', '442709', '1767852', 17, 6, 6, '/images/avatar/avatar3.jpg', 0, 0);
INSERT INTO `student` VALUES (275, '聊娟妍', 2, 'Dick Nancy', '274580', '1769651', 17, 6, 9, '/images/avatar/avatar2.png', 0, 0);
INSERT INTO `student` VALUES (276, '贰秋白', 2, 'Benjamin Bessie', '175156', '1541429', 15, 5, 15, '/images/avatar/avatar4.png', 0, 0);
INSERT INTO `student` VALUES (277, '赛涵柳', 1, 'Jodie Parker', '945702', '1531697', 15, 2, 23, '/images/avatar/avatar4.jpg', 0, 0);
INSERT INTO `student` VALUES (278, '戏岚翠', 2, 'Kay Howard', '875340', '1611247', 16, 6, 10, '/images/avatar/avatar3.png', 0, 0);
INSERT INTO `student` VALUES (279, '折坚成', 2, 'Jason Jenny', '329186', '1484497', 14, 2, 21, '/images/avatar/avatar6.jpg', 0, 0);
INSERT INTO `student` VALUES (280, '蛮佩珍', 2, 'Abraham Taylor', '149023', '1538342', 15, 1, 4, '/images/avatar/avatar7.jpg', 0, 0);
INSERT INTO `student` VALUES (281, '綦春柏', 1, 'Arlene Wyld(e)', '910614', '1710085', 17, 2, 8, '/images/avatar/avatar5.jpg', 0, 0);
INSERT INTO `student` VALUES (282, '凤洋然', 2, 'Melissa Robbins', '692428', '1393340', 13, 2, 20, '/images/avatar/avatar5.jpg', 0, 0);
INSERT INTO `student` VALUES (283, '邛静淑', 2, 'Diana Lou(ie)', '797984', '1668735', 16, 5, 12, '/images/avatar/avatar5.png', 0, 0);
INSERT INTO `student` VALUES (284, '经曼珠', 1, 'Aaron Wilde', '1010898', '1671027', 16, 5, 13, '/images/avatar/avatar5.jpg', 0, 0);
INSERT INTO `student` VALUES (285, '赧晓露', 2, 'Jared Arthur', '517643', '1488258', 14, 5, 14, '/images/avatar/avatar1.jpg', 0, 0);
INSERT INTO `student` VALUES (286, '寻凌春', 2, 'Gwendolyn Bartlett', '491572', '1531761', 15, 6, 7, '/images/avatar/avatar5.jpg', 0, 0);
INSERT INTO `student` VALUES (287, '拱千凝', 1, 'Wilbur Wilmot(t)', '766283', '1549338', 15, 3, 18, '/images/avatar/avatar5.jpg', 0, 0);
INSERT INTO `student` VALUES (288, '芒幼安', 1, 'Virgil Sandy', '469345', '1509349', 15, 2, 19, '/images/avatar/avatar3.jpg', 0, 0);
INSERT INTO `student` VALUES (289, '冉梅红', 2, 'Arlen Addison', '1003972', '1548580', 15, 5, 13, '/images/avatar/avatar3.jpg', 0, 0);
INSERT INTO `student` VALUES (290, '戢绮烟', 1, 'Cyril Becher', '116208', '1499863', 14, 6, 6, '/images/avatar/avatar2.jpg', 0, 0);
INSERT INTO `student` VALUES (291, '福文君', 1, 'Bertha Burke', '743155', '1645849', 16, 5, 15, '/images/avatar/avatar1.png', 0, 0);
INSERT INTO `student` VALUES (292, '郸锐逸', 1, 'Tammy Thoreau', '348856', '1422579', 14, 5, 11, '/images/avatar/avatar4.png', 0, 0);
INSERT INTO `student` VALUES (293, '图门津童', 2, 'Maureen Richards', '420203', '1354120', 13, 6, 10, '/images/avatar/avatar4.png', 0, 0);
INSERT INTO `student` VALUES (294, '玄夏容', 2, 'Blair Bartholomew', '633073', '1595941', 15, 6, 5, '/images/avatar/avatar2.png', 0, 0);
INSERT INTO `student` VALUES (295, '盖飞瑶', 2, 'Venus Shakespeare', '940228', '1328235', 13, 2, 22, '/images/avatar/avatar4.jpg', 0, 0);
INSERT INTO `student` VALUES (296, '微生尔竹', 2, 'Sharon Anderson', '1074266', '1726440', 17, 2, 22, '/images/avatar/avatar3.jpg', 0, 0);
INSERT INTO `student` VALUES (297, '支优瑗', 2, 'Max Reade', '248902', '1358041', 13, 6, 9, '/images/avatar/avatar6.jpg', 0, 0);
INSERT INTO `student` VALUES (298, '萧嘉月', 1, 'Arno Forster', '612741', '1446775', 14, 3, 18, '/images/avatar/avatar5.png', 0, 0);
INSERT INTO `student` VALUES (299, '错晗玥', 2, 'Sylvia Baldwin', '206268', '1684024', 16, 5, 14, '/images/avatar/avatar5.png', 0, 0);
INSERT INTO `student` VALUES (300, '潜爰美', 1, 'Aurora Zangwill', '912914', '1526891', 15, 3, 18, '/images/avatar/avatar4.png', 0, 0);
INSERT INTO `student` VALUES (301, '戊恨蝶', 2, 'Patrick Blake', '134235', '1325588', 13, 6, 9, '/images/avatar/avatar6.jpg', 0, 0);
INSERT INTO `student` VALUES (302, '校鹤轩', 1, 'Byron Esther', '713303', '1620190', 16, 6, 9, '/images/avatar/avatar2.png', 0, 0);
INSERT INTO `student` VALUES (303, '归雅素', 2, 'Roy Stella', '246693', '1341326', 13, 2, 19, '/images/avatar/avatar5.jpg', 0, 0);
INSERT INTO `student` VALUES (304, '夫悦和', 2, 'Bblythe Obadiah', '178805', '1450737', 14, 3, 16, '/images/avatar/avatar5.jpg', 0, 0);
INSERT INTO `student` VALUES (305, '后飞白', 1, 'Bowen Eisenhower', '530452', '1339208', 13, 6, 6, '/images/avatar/avatar3.png', 0, 0);
INSERT INTO `student` VALUES (306, '招智阳', 1, 'Grover Childe', '202929', '1472780', 14, 6, 5, '/images/avatar/avatar7.jpg', 0, 0);
INSERT INTO `student` VALUES (307, '丙古兰', 2, 'Eleanore Bobby', '256503', '1501780', 15, 5, 11, '/images/avatar/avatar6.jpg', 0, 0);
INSERT INTO `student` VALUES (308, '魏贞婉', 1, 'Kim Clark(e)', '903486', '1638703', 16, 1, 4, '/images/avatar/avatar3.jpg', 0, 0);
INSERT INTO `student` VALUES (309, '苍紫文', 1, 'Leif Carnegie', '976884', '1676837', 16, 6, 6, '/images/avatar/avatar2.jpg', 0, 0);
INSERT INTO `student` VALUES (310, '韩安春', 1, 'Vivien Augustus', '135874', '1532306', 15, 2, 21, '/images/avatar/avatar4.jpg', 0, 0);
INSERT INTO `student` VALUES (311, '羊梦丝', 1, 'Murphy Trevelyan', '367058', '1375447', 13, 2, 21, '/images/avatar/avatar8.jpg', 0, 0);
INSERT INTO `student` VALUES (312, '郯友易', 2, 'Lance Ferdinand', '375339', '1766253', 17, 5, 15, '/images/avatar/avatar4.jpg', 0, 0);
INSERT INTO `student` VALUES (313, '夙令雪', 1, 'Benson Gold', '834217', '1799873', 17, 5, 12, '/images/avatar/avatar2.jpg', 0, 0);
INSERT INTO `student` VALUES (314, '腾元武', 2, 'Natalie Cowper', '989531', '1688422', 16, 3, 16, '/images/avatar/avatar3.jpg', 0, 0);
INSERT INTO `student` VALUES (315, '尾俊语', 2, 'Bishop Connie', '664443', '1702159', 17, 2, 20, '/images/avatar/avatar2.png', 0, 0);
INSERT INTO `student` VALUES (316, '窦善和', 2, 'Gary Benson', '539194', '1784061', 17, 1, 3, '/images/avatar/avatar5.png', 0, 0);
INSERT INTO `student` VALUES (317, '己香波', 1, 'Linda Barrie', '105864', '1342267', 13, 1, 3, '/images/avatar/avatar3.jpg', 0, 0);
INSERT INTO `student` VALUES (318, '泥从安', 1, 'Moira Wolf', '819446', '1662880', 16, 5, 12, '/images/avatar/avatar5.jpg', 0, 0);
INSERT INTO `student` VALUES (319, '练冷松', 1, 'Carr Salome', '150046', '1596743', 15, 2, 22, '/images/avatar/avatar1.png', 0, 0);
INSERT INTO `student` VALUES (320, '轩辕乐安', 2, 'Henry Dutt', '344061', '1507999', 15, 2, 8, '/images/avatar/avatar7.jpg', 0, 0);
INSERT INTO `student` VALUES (321, '涂夏雪', 1, 'Cynthia Louise', '177812', '1527322', 15, 2, 20, '/images/avatar/avatar7.jpg', 0, 0);
INSERT INTO `student` VALUES (322, '皇代桃', 1, 'Vera Johnson', '397531', '1517975', 15, 2, 23, '/images/avatar/avatar2.png', 0, 0);
INSERT INTO `student` VALUES (323, '郏又亦', 1, 'Wendy I.', '572935', '1417531', 14, 1, 4, '/images/avatar/avatar2.png', 0, 0);
INSERT INTO `student` VALUES (324, '宗傲旋', 1, 'Sally Fred', '114702', '1717191', 17, 3, 16, '/images/avatar/avatar3.png', 0, 0);
INSERT INTO `student` VALUES (325, '钱温瑜', 1, 'Colby Hewlett', '843664', '1454722', 14, 2, 22, '/images/avatar/avatar6.jpg', 0, 0);
INSERT INTO `student` VALUES (326, '仙滢滢', 2, 'Tab Clapham', '332180', '1761612', 17, 6, 7, '/images/avatar/avatar3.jpg', 0, 0);
INSERT INTO `student` VALUES (327, '定格格', 1, 'Burke Sophy', '1020314', '1675704', 16, 5, 15, '/images/avatar/avatar2.jpg', 0, 0);
INSERT INTO `student` VALUES (328, '巴香天', 2, 'Bella Monroe', '436807', '1483621', 14, 3, 16, '/images/avatar/avatar3.png', 0, 0);
INSERT INTO `student` VALUES (329, '素秋柔', 2, 'Berton Mill', '1020661', '1428324', 14, 6, 5, '/images/avatar/avatar2.png', 0, 0);
INSERT INTO `student` VALUES (330, '展嘉熙', 2, 'Gavin Bird', '1009115', '1443214', 14, 5, 11, '/images/avatar/avatar2.png', 0, 0);
INSERT INTO `student` VALUES (331, '爱妮娜', 1, 'Osborn ', '793637', '1694120', 16, 2, 19, '/images/avatar/avatar1.png', 0, 0);
INSERT INTO `student` VALUES (332, '让雨琴', 1, 'Wordsworth Marshall', '917021', '1442907', 14, 1, 4, '/images/avatar/avatar1.png', 0, 0);
INSERT INTO `student` VALUES (333, '周歌云', 1, 'Lorraine Alice', '522016', '1595610', 15, 6, 5, '/images/avatar/avatar3.png', 0, 0);
INSERT INTO `student` VALUES (334, '析梦月', 1, 'Valentina Conan', '1063270', '1344243', 13, 6, 9, '/images/avatar/avatar3.jpg', 0, 0);
INSERT INTO `student` VALUES (335, '路青亦', 1, 'Verna Zephaniah', '571709', '1367190', 13, 3, 17, '/images/avatar/avatar8.jpg', 0, 0);
INSERT INTO `student` VALUES (336, '陀丽华', 2, 'Maud Birrell', '905595', '1353134', 13, 6, 5, '/images/avatar/avatar4.jpg', 0, 0);
INSERT INTO `student` VALUES (337, '申屠德馨', 2, 'Maria Wilson', '778551', '1728916', 17, 6, 9, '/images/avatar/avatar1.png', 0, 0);
INSERT INTO `student` VALUES (338, '衡长菁', 1, 'Primo Bellamy', '136768', '1684517', 16, 6, 5, '/images/avatar/avatar6.jpg', 0, 0);
INSERT INTO `student` VALUES (339, '隆月明', 1, 'Marico Windsor', '1046046', '1336141', 13, 2, 21, '/images/avatar/avatar5.png', 0, 0);
INSERT INTO `student` VALUES (340, '户涵润', 1, 'Adair Nehemiah', '888077', '1757031', 17, 1, 2, '/images/avatar/avatar8.jpg', 0, 0);
INSERT INTO `student` VALUES (341, '肥静秀', 1, 'Gregary Carrie', '274118', '1332096', 13, 5, 12, '/images/avatar/avatar6.jpg', 0, 0);
INSERT INTO `student` VALUES (342, '在元槐', 2, 'Moses Walton', '489828', '1752338', 17, 1, 4, '/images/avatar/avatar6.jpg', 0, 0);
INSERT INTO `student` VALUES (343, '穰忆文', 2, 'Wendell Rob', '343736', '1494362', 14, 5, 14, '/images/avatar/avatar8.jpg', 0, 0);
INSERT INTO `student` VALUES (344, '伍听安', 2, 'Ethel Hicks', '1004551', '1609284', 16, 1, 2, '/images/avatar/avatar2.jpg', 0, 0);
INSERT INTO `student` VALUES (345, '酒俊达', 2, 'Tony Moll', '958535', '1405570', 14, 3, 18, '/images/avatar/avatar1.png', 0, 0);
INSERT INTO `student` VALUES (346, '全经赋', 1, 'Lynn Samson', '505169', '1671799', 16, 2, 8, '/images/avatar/avatar5.jpg', 0, 0);
INSERT INTO `student` VALUES (347, '闭晨钰', 2, 'Xavier Keynes', '222774', '1441414', 14, 5, 11, '/images/avatar/avatar6.jpg', 0, 0);
INSERT INTO `student` VALUES (348, '郭清淑', 1, 'Tabitha Cecillia', '773591', '1367947', 13, 2, 23, '/images/avatar/avatar6.jpg', 0, 0);
INSERT INTO `student` VALUES (349, '毋英卓', 1, 'Rock Anne', '804493', '1526472', 15, 6, 7, '/images/avatar/avatar1.png', 0, 0);
INSERT INTO `student` VALUES (350, '藩修诚', 1, 'Tracy Bert', '853014', '1423125', 14, 3, 16, '/images/avatar/avatar4.png', 0, 0);
INSERT INTO `student` VALUES (351, '滑烨磊', 1, 'Ivan Gunter', '640642', '1532292', 15, 2, 23, '/images/avatar/avatar5.png', 0, 0);
INSERT INTO `student` VALUES (352, '聂碧琴', 2, 'Perry Yeates', '622891', '1348628', 13, 2, 20, '/images/avatar/avatar1.png', 0, 0);
INSERT INTO `student` VALUES (353, '检晓桐', 2, 'Hedy Dierser', '341789', '1700245', 17, 6, 6, '/images/avatar/avatar2.jpg', 0, 0);
INSERT INTO `student` VALUES (354, '侨乐天', 2, 'Owen Bloomer', '185411', '1537175', 15, 2, 8, '/images/avatar/avatar5.png', 0, 0);
INSERT INTO `student` VALUES (355, '宣莹华', 2, 'Quinn Raleign', '710932', '1420713', 14, 5, 13, '/images/avatar/avatar2.jpg', 0, 0);
INSERT INTO `student` VALUES (356, '剑辰骏', 1, 'Juliet Malthus', '589249', '1536167', 15, 5, 15, '/images/avatar/avatar5.png', 0, 0);
INSERT INTO `student` VALUES (357, '钊曼安', 2, 'Ansel Swinburne', '507200', '1444657', 14, 3, 16, '/images/avatar/avatar3.png', 0, 0);
INSERT INTO `student` VALUES (358, '紫诗蕊', 2, 'Jacob Lindsay', '156786', '1480700', 14, 1, 3, '/images/avatar/avatar1.jpg', 0, 0);
INSERT INTO `student` VALUES (359, '党欣笑', 1, 'Oswald David', '618948', '1499015', 14, 2, 19, '/images/avatar/avatar5.png', 0, 0);
INSERT INTO `student` VALUES (360, '蒉英哲', 2, 'Leona Orlando', '904938', '1739693', 17, 5, 13, '/images/avatar/avatar4.jpg', 0, 0);
INSERT INTO `student` VALUES (361, '泰晏如', 1, 'Jessica Jonah', '786824', '1330671', 13, 5, 13, '/images/avatar/avatar5.png', 0, 0);
INSERT INTO `student` VALUES (362, '文炫明', 2, 'Barnett Temple', '180649', '1764819', 17, 3, 18, '/images/avatar/avatar8.jpg', 0, 0);
INSERT INTO `student` VALUES (363, '晁绢子', 2, 'Lucien Ben', '711374', '1756829', 17, 2, 8, '/images/avatar/avatar3.jpg', 0, 0);
INSERT INTO `student` VALUES (364, '羽哲彦', 2, 'Samantha Fielding', '402727', '1343256', 13, 2, 23, '/images/avatar/avatar1.png', 0, 0);
INSERT INTO `student` VALUES (365, '典涵桃', 1, 'Jeffrey Cocker', '788927', '1612768', 16, 6, 10, '/images/avatar/avatar6.jpg', 0, 0);
INSERT INTO `student` VALUES (366, '莘静枫', 2, 'Daniel Stevenson', '862830', '1501104', 15, 6, 6, '/images/avatar/avatar4.jpg', 0, 0);
INSERT INTO `student` VALUES (367, '飞芳春', 2, 'Edison Doyle', '988609', '1458319', 14, 5, 11, '/images/avatar/avatar8.jpg', 0, 0);
INSERT INTO `student` VALUES (368, '步曼彤', 2, 'Kelly Crofts', '372788', '1504549', 15, 3, 16, '/images/avatar/avatar8.jpg', 0, 0);
INSERT INTO `student` VALUES (369, '旅玄雅', 1, 'Michelle Sherwood', '566430', '1405081', 14, 3, 16, '/images/avatar/avatar6.jpg', 0, 0);
INSERT INTO `student` VALUES (370, '桐春晓', 2, 'Sebastiane Burne-Jones', '150419', '1422854', 14, 5, 13, '/images/avatar/avatar5.png', 0, 0);
INSERT INTO `student` VALUES (371, '荆若云', 2, 'Doris Wesley', '614024', '1662943', 16, 2, 20, '/images/avatar/avatar5.png', 0, 0);
INSERT INTO `student` VALUES (372, '长岚岚', 2, 'Albert Gunther', '146075', '1430549', 14, 5, 15, '/images/avatar/avatar8.jpg', 0, 0);
INSERT INTO `student` VALUES (373, '苟秀筠', 1, 'Winifred Gibson', '1027381', '1496927', 14, 1, 2, '/images/avatar/avatar2.jpg', 0, 0);
INSERT INTO `student` VALUES (374, '来依霜', 1, 'Kennedy Meg', '993336', '1574665', 15, 1, 3, '/images/avatar/avatar5.jpg', 0, 0);
INSERT INTO `student` VALUES (375, '威昂雄', 2, 'Rosemary Wheeler', '755352', '1366157', 13, 3, 17, '/images/avatar/avatar4.jpg', 0, 0);
INSERT INTO `student` VALUES (376, '性爰爰', 2, 'Newman Adela', '493387', '1338599', 13, 1, 4, '/images/avatar/avatar5.png', 0, 0);
INSERT INTO `student` VALUES (377, '公孙烨华', 2, 'Tyrone Jenkin(s)', '353398', '1351322', 13, 6, 5, '/images/avatar/avatar1.png', 0, 0);
INSERT INTO `student` VALUES (378, '仆宏富', 2, 'Lindsay Dan', '871619', '1624766', 16, 6, 5, '/images/avatar/avatar6.jpg', 0, 0);
INSERT INTO `student` VALUES (379, '尔新觉', 1, 'Fitch Houston', '285852', '1541022', 15, 1, 4, '/images/avatar/avatar7.jpg', 0, 0);
INSERT INTO `student` VALUES (380, '庹白萱', 1, 'Pag Roland', '1059295', '1427505', 14, 5, 14, '/images/avatar/avatar2.jpg', 0, 0);
INSERT INTO `student` VALUES (381, '颛孙又松', 2, 'Enid Patrick', '791383', '1443199', 14, 2, 20, '/images/avatar/avatar4.jpg', 0, 0);
INSERT INTO `student` VALUES (382, '丘向文', 2, 'Lesley Micah', '529387', '1614549', 16, 2, 8, '/images/avatar/avatar3.png', 0, 0);
INSERT INTO `student` VALUES (383, '高囡囡', 1, 'Mabel Violet', '775505', '1528781', 15, 2, 19, '/images/avatar/avatar2.png', 0, 0);
INSERT INTO `student` VALUES (384, '澄毅然', 1, 'Adam Mac-', '833495', '1795553', 17, 6, 6, '/images/avatar/avatar2.png', 0, 0);
INSERT INTO `student` VALUES (385, '计虹颖', 1, 'Jack Clemens', '711560', '1634810', 16, 2, 20, '/images/avatar/avatar4.jpg', 0, 0);
INSERT INTO `student` VALUES (386, '缑晓莉', 2, 'Modesty Catharine', '838164', '1476395', 14, 5, 11, '/images/avatar/avatar6.jpg', 0, 0);
INSERT INTO `student` VALUES (387, '弭迎梅', 2, 'Kerwin Abbot(t)', '1071181', '1363627', 13, 6, 7, '/images/avatar/avatar1.jpg', 0, 0);
INSERT INTO `student` VALUES (388, '才成仁', 1, 'Walker Faulkner', '678489', '1765458', 17, 5, 13, '/images/avatar/avatar1.png', 0, 0);
INSERT INTO `student` VALUES (389, '柯凡雁', 2, 'Amy Twain', '267264', '1332259', 13, 1, 2, '/images/avatar/avatar8.jpg', 0, 0);
INSERT INTO `student` VALUES (390, '始春岚', 2, 'Dwight Electra', '504121', '1378174', 13, 2, 22, '/images/avatar/avatar7.jpg', 0, 0);
INSERT INTO `student` VALUES (391, '接乐心', 1, 'Denise Harold', '809400', '1308061', 13, 6, 7, '/images/avatar/avatar1.jpg', 0, 0);
INSERT INTO `student` VALUES (392, '栗甜恬', 1, 'Montague Peter', '545418', '1465943', 14, 2, 20, '/images/avatar/avatar6.jpg', 0, 0);
INSERT INTO `student` VALUES (393, '司空韶丽', 1, 'Steward Julia', '721411', '1611435', 16, 3, 18, '/images/avatar/avatar5.jpg', 0, 0);
INSERT INTO `student` VALUES (394, '哀蕴美', 2, 'Eric Sheridan', '540478', '1764516', 17, 5, 11, '/images/avatar/avatar7.jpg', 0, 0);
INSERT INTO `student` VALUES (395, '歧凝琴', 2, 'Flora Beerbohm', '619415', '1747235', 17, 1, 2, '/images/avatar/avatar4.png', 0, 0);
INSERT INTO `student` VALUES (396, '阳琼芳', 2, 'Louise Jasper', '139849', '1729228', 17, 6, 6, '/images/avatar/avatar1.jpg', 0, 0);
INSERT INTO `student` VALUES (397, '悉访文', 1, 'Franklin Clare', '890165', '1650915', 16, 2, 21, '/images/avatar/avatar1.jpg', 0, 0);
INSERT INTO `student` VALUES (398, '守雪晴', 2, 'Hannah Browning', '1019353', '1746892', 17, 6, 6, '/images/avatar/avatar6.jpg', 0, 0);
INSERT INTO `student` VALUES (399, '续丝柳', 1, 'Elsie Caroline', '873052', '1583189', 15, 2, 20, '/images/avatar/avatar4.jpg', 0, 0);
INSERT INTO `student` VALUES (400, '拓跋兴发', 1, 'Wright Theresa', '554262', '1374003', 13, 2, 21, '/images/avatar/avatar1.jpg', 0, 0);
INSERT INTO `student` VALUES (401, '果俊力', 2, 'Jenny Tomlinson', '224668', '1379946', 13, 3, 17, '/images/avatar/avatar7.jpg', 0, 0);
INSERT INTO `student` VALUES (402, '可巧夏', 2, 'Celeste Smollett', '968893', '1655101', 16, 3, 18, '/images/avatar/avatar5.png', 0, 0);
INSERT INTO `student` VALUES (403, '大元明', 1, 'Sabina Bertha', '854067', '1557495', 15, 5, 15, '/images/avatar/avatar1.jpg', 0, 0);
INSERT INTO `student` VALUES (404, '潮雅素', 1, 'Jane Gresham', '315153', '1442362', 14, 2, 21, '/images/avatar/avatar5.png', 0, 0);
INSERT INTO `student` VALUES (405, '函文敏', 1, 'Beryl Grace', '181637', '1718093', 17, 6, 10, '/images/avatar/avatar1.jpg', 0, 0);
INSERT INTO `student` VALUES (406, '殳春冬', 2, 'Joshua Judd', '527994', '1327057', 13, 2, 19, '/images/avatar/avatar8.jpg', 0, 0);
INSERT INTO `student` VALUES (407, '务思彤', 2, 'Agnes Keppel', '1031589', '1375187', 13, 2, 8, '/images/avatar/avatar3.jpg', 0, 0);
INSERT INTO `student` VALUES (408, '利小翠', 1, 'Colbert Peggy', '504939', '1451079', 14, 1, 2, '/images/avatar/avatar3.png', 0, 0);
INSERT INTO `student` VALUES (409, '养清馨', 1, 'Jean Hodgson', '547172', '1606873', 16, 2, 23, '/images/avatar/avatar2.jpg', 0, 0);
INSERT INTO `student` VALUES (410, '司马乐邦', 1, 'Gustave Francis', '711658', '1657283', 16, 6, 5, '/images/avatar/avatar2.jpg', 0, 0);
INSERT INTO `student` VALUES (411, '褚野雪', 1, 'Jill Whittier', '425466', '1681857', 16, 6, 6, '/images/avatar/avatar6.jpg', 0, 0);
INSERT INTO `student` VALUES (412, '塞泰平', 2, 'Dominic DuBois', '834140', '1493777', 14, 3, 18, '/images/avatar/avatar8.jpg', 0, 0);
INSERT INTO `student` VALUES (413, '张廖初蝶', 1, 'Eden Jacob', '249518', '1719157', 17, 6, 5, '/images/avatar/avatar3.png', 0, 0);
INSERT INTO `student` VALUES (414, '昌北晶', 2, 'Frances Harriman', '897872', '1652601', 16, 6, 6, '/images/avatar/avatar5.png', 0, 0);
INSERT INTO `student` VALUES (415, '壬梦玉', 1, 'Cliff Swift', '1090407', '1691621', 16, 6, 7, '/images/avatar/avatar4.png', 0, 0);
INSERT INTO `student` VALUES (416, '宏幻儿', 2, 'Aries Frances', '924895', '1739460', 17, 6, 7, '/images/avatar/avatar4.png', 0, 0);
INSERT INTO `student` VALUES (417, '矫永寿', 1, 'Clyde Horatio', '411758', '1585686', 15, 2, 21, '/images/avatar/avatar3.png', 0, 0);
INSERT INTO `student` VALUES (418, '罕宜春', 1, 'Corey Watt', '333664', '1512617', 15, 2, 23, '/images/avatar/avatar5.png', 0, 0);
INSERT INTO `student` VALUES (419, '姬含蕊', 2, 'Philip Service', '648519', '1761819', 17, 2, 8, '/images/avatar/avatar8.jpg', 0, 0);
INSERT INTO `student` VALUES (420, '犁天华', 1, 'Colin Jeremy', '509391', '1570375', 15, 6, 5, '/images/avatar/avatar2.jpg', 0, 0);
INSERT INTO `student` VALUES (421, '糜如松', 1, 'Ophelia Onions', '636170', '1623767', 16, 2, 19, '/images/avatar/avatar1.png', 0, 0);
INSERT INTO `student` VALUES (422, '茂含蕊', 1, 'Kristin Kell(e)y', '283983', '1317522', 13, 6, 5, '/images/avatar/avatar1.jpg', 0, 0);
INSERT INTO `student` VALUES (423, '顾雅洁', 1, 'Elvira Sawyer', '699656', '1690860', 16, 6, 10, '/images/avatar/avatar2.png', 0, 0);
INSERT INTO `student` VALUES (424, '暴丽芳', 2, 'Giles Morgan', '632390', '1401811', 14, 2, 21, '/images/avatar/avatar2.png', 0, 0);
INSERT INTO `student` VALUES (425, '宦青旋', 1, 'Muriel Jean', '872062', '1401111', 14, 2, 23, '/images/avatar/avatar1.png', 0, 0);
INSERT INTO `student` VALUES (426, '笪子怡', 1, 'Dale Henley', '292975', '1482657', 14, 6, 5, '/images/avatar/avatar3.jpg', 0, 0);
INSERT INTO `student` VALUES (427, '纳喇高飞', 2, 'Ingemar Scripps', '580392', '1701058', 17, 5, 13, '/images/avatar/avatar5.jpg', 0, 0);
INSERT INTO `student` VALUES (428, '板平蓝', 2, 'Sandy Leighton', '1048666', '1670780', 16, 1, 4, '/images/avatar/avatar3.png', 0, 0);
INSERT INTO `student` VALUES (429, '狄元灵', 1, 'Nydia Patience', '172738', '1683002', 16, 5, 13, '/images/avatar/avatar7.jpg', 0, 0);
INSERT INTO `student` VALUES (430, '衅平安', 1, 'Nathan Bessemer', '353149', '1649593', 16, 3, 16, '/images/avatar/avatar4.jpg', 0, 0);
INSERT INTO `student` VALUES (431, '冠若枫', 2, 'Barry Field', '728605', '1361573', 13, 2, 21, '/images/avatar/avatar1.png', 0, 0);
INSERT INTO `student` VALUES (432, '穆萦怀', 1, 'Nicola Walsh', '417308', '1647550', 16, 5, 12, '/images/avatar/avatar6.jpg', 0, 0);
INSERT INTO `student` VALUES (433, '赫孤云', 2, 'Truda Morse', '351084', '1327680', 13, 6, 9, '/images/avatar/avatar8.jpg', 0, 0);
INSERT INTO `student` VALUES (434, '仪光熙', 1, 'Evelyn Acheson', '737498', '1429203', 14, 2, 19, '/images/avatar/avatar4.jpg', 0, 0);
INSERT INTO `student` VALUES (435, '遇飞兰', 2, 'Madge Jessie', '955411', '1596989', 15, 5, 11, '/images/avatar/avatar2.jpg', 0, 0);
INSERT INTO `student` VALUES (436, '祝乐蓉', 1, 'Ternence Petty', '712372', '1361205', 13, 1, 3, '/images/avatar/avatar5.jpg', 0, 0);
INSERT INTO `student` VALUES (437, '世敏智', 1, 'Ellis Marcellus', '238580', '1382359', 13, 5, 14, '/images/avatar/avatar5.jpg', 0, 0);
INSERT INTO `student` VALUES (438, '韶沛凝', 1, 'Belinda Wheatley', '175066', '1350155', 13, 5, 14, '/images/avatar/avatar2.jpg', 0, 0);
INSERT INTO `student` VALUES (439, '那春柔', 1, 'Eli Poe', '823236', '1618221', 16, 6, 6, '/images/avatar/avatar5.jpg', 0, 0);
INSERT INTO `student` VALUES (440, '善鸿雪', 1, 'Yale Cissie', '453320', '1657750', 16, 6, 9, '/images/avatar/avatar1.png', 0, 0);
INSERT INTO `student` VALUES (441, '常梦旋', 2, 'Blithe Daniel', '271704', '1712880', 17, 2, 8, '/images/avatar/avatar7.jpg', 0, 0);
INSERT INTO `student` VALUES (442, '慕容晶茹', 1, 'Joanna Gosse', '725823', '1329043', 13, 2, 8, '/images/avatar/avatar2.jpg', 0, 0);
INSERT INTO `student` VALUES (443, '年力勤', 2, 'Antonio Dulles', '774077', '1339714', 13, 1, 3, '/images/avatar/avatar5.png', 0, 0);
INSERT INTO `student` VALUES (444, '睢慧云', 1, 'Myrna Edith', '258470', '1696850', 16, 2, 8, '/images/avatar/avatar5.png', 0, 0);
INSERT INTO `student` VALUES (445, '庞高旻', 2, 'Godfery II.', '111958', '1618694', 16, 6, 10, '/images/avatar/avatar3.jpg', 0, 0);
INSERT INTO `student` VALUES (446, '郁鸿宝', 1, 'Sibyl Webster', '150431', '1675124', 16, 2, 8, '/images/avatar/avatar6.jpg', 0, 0);
INSERT INTO `student` VALUES (447, '位怡悦', 2, 'Spring Toland', '949624', '1496206', 14, 6, 10, '/images/avatar/avatar4.png', 0, 0);
INSERT INTO `student` VALUES (448, '弓音仪', 2, 'Victor Lucia', '868953', '1451083', 14, 6, 5, '/images/avatar/avatar6.jpg', 0, 0);
INSERT INTO `student` VALUES (449, '酆初珍', 1, 'Duncan Bentham', '735137', '1799497', 17, 5, 14, '/images/avatar/avatar7.jpg', 0, 0);
INSERT INTO `student` VALUES (450, '孛访梦', 2, 'Lyndon Snow', '870812', '1665755', 16, 5, 14, '/images/avatar/avatar2.png', 0, 0);
INSERT INTO `student` VALUES (451, '铎如风', 1, 'Heloise Gregory', '348749', '1315248', 13, 5, 13, '/images/avatar/avatar3.jpg', 0, 0);
INSERT INTO `student` VALUES (452, '寒忆霜', 2, 'Harry Freeman', '860924', '1492524', 14, 3, 17, '/images/avatar/avatar2.png', 0, 0);
INSERT INTO `student` VALUES (453, '奉傲易', 2, 'Lisa Christy', '555440', '1628077', 16, 2, 21, '/images/avatar/avatar5.png', 0, 0);
INSERT INTO `student` VALUES (454, '甲若雁', 2, 'Ron Mansfield', '977596', '1557975', 15, 5, 13, '/images/avatar/avatar4.png', 0, 0);
INSERT INTO `student` VALUES (455, '厍恬谧', 2, 'Stacey Jack', '776786', '1654475', 16, 6, 9, '/images/avatar/avatar6.jpg', 0, 0);
INSERT INTO `student` VALUES (456, '焦心思', 1, 'Dylan Tout', '192040', '1555384', 15, 3, 17, '/images/avatar/avatar1.png', 0, 0);

-- ----------------------------
-- Table structure for student_select_course
-- ----------------------------
DROP TABLE IF EXISTS `student_select_course`;
CREATE TABLE `student_select_course`  (
  `id` int(11) NOT NULL AUTO_INCREMENT,
  `StudentID` int(11) NULL DEFAULT NULL,
  `CourseID` int(11) NULL DEFAULT NULL,
  `DeleteStatus` int(11) NOT NULL DEFAULT 0 COMMENT '删除位：0 is 正常，1 is 已删除',
  PRIMARY KEY (`id`) USING BTREE,
  INDEX `StudentID`(`StudentID`) USING BTREE,
  INDEX `CourseID`(`CourseID`) USING BTREE,
  CONSTRAINT `student_select_course_ibfk_1` FOREIGN KEY (`StudentID`) REFERENCES `student` (`id`) ON DELETE CASCADE ON UPDATE CASCADE,
  CONSTRAINT `student_select_course_ibfk_2` FOREIGN KEY (`CourseID`) REFERENCES `course` (`id`) ON DELETE CASCADE ON UPDATE CASCADE
) ENGINE = InnoDB AUTO_INCREMENT = 2215 CHARACTER SET = utf8 COLLATE = utf8_general_ci ROW_FORMAT = Compact;

-- ----------------------------
-- Records of student_select_course
-- ----------------------------
INSERT INTO `student_select_course` VALUES (1, 8, 333, 0);
INSERT INTO `student_select_course` VALUES (10, 10, 48, 0);
INSERT INTO `student_select_course` VALUES (11, 11, 317, 0);
INSERT INTO `student_select_course` VALUES (13, 11, 344, 0);
INSERT INTO `student_select_course` VALUES (15, 11, 320, 0);
INSERT INTO `student_select_course` VALUES (17, 12, 256, 0);
INSERT INTO `student_select_course` VALUES (25, 17, 393, 0);
INSERT INTO `student_select_course` VALUES (28, 19, 395, 0);
INSERT INTO `student_select_course` VALUES (29, 19, 262, 0);
INSERT INTO `student_select_course` VALUES (35, 21, 602, 0);
INSERT INTO `student_select_course` VALUES (39, 22, 587, 0);
INSERT INTO `student_select_course` VALUES (41, 22, 212, 0);
INSERT INTO `student_select_course` VALUES (42, 22, 290, 0);
INSERT INTO `student_select_course` VALUES (43, 22, 262, 0);
INSERT INTO `student_select_course` VALUES (49, 24, 333, 0);
INSERT INTO `student_select_course` VALUES (51, 24, 386, 0);
INSERT INTO `student_select_course` VALUES (53, 24, 409, 0);
INSERT INTO `student_select_course` VALUES (54, 26, 323, 0);
INSERT INTO `student_select_course` VALUES (55, 26, 60, 0);
INSERT INTO `student_select_course` VALUES (57, 27, 261, 0);
INSERT INTO `student_select_course` VALUES (58, 28, 614, 0);
INSERT INTO `student_select_course` VALUES (60, 28, 360, 0);
INSERT INTO `student_select_course` VALUES (64, 29, 327, 0);
INSERT INTO `student_select_course` VALUES (67, 30, 323, 0);
INSERT INTO `student_select_course` VALUES (68, 30, 384, 0);
INSERT INTO `student_select_course` VALUES (70, 32, 192, 0);
INSERT INTO `student_select_course` VALUES (77, 33, 347, 0);
INSERT INTO `student_select_course` VALUES (78, 34, 587, 0);
INSERT INTO `student_select_course` VALUES (81, 36, 593, 0);
INSERT INTO `student_select_course` VALUES (82, 36, 53, 0);
INSERT INTO `student_select_course` VALUES (84, 36, 209, 0);
INSERT INTO `student_select_course` VALUES (86, 37, 285, 0);
INSERT INTO `student_select_course` VALUES (87, 38, 392, 0);
INSERT INTO `student_select_course` VALUES (95, 43, 10, 0);
INSERT INTO `student_select_course` VALUES (96, 45, 191, 0);
INSERT INTO `student_select_course` VALUES (103, 48, 436, 0);
INSERT INTO `student_select_course` VALUES (105, 49, 258, 0);
INSERT INTO `student_select_course` VALUES (107, 51, 349, 0);
INSERT INTO `student_select_course` VALUES (108, 52, 378, 0);
INSERT INTO `student_select_course` VALUES (109, 53, 267, 0);
INSERT INTO `student_select_course` VALUES (111, 54, 284, 0);
INSERT INTO `student_select_course` VALUES (112, 54, 55, 0);
INSERT INTO `student_select_course` VALUES (114, 55, 258, 0);
INSERT INTO `student_select_course` VALUES (115, 55, 50, 0);
INSERT INTO `student_select_course` VALUES (120, 57, 256, 0);
INSERT INTO `student_select_course` VALUES (124, 58, 376, 0);
INSERT INTO `student_select_course` VALUES (127, 59, 337, 0);
INSERT INTO `student_select_course` VALUES (132, 61, 50, 0);
INSERT INTO `student_select_course` VALUES (133, 61, 211, 0);
INSERT INTO `student_select_course` VALUES (134, 62, 395, 0);
INSERT INTO `student_select_course` VALUES (135, 63, 333, 0);
INSERT INTO `student_select_course` VALUES (138, 65, 589, 0);
INSERT INTO `student_select_course` VALUES (142, 66, 360, 0);
INSERT INTO `student_select_course` VALUES (145, 67, 286, 0);
INSERT INTO `student_select_course` VALUES (148, 68, 448, 0);
INSERT INTO `student_select_course` VALUES (149, 68, 9, 0);
INSERT INTO `student_select_course` VALUES (153, 69, 153, 0);
INSERT INTO `student_select_course` VALUES (155, 71, 55, 0);
INSERT INTO `student_select_course` VALUES (160, 76, 9, 0);
INSERT INTO `student_select_course` VALUES (161, 76, 58, 0);
INSERT INTO `student_select_course` VALUES (162, 76, 354, 0);
INSERT INTO `student_select_course` VALUES (164, 76, 647, 0);
INSERT INTO `student_select_course` VALUES (167, 78, 278, 0);
INSERT INTO `student_select_course` VALUES (172, 79, 617, 0);
INSERT INTO `student_select_course` VALUES (173, 79, 385, 0);
INSERT INTO `student_select_course` VALUES (174, 79, 410, 0);
INSERT INTO `student_select_course` VALUES (179, 82, 224, 0);
INSERT INTO `student_select_course` VALUES (180, 82, 9, 0);
INSERT INTO `student_select_course` VALUES (182, 82, 646, 0);
INSERT INTO `student_select_course` VALUES (186, 85, 285, 0);
INSERT INTO `student_select_course` VALUES (188, 85, 360, 0);
INSERT INTO `student_select_course` VALUES (190, 86, 589, 0);
INSERT INTO `student_select_course` VALUES (191, 86, 591, 0);
INSERT INTO `student_select_course` VALUES (196, 88, 154, 0);
INSERT INTO `student_select_course` VALUES (200, 91, 327, 0);
INSERT INTO `student_select_course` VALUES (205, 92, 60, 0);
INSERT INTO `student_select_course` VALUES (209, 93, 259, 0);
INSERT INTO `student_select_course` VALUES (212, 94, 314, 0);
INSERT INTO `student_select_course` VALUES (215, 94, 261, 0);
INSERT INTO `student_select_course` VALUES (217, 95, 615, 0);
INSERT INTO `student_select_course` VALUES (221, 97, 328, 0);
INSERT INTO `student_select_course` VALUES (222, 97, 411, 0);
INSERT INTO `student_select_course` VALUES (223, 97, 375, 0);
INSERT INTO `student_select_course` VALUES (227, 98, 383, 0);
INSERT INTO `student_select_course` VALUES (229, 98, 376, 0);
INSERT INTO `student_select_course` VALUES (231, 99, 609, 0);
INSERT INTO `student_select_course` VALUES (233, 100, 591, 0);
INSERT INTO `student_select_course` VALUES (235, 100, 646, 0);
INSERT INTO `student_select_course` VALUES (240, 103, 622, 0);
INSERT INTO `student_select_course` VALUES (245, 105, 277, 0);
INSERT INTO `student_select_course` VALUES (246, 105, 616, 0);
INSERT INTO `student_select_course` VALUES (247, 106, 647, 0);
INSERT INTO `student_select_course` VALUES (251, 107, 154, 0);
INSERT INTO `student_select_course` VALUES (256, 108, 58, 0);
INSERT INTO `student_select_course` VALUES (262, 110, 588, 0);
INSERT INTO `student_select_course` VALUES (269, 114, 371, 0);
INSERT INTO `student_select_course` VALUES (271, 114, 411, 0);
INSERT INTO `student_select_course` VALUES (273, 116, 271, 0);
INSERT INTO `student_select_course` VALUES (274, 116, 45, 0);
INSERT INTO `student_select_course` VALUES (275, 117, 321, 0);
INSERT INTO `student_select_course` VALUES (276, 117, 345, 0);
INSERT INTO `student_select_course` VALUES (277, 118, 217, 0);
INSERT INTO `student_select_course` VALUES (279, 118, 415, 0);
INSERT INTO `student_select_course` VALUES (281, 119, 217, 0);
INSERT INTO `student_select_course` VALUES (285, 120, 375, 0);
INSERT INTO `student_select_course` VALUES (286, 121, 154, 0);
INSERT INTO `student_select_course` VALUES (287, 121, 354, 0);
INSERT INTO `student_select_course` VALUES (298, 125, 619, 0);
INSERT INTO `student_select_course` VALUES (302, 126, 353, 0);
INSERT INTO `student_select_course` VALUES (306, 129, 446, 0);
INSERT INTO `student_select_course` VALUES (307, 129, 371, 0);
INSERT INTO `student_select_course` VALUES (308, 129, 602, 0);
INSERT INTO `student_select_course` VALUES (311, 131, 605, 0);
INSERT INTO `student_select_course` VALUES (312, 131, 261, 0);
INSERT INTO `student_select_course` VALUES (315, 132, 269, 0);
INSERT INTO `student_select_course` VALUES (318, 133, 413, 0);
INSERT INTO `student_select_course` VALUES (319, 133, 256, 0);
INSERT INTO `student_select_course` VALUES (321, 134, 192, 0);
INSERT INTO `student_select_course` VALUES (322, 134, 52, 0);
INSERT INTO `student_select_course` VALUES (325, 134, 227, 0);
INSERT INTO `student_select_course` VALUES (326, 135, 315, 0);
INSERT INTO `student_select_course` VALUES (336, 139, 374, 0);
INSERT INTO `student_select_course` VALUES (338, 142, 354, 0);
INSERT INTO `student_select_course` VALUES (340, 142, 395, 0);
INSERT INTO `student_select_course` VALUES (344, 144, 45, 0);
INSERT INTO `student_select_course` VALUES (345, 146, 605, 0);
INSERT INTO `student_select_course` VALUES (353, 148, 315, 0);
INSERT INTO `student_select_course` VALUES (356, 151, 56, 0);
INSERT INTO `student_select_course` VALUES (363, 153, 272, 0);
INSERT INTO `student_select_course` VALUES (371, 158, 613, 0);
INSERT INTO `student_select_course` VALUES (380, 164, 212, 0);
INSERT INTO `student_select_course` VALUES (385, 166, 345, 0);
INSERT INTO `student_select_course` VALUES (386, 166, 40, 0);
INSERT INTO `student_select_course` VALUES (394, 170, 267, 0);
INSERT INTO `student_select_course` VALUES (395, 170, 414, 0);
INSERT INTO `student_select_course` VALUES (396, 171, 192, 0);
INSERT INTO `student_select_course` VALUES (397, 171, 600, 0);
INSERT INTO `student_select_course` VALUES (400, 174, 594, 0);
INSERT INTO `student_select_course` VALUES (402, 174, 326, 0);
INSERT INTO `student_select_course` VALUES (413, 179, 381, 0);
INSERT INTO `student_select_course` VALUES (414, 179, 420, 0);
INSERT INTO `student_select_course` VALUES (416, 180, 379, 0);
INSERT INTO `student_select_course` VALUES (417, 180, 58, 0);
INSERT INTO `student_select_course` VALUES (423, 185, 264, 0);
INSERT INTO `student_select_course` VALUES (424, 186, 446, 0);
INSERT INTO `student_select_course` VALUES (425, 186, 55, 0);
INSERT INTO `student_select_course` VALUES (427, 187, 39, 0);
INSERT INTO `student_select_course` VALUES (432, 189, 329, 0);
INSERT INTO `student_select_course` VALUES (434, 190, 349, 0);
INSERT INTO `student_select_course` VALUES (436, 190, 221, 0);
INSERT INTO `student_select_course` VALUES (438, 191, 332, 0);
INSERT INTO `student_select_course` VALUES (442, 192, 321, 0);
INSERT INTO `student_select_course` VALUES (443, 194, 153, 0);
INSERT INTO `student_select_course` VALUES (446, 195, 374, 0);
INSERT INTO `student_select_course` VALUES (447, 196, 225, 0);
INSERT INTO `student_select_course` VALUES (450, 197, 284, 0);
INSERT INTO `student_select_course` VALUES (452, 198, 351, 0);
INSERT INTO `student_select_course` VALUES (453, 199, 52, 0);
INSERT INTO `student_select_course` VALUES (454, 200, 347, 0);
INSERT INTO `student_select_course` VALUES (455, 200, 56, 0);
INSERT INTO `student_select_course` VALUES (460, 202, 59, 0);
INSERT INTO `student_select_course` VALUES (463, 203, 48, 0);
INSERT INTO `student_select_course` VALUES (465, 203, 320, 0);
INSERT INTO `student_select_course` VALUES (467, 204, 226, 0);
INSERT INTO `student_select_course` VALUES (470, 204, 381, 0);
INSERT INTO `student_select_course` VALUES (471, 206, 606, 0);
INSERT INTO `student_select_course` VALUES (472, 206, 276, 0);
INSERT INTO `student_select_course` VALUES (475, 206, 290, 0);
INSERT INTO `student_select_course` VALUES (483, 210, 280, 0);
INSERT INTO `student_select_course` VALUES (484, 210, 52, 0);
INSERT INTO `student_select_course` VALUES (490, 211, 590, 0);
INSERT INTO `student_select_course` VALUES (491, 212, 357, 0);
INSERT INTO `student_select_course` VALUES (494, 213, 600, 0);
INSERT INTO `student_select_course` VALUES (496, 214, 415, 0);
INSERT INTO `student_select_course` VALUES (501, 215, 179, 0);
INSERT INTO `student_select_course` VALUES (507, 216, 316, 0);
INSERT INTO `student_select_course` VALUES (508, 217, 379, 0);
INSERT INTO `student_select_course` VALUES (512, 218, 263, 0);
INSERT INTO `student_select_course` VALUES (513, 218, 449, 0);
INSERT INTO `student_select_course` VALUES (514, 219, 645, 0);
INSERT INTO `student_select_course` VALUES (515, 219, 450, 0);
INSERT INTO `student_select_course` VALUES (522, 224, 604, 0);
INSERT INTO `student_select_course` VALUES (523, 224, 448, 0);
INSERT INTO `student_select_course` VALUES (531, 227, 446, 0);
INSERT INTO `student_select_course` VALUES (536, 228, 595, 0);
INSERT INTO `student_select_course` VALUES (540, 229, 48, 0);
INSERT INTO `student_select_course` VALUES (541, 229, 292, 0);
INSERT INTO `student_select_course` VALUES (544, 230, 647, 0);
INSERT INTO `student_select_course` VALUES (545, 230, 258, 0);
INSERT INTO `student_select_course` VALUES (547, 230, 226, 0);
INSERT INTO `student_select_course` VALUES (548, 231, 436, 0);
INSERT INTO `student_select_course` VALUES (549, 231, 361, 0);
INSERT INTO `student_select_course` VALUES (553, 233, 226, 0);
INSERT INTO `student_select_course` VALUES (566, 238, 337, 0);
INSERT INTO `student_select_course` VALUES (572, 244, 615, 0);
INSERT INTO `student_select_course` VALUES (577, 245, 615, 0);
INSERT INTO `student_select_course` VALUES (581, 248, 60, 0);
INSERT INTO `student_select_course` VALUES (582, 248, 389, 0);
INSERT INTO `student_select_course` VALUES (584, 250, 385, 0);
INSERT INTO `student_select_course` VALUES (585, 250, 355, 0);
INSERT INTO `student_select_course` VALUES (590, 251, 590, 0);
INSERT INTO `student_select_course` VALUES (591, 252, 263, 0);
INSERT INTO `student_select_course` VALUES (592, 252, 322, 0);
INSERT INTO `student_select_course` VALUES (593, 252, 59, 0);
INSERT INTO `student_select_course` VALUES (594, 252, 49, 0);
INSERT INTO `student_select_course` VALUES (595, 253, 376, 0);
INSERT INTO `student_select_course` VALUES (601, 255, 392, 0);
INSERT INTO `student_select_course` VALUES (602, 256, 601, 0);
INSERT INTO `student_select_course` VALUES (607, 258, 621, 0);
INSERT INTO `student_select_course` VALUES (614, 262, 609, 0);
INSERT INTO `student_select_course` VALUES (616, 263, 375, 0);
INSERT INTO `student_select_course` VALUES (623, 265, 378, 0);
INSERT INTO `student_select_course` VALUES (627, 266, 590, 0);
INSERT INTO `student_select_course` VALUES (632, 267, 413, 0);
INSERT INTO `student_select_course` VALUES (635, 267, 322, 0);
INSERT INTO `student_select_course` VALUES (636, 268, 373, 0);
INSERT INTO `student_select_course` VALUES (645, 272, 258, 0);
INSERT INTO `student_select_course` VALUES (647, 272, 615, 0);
INSERT INTO `student_select_course` VALUES (648, 274, 351, 0);
INSERT INTO `student_select_course` VALUES (651, 274, 283, 0);
INSERT INTO `student_select_course` VALUES (654, 276, 382, 0);
INSERT INTO `student_select_course` VALUES (655, 276, 377, 0);
INSERT INTO `student_select_course` VALUES (657, 277, 286, 0);
INSERT INTO `student_select_course` VALUES (658, 277, 608, 0);
INSERT INTO `student_select_course` VALUES (662, 279, 256, 0);
INSERT INTO `student_select_course` VALUES (664, 280, 314, 0);
INSERT INTO `student_select_course` VALUES (679, 284, 370, 0);
INSERT INTO `student_select_course` VALUES (680, 285, 263, 0);
INSERT INTO `student_select_course` VALUES (681, 285, 604, 0);
INSERT INTO `student_select_course` VALUES (688, 288, 615, 0);
INSERT INTO `student_select_course` VALUES (690, 288, 54, 0);
INSERT INTO `student_select_course` VALUES (691, 289, 380, 0);
INSERT INTO `student_select_course` VALUES (693, 289, 263, 0);
INSERT INTO `student_select_course` VALUES (694, 290, 381, 0);
INSERT INTO `student_select_course` VALUES (698, 292, 321, 0);
INSERT INTO `student_select_course` VALUES (704, 295, 336, 0);
INSERT INTO `student_select_course` VALUES (707, 295, 214, 0);
INSERT INTO `student_select_course` VALUES (710, 296, 389, 0);
INSERT INTO `student_select_course` VALUES (711, 297, 416, 0);
INSERT INTO `student_select_course` VALUES (716, 299, 346, 0);
INSERT INTO `student_select_course` VALUES (717, 299, 208, 0);
INSERT INTO `student_select_course` VALUES (723, 300, 342, 0);
INSERT INTO `student_select_course` VALUES (727, 301, 621, 0);
INSERT INTO `student_select_course` VALUES (732, 303, 55, 0);
INSERT INTO `student_select_course` VALUES (733, 303, 620, 0);
INSERT INTO `student_select_course` VALUES (739, 305, 392, 0);
INSERT INTO `student_select_course` VALUES (745, 308, 259, 0);
INSERT INTO `student_select_course` VALUES (746, 309, 55, 0);
INSERT INTO `student_select_course` VALUES (747, 309, 264, 0);
INSERT INTO `student_select_course` VALUES (749, 309, 420, 0);
INSERT INTO `student_select_course` VALUES (757, 313, 39, 0);
INSERT INTO `student_select_course` VALUES (759, 314, 597, 0);
INSERT INTO `student_select_course` VALUES (768, 316, 221, 0);
INSERT INTO `student_select_course` VALUES (770, 318, 594, 0);
INSERT INTO `student_select_course` VALUES (779, 320, 346, 0);
INSERT INTO `student_select_course` VALUES (780, 320, 315, 0);
INSERT INTO `student_select_course` VALUES (787, 324, 320, 0);
INSERT INTO `student_select_course` VALUES (788, 324, 208, 0);
INSERT INTO `student_select_course` VALUES (789, 325, 344, 0);
INSERT INTO `student_select_course` VALUES (791, 326, 292, 0);
INSERT INTO `student_select_course` VALUES (799, 328, 383, 0);
INSERT INTO `student_select_course` VALUES (800, 328, 611, 0);
INSERT INTO `student_select_course` VALUES (801, 329, 604, 0);
INSERT INTO `student_select_course` VALUES (803, 329, 601, 0);
INSERT INTO `student_select_course` VALUES (811, 334, 359, 0);
INSERT INTO `student_select_course` VALUES (813, 335, 42, 0);
INSERT INTO `student_select_course` VALUES (814, 335, 344, 0);
INSERT INTO `student_select_course` VALUES (816, 340, 58, 0);
INSERT INTO `student_select_course` VALUES (821, 341, 215, 0);
INSERT INTO `student_select_course` VALUES (824, 342, 51, 0);
INSERT INTO `student_select_course` VALUES (829, 343, 273, 0);
INSERT INTO `student_select_course` VALUES (831, 345, 591, 0);
INSERT INTO `student_select_course` VALUES (832, 345, 594, 0);
INSERT INTO `student_select_course` VALUES (835, 348, 54, 0);
INSERT INTO `student_select_course` VALUES (842, 349, 416, 0);
INSERT INTO `student_select_course` VALUES (849, 350, 384, 0);
INSERT INTO `student_select_course` VALUES (854, 353, 389, 0);
INSERT INTO `student_select_course` VALUES (858, 354, 352, 0);
INSERT INTO `student_select_course` VALUES (859, 354, 213, 0);
INSERT INTO `student_select_course` VALUES (862, 356, 617, 0);
INSERT INTO `student_select_course` VALUES (864, 356, 322, 0);
INSERT INTO `student_select_course` VALUES (866, 358, 45, 0);
INSERT INTO `student_select_course` VALUES (868, 360, 377, 0);
INSERT INTO `student_select_course` VALUES (881, 364, 223, 0);
INSERT INTO `student_select_course` VALUES (882, 364, 192, 0);
INSERT INTO `student_select_course` VALUES (885, 366, 42, 0);
INSERT INTO `student_select_course` VALUES (887, 367, 377, 0);
INSERT INTO `student_select_course` VALUES (888, 367, 384, 0);
INSERT INTO `student_select_course` VALUES (894, 371, 215, 0);
INSERT INTO `student_select_course` VALUES (895, 371, 385, 0);
INSERT INTO `student_select_course` VALUES (904, 375, 410, 0);
INSERT INTO `student_select_course` VALUES (905, 375, 385, 0);
INSERT INTO `student_select_course` VALUES (906, 376, 265, 0);
INSERT INTO `student_select_course` VALUES (909, 376, 282, 0);
INSERT INTO `student_select_course` VALUES (910, 377, 585, 0);
INSERT INTO `student_select_course` VALUES (912, 378, 44, 0);
INSERT INTO `student_select_course` VALUES (914, 379, 290, 0);
INSERT INTO `student_select_course` VALUES (915, 381, 276, 0);
INSERT INTO `student_select_course` VALUES (916, 382, 276, 0);
INSERT INTO `student_select_course` VALUES (917, 382, 436, 0);
INSERT INTO `student_select_course` VALUES (918, 382, 449, 0);
INSERT INTO `student_select_course` VALUES (919, 383, 360, 0);
INSERT INTO `student_select_course` VALUES (920, 383, 191, 0);
INSERT INTO `student_select_course` VALUES (921, 383, 292, 0);
INSERT INTO `student_select_course` VALUES (926, 385, 265, 0);
INSERT INTO `student_select_course` VALUES (928, 387, 208, 0);
INSERT INTO `student_select_course` VALUES (933, 389, 269, 0);
INSERT INTO `student_select_course` VALUES (934, 391, 332, 0);
INSERT INTO `student_select_course` VALUES (935, 391, 263, 0);
INSERT INTO `student_select_course` VALUES (938, 391, 646, 0);
INSERT INTO `student_select_course` VALUES (939, 392, 373, 0);
INSERT INTO `student_select_course` VALUES (946, 395, 60, 0);
INSERT INTO `student_select_course` VALUES (948, 396, 47, 0);
INSERT INTO `student_select_course` VALUES (957, 399, 616, 0);
INSERT INTO `student_select_course` VALUES (962, 400, 615, 0);
INSERT INTO `student_select_course` VALUES (964, 402, 348, 0);
INSERT INTO `student_select_course` VALUES (966, 402, 272, 0);
INSERT INTO `student_select_course` VALUES (968, 403, 58, 0);
INSERT INTO `student_select_course` VALUES (970, 404, 289, 0);
INSERT INTO `student_select_course` VALUES (971, 404, 11, 0);
INSERT INTO `student_select_course` VALUES (974, 405, 9, 0);
INSERT INTO `student_select_course` VALUES (976, 406, 340, 0);
INSERT INTO `student_select_course` VALUES (980, 407, 58, 0);
INSERT INTO `student_select_course` VALUES (981, 407, 437, 0);
INSERT INTO `student_select_course` VALUES (982, 408, 11, 0);
INSERT INTO `student_select_course` VALUES (983, 410, 342, 0);
INSERT INTO `student_select_course` VALUES (984, 410, 347, 0);
INSERT INTO `student_select_course` VALUES (987, 411, 332, 0);
INSERT INTO `student_select_course` VALUES (989, 411, 589, 0);
INSERT INTO `student_select_course` VALUES (994, 415, 192, 0);
INSERT INTO `student_select_course` VALUES (1004, 420, 338, 0);
INSERT INTO `student_select_course` VALUES (1009, 422, 611, 0);
INSERT INTO `student_select_course` VALUES (1010, 422, 51, 0);
INSERT INTO `student_select_course` VALUES (1011, 422, 53, 0);
INSERT INTO `student_select_course` VALUES (1012, 422, 179, 0);
INSERT INTO `student_select_course` VALUES (1020, 425, 614, 0);
INSERT INTO `student_select_course` VALUES (1021, 426, 50, 0);
INSERT INTO `student_select_course` VALUES (1027, 428, 283, 0);
INSERT INTO `student_select_course` VALUES (1029, 429, 322, 0);
INSERT INTO `student_select_course` VALUES (1030, 429, 277, 0);
INSERT INTO `student_select_course` VALUES (1038, 433, 606, 0);
INSERT INTO `student_select_course` VALUES (1039, 434, 216, 0);
INSERT INTO `student_select_course` VALUES (1041, 435, 358, 0);
INSERT INTO `student_select_course` VALUES (1043, 435, 60, 0);
INSERT INTO `student_select_course` VALUES (1045, 435, 342, 0);
INSERT INTO `student_select_course` VALUES (1048, 437, 593, 0);
INSERT INTO `student_select_course` VALUES (1052, 440, 389, 0);
INSERT INTO `student_select_course` VALUES (1055, 442, 225, 0);
INSERT INTO `student_select_course` VALUES (1056, 442, 262, 0);
INSERT INTO `student_select_course` VALUES (1060, 443, 645, 0);
INSERT INTO `student_select_course` VALUES (1063, 445, 336, 0);
INSERT INTO `student_select_course` VALUES (1066, 446, 373, 0);
INSERT INTO `student_select_course` VALUES (1067, 446, 277, 0);
INSERT INTO `student_select_course` VALUES (1069, 448, 226, 0);
INSERT INTO `student_select_course` VALUES (1072, 449, 616, 0);
INSERT INTO `student_select_course` VALUES (1078, 452, 436, 0);
INSERT INTO `student_select_course` VALUES (1079, 452, 618, 0);
INSERT INTO `student_select_course` VALUES (1081, 454, 418, 0);
INSERT INTO `student_select_course` VALUES (1083, 454, 288, 0);
INSERT INTO `student_select_course` VALUES (1089, 1, 286, 0);
INSERT INTO `student_select_course` VALUES (1090, 1, 270, 0);
INSERT INTO `student_select_course` VALUES (1091, 1, 447, 0);
INSERT INTO `student_select_course` VALUES (1092, 1, 269, 0);
INSERT INTO `student_select_course` VALUES (1093, 4, 625, 0);
INSERT INTO `student_select_course` VALUES (1094, 8, 279, 0);
INSERT INTO `student_select_course` VALUES (1095, 8, 292, 0);
INSERT INTO `student_select_course` VALUES (1096, 8, 385, 0);
INSERT INTO `student_select_course` VALUES (1097, 8, 414, 0);
INSERT INTO `student_select_course` VALUES (1098, 9, 57, 0);
INSERT INTO `student_select_course` VALUES (1099, 9, 415, 0);
INSERT INTO `student_select_course` VALUES (1100, 10, 436, 0);
INSERT INTO `student_select_course` VALUES (1101, 10, 371, 0);
INSERT INTO `student_select_course` VALUES (1102, 10, 414, 0);
INSERT INTO `student_select_course` VALUES (1103, 10, 223, 0);
INSERT INTO `student_select_course` VALUES (1104, 10, 217, 0);
INSERT INTO `student_select_course` VALUES (1105, 12, 414, 0);
INSERT INTO `student_select_course` VALUES (1106, 13, 336, 0);
INSERT INTO `student_select_course` VALUES (1107, 13, 391, 0);
INSERT INTO `student_select_course` VALUES (1108, 14, 409, 0);
INSERT INTO `student_select_course` VALUES (1109, 14, 447, 0);
INSERT INTO `student_select_course` VALUES (1110, 14, 264, 0);
INSERT INTO `student_select_course` VALUES (1111, 14, 291, 0);
INSERT INTO `student_select_course` VALUES (1112, 14, 393, 0);
INSERT INTO `student_select_course` VALUES (1113, 15, 645, 0);
INSERT INTO `student_select_course` VALUES (1114, 16, 259, 0);
INSERT INTO `student_select_course` VALUES (1115, 16, 289, 0);
INSERT INTO `student_select_course` VALUES (1116, 17, 261, 0);
INSERT INTO `student_select_course` VALUES (1117, 17, 647, 0);
INSERT INTO `student_select_course` VALUES (1118, 17, 264, 0);
INSERT INTO `student_select_course` VALUES (1119, 17, 285, 0);
INSERT INTO `student_select_course` VALUES (1120, 18, 377, 0);
INSERT INTO `student_select_course` VALUES (1121, 18, 271, 0);
INSERT INTO `student_select_course` VALUES (1122, 18, 45, 0);
INSERT INTO `student_select_course` VALUES (1123, 18, 261, 0);
INSERT INTO `student_select_course` VALUES (1124, 18, 346, 0);
INSERT INTO `student_select_course` VALUES (1125, 19, 339, 0);
INSERT INTO `student_select_course` VALUES (1126, 20, 345, 0);
INSERT INTO `student_select_course` VALUES (1127, 20, 44, 0);
INSERT INTO `student_select_course` VALUES (1128, 20, 261, 0);
INSERT INTO `student_select_course` VALUES (1129, 20, 585, 0);
INSERT INTO `student_select_course` VALUES (1130, 20, 607, 0);
INSERT INTO `student_select_course` VALUES (1131, 21, 276, 0);
INSERT INTO `student_select_course` VALUES (1132, 21, 624, 0);
INSERT INTO `student_select_course` VALUES (1133, 21, 225, 0);
INSERT INTO `student_select_course` VALUES (1134, 22, 214, 0);
INSERT INTO `student_select_course` VALUES (1135, 22, 585, 0);
INSERT INTO `student_select_course` VALUES (1136, 23, 610, 0);
INSERT INTO `student_select_course` VALUES (1137, 24, 290, 0);
INSERT INTO `student_select_course` VALUES (1138, 24, 390, 0);
INSERT INTO `student_select_course` VALUES (1139, 26, 591, 0);
INSERT INTO `student_select_course` VALUES (1140, 26, 56, 0);
INSERT INTO `student_select_course` VALUES (1141, 26, 209, 0);
INSERT INTO `student_select_course` VALUES (1142, 26, 601, 0);
INSERT INTO `student_select_course` VALUES (1143, 26, 345, 0);
INSERT INTO `student_select_course` VALUES (1144, 27, 278, 0);
INSERT INTO `student_select_course` VALUES (1145, 27, 272, 0);
INSERT INTO `student_select_course` VALUES (1146, 27, 212, 0);
INSERT INTO `student_select_course` VALUES (1147, 27, 595, 0);
INSERT INTO `student_select_course` VALUES (1148, 27, 216, 0);
INSERT INTO `student_select_course` VALUES (1149, 28, 449, 0);
INSERT INTO `student_select_course` VALUES (1150, 28, 210, 0);
INSERT INTO `student_select_course` VALUES (1151, 28, 330, 0);
INSERT INTO `student_select_course` VALUES (1152, 28, 268, 0);
INSERT INTO `student_select_course` VALUES (1153, 29, 268, 0);
INSERT INTO `student_select_course` VALUES (1154, 29, 420, 0);
INSERT INTO `student_select_course` VALUES (1155, 29, 265, 0);
INSERT INTO `student_select_course` VALUES (1156, 29, 418, 0);
INSERT INTO `student_select_course` VALUES (1157, 29, 280, 0);
INSERT INTO `student_select_course` VALUES (1158, 31, 617, 0);
INSERT INTO `student_select_course` VALUES (1159, 31, 381, 0);
INSERT INTO `student_select_course` VALUES (1160, 33, 353, 0);
INSERT INTO `student_select_course` VALUES (1161, 33, 285, 0);
INSERT INTO `student_select_course` VALUES (1162, 34, 590, 0);
INSERT INTO `student_select_course` VALUES (1163, 34, 288, 0);
INSERT INTO `student_select_course` VALUES (1164, 35, 283, 0);
INSERT INTO `student_select_course` VALUES (1165, 35, 346, 0);
INSERT INTO `student_select_course` VALUES (1166, 35, 624, 0);
INSERT INTO `student_select_course` VALUES (1167, 35, 374, 0);
INSERT INTO `student_select_course` VALUES (1168, 35, 345, 0);
INSERT INTO `student_select_course` VALUES (1169, 36, 342, 0);
INSERT INTO `student_select_course` VALUES (1170, 36, 262, 0);
INSERT INTO `student_select_course` VALUES (1171, 36, 379, 0);
INSERT INTO `student_select_course` VALUES (1172, 38, 262, 0);
INSERT INTO `student_select_course` VALUES (1173, 38, 593, 0);
INSERT INTO `student_select_course` VALUES (1174, 40, 343, 0);
INSERT INTO `student_select_course` VALUES (1175, 40, 49, 0);
INSERT INTO `student_select_course` VALUES (1176, 40, 620, 0);
INSERT INTO `student_select_course` VALUES (1177, 40, 382, 0);
INSERT INTO `student_select_course` VALUES (1178, 40, 265, 0);
INSERT INTO `student_select_course` VALUES (1179, 41, 592, 0);
INSERT INTO `student_select_course` VALUES (1180, 41, 59, 0);
INSERT INTO `student_select_course` VALUES (1181, 41, 343, 0);
INSERT INTO `student_select_course` VALUES (1182, 41, 54, 0);
INSERT INTO `student_select_course` VALUES (1183, 42, 391, 0);
INSERT INTO `student_select_course` VALUES (1184, 43, 289, 0);
INSERT INTO `student_select_course` VALUES (1185, 43, 276, 0);
INSERT INTO `student_select_course` VALUES (1186, 43, 606, 0);
INSERT INTO `student_select_course` VALUES (1187, 43, 416, 0);
INSERT INTO `student_select_course` VALUES (1188, 43, 355, 0);
INSERT INTO `student_select_course` VALUES (1189, 44, 280, 0);
INSERT INTO `student_select_course` VALUES (1190, 44, 346, 0);
INSERT INTO `student_select_course` VALUES (1191, 45, 257, 0);
INSERT INTO `student_select_course` VALUES (1192, 45, 262, 0);
INSERT INTO `student_select_course` VALUES (1193, 45, 339, 0);
INSERT INTO `student_select_course` VALUES (1194, 45, 623, 0);
INSERT INTO `student_select_course` VALUES (1195, 46, 263, 0);
INSERT INTO `student_select_course` VALUES (1196, 46, 420, 0);
INSERT INTO `student_select_course` VALUES (1197, 46, 450, 0);
INSERT INTO `student_select_course` VALUES (1198, 46, 339, 0);
INSERT INTO `student_select_course` VALUES (1199, 46, 617, 0);
INSERT INTO `student_select_course` VALUES (1200, 47, 646, 0);
INSERT INTO `student_select_course` VALUES (1201, 47, 391, 0);
INSERT INTO `student_select_course` VALUES (1202, 47, 223, 0);
INSERT INTO `student_select_course` VALUES (1203, 47, 377, 0);
INSERT INTO `student_select_course` VALUES (1204, 49, 320, 0);
INSERT INTO `student_select_course` VALUES (1205, 51, 345, 0);
INSERT INTO `student_select_course` VALUES (1206, 52, 381, 0);
INSERT INTO `student_select_course` VALUES (1207, 52, 58, 0);
INSERT INTO `student_select_course` VALUES (1208, 52, 269, 0);
INSERT INTO `student_select_course` VALUES (1209, 52, 262, 0);
INSERT INTO `student_select_course` VALUES (1210, 52, 586, 0);
INSERT INTO `student_select_course` VALUES (1211, 53, 447, 0);
INSERT INTO `student_select_course` VALUES (1212, 53, 374, 0);
INSERT INTO `student_select_course` VALUES (1213, 53, 371, 0);
INSERT INTO `student_select_course` VALUES (1214, 53, 286, 0);
INSERT INTO `student_select_course` VALUES (1215, 53, 283, 0);
INSERT INTO `student_select_course` VALUES (1216, 54, 584, 0);
INSERT INTO `student_select_course` VALUES (1217, 55, 344, 0);
INSERT INTO `student_select_course` VALUES (1218, 55, 584, 0);
INSERT INTO `student_select_course` VALUES (1219, 55, 209, 0);
INSERT INTO `student_select_course` VALUES (1220, 56, 323, 0);
INSERT INTO `student_select_course` VALUES (1221, 56, 621, 0);
INSERT INTO `student_select_course` VALUES (1222, 56, 380, 0);
INSERT INTO `student_select_course` VALUES (1223, 56, 284, 0);
INSERT INTO `student_select_course` VALUES (1224, 57, 280, 0);
INSERT INTO `student_select_course` VALUES (1225, 57, 613, 0);
INSERT INTO `student_select_course` VALUES (1226, 57, 267, 0);
INSERT INTO `student_select_course` VALUES (1227, 57, 287, 0);
INSERT INTO `student_select_course` VALUES (1228, 58, 377, 0);
INSERT INTO `student_select_course` VALUES (1229, 59, 319, 0);
INSERT INTO `student_select_course` VALUES (1230, 60, 411, 0);
INSERT INTO `student_select_course` VALUES (1231, 60, 597, 0);
INSERT INTO `student_select_course` VALUES (1232, 60, 603, 0);
INSERT INTO `student_select_course` VALUES (1233, 61, 215, 0);
INSERT INTO `student_select_course` VALUES (1234, 61, 47, 0);
INSERT INTO `student_select_course` VALUES (1235, 61, 420, 0);
INSERT INTO `student_select_course` VALUES (1236, 61, 276, 0);
INSERT INTO `student_select_course` VALUES (1237, 61, 590, 0);
INSERT INTO `student_select_course` VALUES (1238, 62, 350, 0);
INSERT INTO `student_select_course` VALUES (1239, 62, 10, 0);
INSERT INTO `student_select_course` VALUES (1240, 62, 615, 0);
INSERT INTO `student_select_course` VALUES (1241, 62, 607, 0);
INSERT INTO `student_select_course` VALUES (1242, 63, 191, 0);
INSERT INTO `student_select_course` VALUES (1243, 63, 377, 0);
INSERT INTO `student_select_course` VALUES (1244, 63, 320, 0);
INSERT INTO `student_select_course` VALUES (1245, 63, 337, 0);
INSERT INTO `student_select_course` VALUES (1246, 63, 343, 0);
INSERT INTO `student_select_course` VALUES (1247, 64, 45, 0);
INSERT INTO `student_select_course` VALUES (1248, 64, 352, 0);
INSERT INTO `student_select_course` VALUES (1249, 64, 286, 0);
INSERT INTO `student_select_course` VALUES (1250, 65, 48, 0);
INSERT INTO `student_select_course` VALUES (1251, 67, 360, 0);
INSERT INTO `student_select_course` VALUES (1252, 67, 604, 0);
INSERT INTO `student_select_course` VALUES (1253, 67, 283, 0);
INSERT INTO `student_select_course` VALUES (1254, 67, 393, 0);
INSERT INTO `student_select_course` VALUES (1255, 67, 319, 0);
INSERT INTO `student_select_course` VALUES (1256, 68, 286, 0);
INSERT INTO `student_select_course` VALUES (1257, 68, 414, 0);
INSERT INTO `student_select_course` VALUES (1258, 68, 223, 0);
INSERT INTO `student_select_course` VALUES (1259, 69, 287, 0);
INSERT INTO `student_select_course` VALUES (1260, 69, 340, 0);
INSERT INTO `student_select_course` VALUES (1261, 70, 594, 0);
INSERT INTO `student_select_course` VALUES (1262, 71, 436, 0);
INSERT INTO `student_select_course` VALUES (1263, 71, 409, 0);
INSERT INTO `student_select_course` VALUES (1264, 71, 43, 0);
INSERT INTO `student_select_course` VALUES (1265, 72, 615, 0);
INSERT INTO `student_select_course` VALUES (1266, 72, 350, 0);
INSERT INTO `student_select_course` VALUES (1267, 72, 590, 0);
INSERT INTO `student_select_course` VALUES (1268, 72, 227, 0);
INSERT INTO `student_select_course` VALUES (1269, 73, 592, 0);
INSERT INTO `student_select_course` VALUES (1270, 73, 216, 0);
INSERT INTO `student_select_course` VALUES (1271, 73, 381, 0);
INSERT INTO `student_select_course` VALUES (1272, 73, 646, 0);
INSERT INTO `student_select_course` VALUES (1273, 74, 11, 0);
INSERT INTO `student_select_course` VALUES (1274, 74, 336, 0);
INSERT INTO `student_select_course` VALUES (1275, 74, 589, 0);
INSERT INTO `student_select_course` VALUES (1276, 74, 603, 0);
INSERT INTO `student_select_course` VALUES (1277, 75, 420, 0);
INSERT INTO `student_select_course` VALUES (1278, 75, 393, 0);
INSERT INTO `student_select_course` VALUES (1279, 75, 385, 0);
INSERT INTO `student_select_course` VALUES (1280, 75, 283, 0);
INSERT INTO `student_select_course` VALUES (1281, 75, 599, 0);
INSERT INTO `student_select_course` VALUES (1282, 76, 323, 0);
INSERT INTO `student_select_course` VALUES (1283, 76, 414, 0);
INSERT INTO `student_select_course` VALUES (1284, 77, 381, 0);
INSERT INTO `student_select_course` VALUES (1285, 77, 59, 0);
INSERT INTO `student_select_course` VALUES (1286, 77, 269, 0);
INSERT INTO `student_select_course` VALUES (1287, 77, 272, 0);
INSERT INTO `student_select_course` VALUES (1288, 77, 276, 0);
INSERT INTO `student_select_course` VALUES (1289, 78, 376, 0);
INSERT INTO `student_select_course` VALUES (1290, 78, 338, 0);
INSERT INTO `student_select_course` VALUES (1291, 79, 58, 0);
INSERT INTO `student_select_course` VALUES (1292, 79, 262, 0);
INSERT INTO `student_select_course` VALUES (1293, 79, 215, 0);
INSERT INTO `student_select_course` VALUES (1294, 79, 390, 0);
INSERT INTO `student_select_course` VALUES (1295, 80, 319, 0);
INSERT INTO `student_select_course` VALUES (1296, 81, 347, 0);
INSERT INTO `student_select_course` VALUES (1297, 81, 9, 0);
INSERT INTO `student_select_course` VALUES (1298, 83, 46, 0);
INSERT INTO `student_select_course` VALUES (1299, 83, 328, 0);
INSERT INTO `student_select_course` VALUES (1300, 85, 395, 0);
INSERT INTO `student_select_course` VALUES (1301, 85, 337, 0);
INSERT INTO `student_select_course` VALUES (1302, 85, 277, 0);
INSERT INTO `student_select_course` VALUES (1303, 85, 286, 0);
INSERT INTO `student_select_course` VALUES (1304, 87, 329, 0);
INSERT INTO `student_select_course` VALUES (1305, 87, 338, 0);
INSERT INTO `student_select_course` VALUES (1306, 88, 594, 0);
INSERT INTO `student_select_course` VALUES (1307, 91, 592, 0);
INSERT INTO `student_select_course` VALUES (1308, 92, 214, 0);
INSERT INTO `student_select_course` VALUES (1309, 92, 604, 0);
INSERT INTO `student_select_course` VALUES (1310, 92, 333, 0);
INSERT INTO `student_select_course` VALUES (1311, 92, 603, 0);
INSERT INTO `student_select_course` VALUES (1312, 93, 372, 0);
INSERT INTO `student_select_course` VALUES (1313, 93, 333, 0);
INSERT INTO `student_select_course` VALUES (1314, 93, 316, 0);
INSERT INTO `student_select_course` VALUES (1315, 94, 414, 0);
INSERT INTO `student_select_course` VALUES (1316, 94, 447, 0);
INSERT INTO `student_select_course` VALUES (1317, 95, 393, 0);
INSERT INTO `student_select_course` VALUES (1318, 95, 603, 0);
INSERT INTO `student_select_course` VALUES (1319, 95, 57, 0);
INSERT INTO `student_select_course` VALUES (1320, 95, 192, 0);
INSERT INTO `student_select_course` VALUES (1321, 96, 277, 0);
INSERT INTO `student_select_course` VALUES (1322, 96, 411, 0);
INSERT INTO `student_select_course` VALUES (1323, 96, 268, 0);
INSERT INTO `student_select_course` VALUES (1324, 96, 615, 0);
INSERT INTO `student_select_course` VALUES (1325, 100, 321, 0);
INSERT INTO `student_select_course` VALUES (1326, 100, 286, 0);
INSERT INTO `student_select_course` VALUES (1327, 100, 179, 0);
INSERT INTO `student_select_course` VALUES (1328, 100, 600, 0);
INSERT INTO `student_select_course` VALUES (1329, 100, 338, 0);
INSERT INTO `student_select_course` VALUES (1330, 101, 56, 0);
INSERT INTO `student_select_course` VALUES (1331, 101, 610, 0);
INSERT INTO `student_select_course` VALUES (1332, 101, 341, 0);
INSERT INTO `student_select_course` VALUES (1333, 101, 270, 0);
INSERT INTO `student_select_course` VALUES (1334, 102, 599, 0);
INSERT INTO `student_select_course` VALUES (1335, 102, 391, 0);
INSERT INTO `student_select_course` VALUES (1336, 102, 59, 0);
INSERT INTO `student_select_course` VALUES (1337, 102, 610, 0);
INSERT INTO `student_select_course` VALUES (1338, 102, 393, 0);
INSERT INTO `student_select_course` VALUES (1339, 103, 353, 0);
INSERT INTO `student_select_course` VALUES (1340, 104, 227, 0);
INSERT INTO `student_select_course` VALUES (1341, 104, 592, 0);
INSERT INTO `student_select_course` VALUES (1342, 105, 331, 0);
INSERT INTO `student_select_course` VALUES (1343, 105, 598, 0);
INSERT INTO `student_select_course` VALUES (1344, 105, 282, 0);
INSERT INTO `student_select_course` VALUES (1345, 105, 327, 0);
INSERT INTO `student_select_course` VALUES (1346, 106, 323, 0);
INSERT INTO `student_select_course` VALUES (1347, 107, 226, 0);
INSERT INTO `student_select_course` VALUES (1348, 108, 352, 0);
INSERT INTO `student_select_course` VALUES (1349, 108, 289, 0);
INSERT INTO `student_select_course` VALUES (1350, 109, 436, 0);
INSERT INTO `student_select_course` VALUES (1351, 109, 49, 0);
INSERT INTO `student_select_course` VALUES (1352, 109, 620, 0);
INSERT INTO `student_select_course` VALUES (1353, 110, 281, 0);
INSERT INTO `student_select_course` VALUES (1354, 110, 391, 0);
INSERT INTO `student_select_course` VALUES (1355, 110, 606, 0);
INSERT INTO `student_select_course` VALUES (1356, 110, 592, 0);
INSERT INTO `student_select_course` VALUES (1357, 110, 351, 0);
INSERT INTO `student_select_course` VALUES (1358, 111, 268, 0);
INSERT INTO `student_select_course` VALUES (1359, 111, 39, 0);
INSERT INTO `student_select_course` VALUES (1360, 111, 384, 0);
INSERT INTO `student_select_course` VALUES (1361, 112, 42, 0);
INSERT INTO `student_select_course` VALUES (1362, 112, 281, 0);
INSERT INTO `student_select_course` VALUES (1363, 112, 374, 0);
INSERT INTO `student_select_course` VALUES (1364, 112, 11, 0);
INSERT INTO `student_select_course` VALUES (1365, 112, 262, 0);
INSERT INTO `student_select_course` VALUES (1366, 113, 316, 0);
INSERT INTO `student_select_course` VALUES (1367, 113, 257, 0);
INSERT INTO `student_select_course` VALUES (1368, 113, 622, 0);
INSERT INTO `student_select_course` VALUES (1369, 114, 153, 0);
INSERT INTO `student_select_course` VALUES (1370, 114, 352, 0);
INSERT INTO `student_select_course` VALUES (1371, 116, 390, 0);
INSERT INTO `student_select_course` VALUES (1372, 116, 224, 0);
INSERT INTO `student_select_course` VALUES (1373, 117, 618, 0);
INSERT INTO `student_select_course` VALUES (1374, 117, 419, 0);
INSERT INTO `student_select_course` VALUES (1375, 117, 58, 0);
INSERT INTO `student_select_course` VALUES (1376, 117, 291, 0);
INSERT INTO `student_select_course` VALUES (1377, 118, 341, 0);
INSERT INTO `student_select_course` VALUES (1378, 118, 153, 0);
INSERT INTO `student_select_course` VALUES (1379, 119, 9, 0);
INSERT INTO `student_select_course` VALUES (1380, 119, 336, 0);
INSERT INTO `student_select_course` VALUES (1381, 119, 10, 0);
INSERT INTO `student_select_course` VALUES (1382, 122, 52, 0);
INSERT INTO `student_select_course` VALUES (1383, 123, 349, 0);
INSERT INTO `student_select_course` VALUES (1384, 123, 447, 0);
INSERT INTO `student_select_course` VALUES (1385, 123, 259, 0);
INSERT INTO `student_select_course` VALUES (1386, 123, 392, 0);
INSERT INTO `student_select_course` VALUES (1387, 123, 411, 0);
INSERT INTO `student_select_course` VALUES (1388, 124, 261, 0);
INSERT INTO `student_select_course` VALUES (1389, 125, 334, 0);
INSERT INTO `student_select_course` VALUES (1390, 125, 315, 0);
INSERT INTO `student_select_course` VALUES (1391, 125, 601, 0);
INSERT INTO `student_select_course` VALUES (1392, 125, 617, 0);
INSERT INTO `student_select_course` VALUES (1393, 125, 290, 0);
INSERT INTO `student_select_course` VALUES (1394, 126, 372, 0);
INSERT INTO `student_select_course` VALUES (1395, 126, 47, 0);
INSERT INTO `student_select_course` VALUES (1396, 126, 290, 0);
INSERT INTO `student_select_course` VALUES (1397, 126, 597, 0);
INSERT INTO `student_select_course` VALUES (1398, 127, 610, 0);
INSERT INTO `student_select_course` VALUES (1399, 127, 337, 0);
INSERT INTO `student_select_course` VALUES (1400, 127, 292, 0);
INSERT INTO `student_select_course` VALUES (1401, 128, 606, 0);
INSERT INTO `student_select_course` VALUES (1402, 129, 321, 0);
INSERT INTO `student_select_course` VALUES (1403, 129, 356, 0);
INSERT INTO `student_select_course` VALUES (1404, 129, 382, 0);
INSERT INTO `student_select_course` VALUES (1405, 129, 223, 0);
INSERT INTO `student_select_course` VALUES (1406, 129, 55, 0);
INSERT INTO `student_select_course` VALUES (1407, 130, 55, 0);
INSERT INTO `student_select_course` VALUES (1408, 130, 584, 0);
INSERT INTO `student_select_course` VALUES (1409, 130, 47, 0);
INSERT INTO `student_select_course` VALUES (1410, 130, 342, 0);
INSERT INTO `student_select_course` VALUES (1411, 132, 647, 0);
INSERT INTO `student_select_course` VALUES (1412, 132, 264, 0);
INSERT INTO `student_select_course` VALUES (1414, 132, 285, 0);
INSERT INTO `student_select_course` VALUES (1415, 135, 381, 0);
INSERT INTO `student_select_course` VALUES (1416, 135, 589, 0);
INSERT INTO `student_select_course` VALUES (1417, 136, 208, 0);
INSERT INTO `student_select_course` VALUES (1418, 137, 372, 0);
INSERT INTO `student_select_course` VALUES (1419, 137, 154, 0);
INSERT INTO `student_select_course` VALUES (1420, 137, 276, 0);
INSERT INTO `student_select_course` VALUES (1421, 137, 604, 0);
INSERT INTO `student_select_course` VALUES (1422, 139, 584, 0);
INSERT INTO `student_select_course` VALUES (1423, 139, 314, 0);
INSERT INTO `student_select_course` VALUES (1424, 140, 220, 0);
INSERT INTO `student_select_course` VALUES (1425, 142, 291, 0);
INSERT INTO `student_select_course` VALUES (1426, 142, 223, 0);
INSERT INTO `student_select_course` VALUES (1427, 142, 214, 0);
INSERT INTO `student_select_course` VALUES (1428, 142, 590, 0);
INSERT INTO `student_select_course` VALUES (1429, 142, 346, 0);
INSERT INTO `student_select_course` VALUES (1430, 143, 284, 0);
INSERT INTO `student_select_course` VALUES (1431, 143, 263, 0);
INSERT INTO `student_select_course` VALUES (1432, 144, 224, 0);
INSERT INTO `student_select_course` VALUES (1433, 144, 587, 0);
INSERT INTO `student_select_course` VALUES (1434, 144, 280, 0);
INSERT INTO `student_select_course` VALUES (1435, 144, 340, 0);
INSERT INTO `student_select_course` VALUES (1436, 144, 321, 0);
INSERT INTO `student_select_course` VALUES (1437, 145, 376, 0);
INSERT INTO `student_select_course` VALUES (1438, 145, 332, 0);
INSERT INTO `student_select_course` VALUES (1439, 145, 593, 0);
INSERT INTO `student_select_course` VALUES (1440, 145, 645, 0);
INSERT INTO `student_select_course` VALUES (1441, 147, 360, 0);
INSERT INTO `student_select_course` VALUES (1442, 148, 599, 0);
INSERT INTO `student_select_course` VALUES (1443, 148, 612, 0);
INSERT INTO `student_select_course` VALUES (1444, 148, 265, 0);
INSERT INTO `student_select_course` VALUES (1445, 150, 386, 0);
INSERT INTO `student_select_course` VALUES (1446, 150, 280, 0);
INSERT INTO `student_select_course` VALUES (1447, 150, 263, 0);
INSERT INTO `student_select_course` VALUES (1448, 151, 447, 0);
INSERT INTO `student_select_course` VALUES (1449, 151, 330, 0);
INSERT INTO `student_select_course` VALUES (1450, 151, 316, 0);
INSERT INTO `student_select_course` VALUES (1451, 152, 58, 0);
INSERT INTO `student_select_course` VALUES (1452, 153, 344, 0);
INSERT INTO `student_select_course` VALUES (1453, 153, 267, 0);
INSERT INTO `student_select_course` VALUES (1454, 153, 217, 0);
INSERT INTO `student_select_course` VALUES (1455, 153, 384, 0);
INSERT INTO `student_select_course` VALUES (1456, 153, 264, 0);
INSERT INTO `student_select_course` VALUES (1457, 154, 58, 0);
INSERT INTO `student_select_course` VALUES (1458, 154, 153, 0);
INSERT INTO `student_select_course` VALUES (1459, 154, 607, 0);
INSERT INTO `student_select_course` VALUES (1460, 154, 378, 0);
INSERT INTO `student_select_course` VALUES (1461, 154, 356, 0);
INSERT INTO `student_select_course` VALUES (1462, 155, 328, 0);
INSERT INTO `student_select_course` VALUES (1463, 155, 283, 0);
INSERT INTO `student_select_course` VALUES (1464, 155, 607, 0);
INSERT INTO `student_select_course` VALUES (1465, 155, 179, 0);
INSERT INTO `student_select_course` VALUES (1466, 155, 343, 0);
INSERT INTO `student_select_course` VALUES (1467, 156, 314, 0);
INSERT INTO `student_select_course` VALUES (1468, 156, 320, 0);
INSERT INTO `student_select_course` VALUES (1469, 156, 608, 0);
INSERT INTO `student_select_course` VALUES (1470, 156, 280, 0);
INSERT INTO `student_select_course` VALUES (1471, 157, 226, 0);
INSERT INTO `student_select_course` VALUES (1472, 157, 210, 0);
INSERT INTO `student_select_course` VALUES (1473, 158, 379, 0);
INSERT INTO `student_select_course` VALUES (1474, 158, 212, 0);
INSERT INTO `student_select_course` VALUES (1475, 158, 40, 0);
INSERT INTO `student_select_course` VALUES (1476, 158, 341, 0);
INSERT INTO `student_select_course` VALUES (1477, 158, 354, 0);
INSERT INTO `student_select_course` VALUES (1478, 160, 291, 0);
INSERT INTO `student_select_course` VALUES (1479, 160, 346, 0);
INSERT INTO `student_select_course` VALUES (1480, 160, 259, 0);
INSERT INTO `student_select_course` VALUES (1481, 161, 338, 0);
INSERT INTO `student_select_course` VALUES (1482, 161, 436, 0);
INSERT INTO `student_select_course` VALUES (1483, 161, 608, 0);
INSERT INTO `student_select_course` VALUES (1484, 161, 259, 0);
INSERT INTO `student_select_course` VALUES (1485, 162, 416, 0);
INSERT INTO `student_select_course` VALUES (1486, 162, 9, 0);
INSERT INTO `student_select_course` VALUES (1487, 162, 647, 0);
INSERT INTO `student_select_course` VALUES (1488, 162, 358, 0);
INSERT INTO `student_select_course` VALUES (1489, 163, 392, 0);
INSERT INTO `student_select_course` VALUES (1490, 163, 350, 0);
INSERT INTO `student_select_course` VALUES (1491, 164, 213, 0);
INSERT INTO `student_select_course` VALUES (1492, 165, 259, 0);
INSERT INTO `student_select_course` VALUES (1493, 165, 360, 0);
INSERT INTO `student_select_course` VALUES (1494, 165, 281, 0);
INSERT INTO `student_select_course` VALUES (1495, 165, 261, 0);
INSERT INTO `student_select_course` VALUES (1496, 165, 417, 0);
INSERT INTO `student_select_course` VALUES (1497, 166, 593, 0);
INSERT INTO `student_select_course` VALUES (1498, 166, 335, 0);
INSERT INTO `student_select_course` VALUES (1499, 166, 278, 0);
INSERT INTO `student_select_course` VALUES (1500, 166, 328, 0);
INSERT INTO `student_select_course` VALUES (1501, 167, 412, 0);
INSERT INTO `student_select_course` VALUES (1502, 167, 612, 0);
INSERT INTO `student_select_course` VALUES (1503, 167, 210, 0);
INSERT INTO `student_select_course` VALUES (1504, 167, 420, 0);
INSERT INTO `student_select_course` VALUES (1505, 167, 623, 0);
INSERT INTO `student_select_course` VALUES (1506, 168, 51, 0);
INSERT INTO `student_select_course` VALUES (1507, 169, 285, 0);
INSERT INTO `student_select_course` VALUES (1508, 169, 613, 0);
INSERT INTO `student_select_course` VALUES (1509, 169, 321, 0);
INSERT INTO `student_select_course` VALUES (1510, 169, 395, 0);
INSERT INTO `student_select_course` VALUES (1511, 169, 275, 0);
INSERT INTO `student_select_course` VALUES (1512, 170, 607, 0);
INSERT INTO `student_select_course` VALUES (1513, 170, 412, 0);
INSERT INTO `student_select_course` VALUES (1514, 170, 370, 0);
INSERT INTO `student_select_course` VALUES (1515, 170, 592, 0);
INSERT INTO `student_select_course` VALUES (1516, 171, 318, 0);
INSERT INTO `student_select_course` VALUES (1517, 171, 54, 0);
INSERT INTO `student_select_course` VALUES (1518, 172, 623, 0);
INSERT INTO `student_select_course` VALUES (1519, 172, 343, 0);
INSERT INTO `student_select_course` VALUES (1520, 173, 411, 0);
INSERT INTO `student_select_course` VALUES (1521, 173, 378, 0);
INSERT INTO `student_select_course` VALUES (1522, 173, 226, 0);
INSERT INTO `student_select_course` VALUES (1523, 173, 610, 0);
INSERT INTO `student_select_course` VALUES (1524, 173, 608, 0);
INSERT INTO `student_select_course` VALUES (1525, 174, 338, 0);
INSERT INTO `student_select_course` VALUES (1526, 174, 257, 0);
INSERT INTO `student_select_course` VALUES (1527, 174, 337, 0);
INSERT INTO `student_select_course` VALUES (1528, 174, 353, 0);
INSERT INTO `student_select_course` VALUES (1529, 175, 57, 0);
INSERT INTO `student_select_course` VALUES (1530, 175, 376, 0);
INSERT INTO `student_select_course` VALUES (1531, 175, 614, 0);
INSERT INTO `student_select_course` VALUES (1532, 175, 46, 0);
INSERT INTO `student_select_course` VALUES (1533, 177, 393, 0);
INSERT INTO `student_select_course` VALUES (1534, 178, 385, 0);
INSERT INTO `student_select_course` VALUES (1535, 178, 619, 0);
INSERT INTO `student_select_course` VALUES (1536, 179, 598, 0);
INSERT INTO `student_select_course` VALUES (1537, 179, 153, 0);
INSERT INTO `student_select_course` VALUES (1538, 179, 645, 0);
INSERT INTO `student_select_course` VALUES (1539, 179, 214, 0);
INSERT INTO `student_select_course` VALUES (1540, 180, 593, 0);
INSERT INTO `student_select_course` VALUES (1541, 180, 223, 0);
INSERT INTO `student_select_course` VALUES (1542, 180, 341, 0);
INSERT INTO `student_select_course` VALUES (1543, 180, 592, 0);
INSERT INTO `student_select_course` VALUES (1544, 181, 419, 0);
INSERT INTO `student_select_course` VALUES (1545, 181, 319, 0);
INSERT INTO `student_select_course` VALUES (1546, 181, 609, 0);
INSERT INTO `student_select_course` VALUES (1547, 181, 374, 0);
INSERT INTO `student_select_course` VALUES (1548, 181, 612, 0);
INSERT INTO `student_select_course` VALUES (1549, 183, 261, 0);
INSERT INTO `student_select_course` VALUES (1550, 183, 56, 0);
INSERT INTO `student_select_course` VALUES (1551, 183, 227, 0);
INSERT INTO `student_select_course` VALUES (1552, 183, 287, 0);
INSERT INTO `student_select_course` VALUES (1553, 183, 601, 0);
INSERT INTO `student_select_course` VALUES (1554, 185, 285, 0);
INSERT INTO `student_select_course` VALUES (1555, 186, 264, 0);
INSERT INTO `student_select_course` VALUES (1556, 187, 595, 0);
INSERT INTO `student_select_course` VALUES (1557, 187, 615, 0);
INSERT INTO `student_select_course` VALUES (1558, 187, 269, 0);
INSERT INTO `student_select_course` VALUES (1559, 187, 591, 0);
INSERT INTO `student_select_course` VALUES (1560, 188, 10, 0);
INSERT INTO `student_select_course` VALUES (1561, 188, 329, 0);
INSERT INTO `student_select_course` VALUES (1562, 188, 270, 0);
INSERT INTO `student_select_course` VALUES (1563, 188, 283, 0);
INSERT INTO `student_select_course` VALUES (1564, 189, 352, 0);
INSERT INTO `student_select_course` VALUES (1565, 189, 446, 0);
INSERT INTO `student_select_course` VALUES (1566, 189, 610, 0);
INSERT INTO `student_select_course` VALUES (1567, 189, 257, 0);
INSERT INTO `student_select_course` VALUES (1568, 189, 619, 0);
INSERT INTO `student_select_course` VALUES (1569, 191, 379, 0);
INSERT INTO `student_select_course` VALUES (1570, 191, 154, 0);
INSERT INTO `student_select_course` VALUES (1571, 192, 279, 0);
INSERT INTO `student_select_course` VALUES (1572, 192, 216, 0);
INSERT INTO `student_select_course` VALUES (1573, 194, 389, 0);
INSERT INTO `student_select_course` VALUES (1574, 195, 192, 0);
INSERT INTO `student_select_course` VALUES (1575, 195, 612, 0);
INSERT INTO `student_select_course` VALUES (1576, 195, 618, 0);
INSERT INTO `student_select_course` VALUES (1577, 195, 274, 0);
INSERT INTO `student_select_course` VALUES (1578, 196, 275, 0);
INSERT INTO `student_select_course` VALUES (1579, 196, 356, 0);
INSERT INTO `student_select_course` VALUES (1580, 196, 395, 0);
INSERT INTO `student_select_course` VALUES (1581, 196, 333, 0);
INSERT INTO `student_select_course` VALUES (1582, 196, 326, 0);
INSERT INTO `student_select_course` VALUES (1583, 197, 623, 0);
INSERT INTO `student_select_course` VALUES (1584, 197, 341, 0);
INSERT INTO `student_select_course` VALUES (1585, 198, 216, 0);
INSERT INTO `student_select_course` VALUES (1586, 198, 417, 0);
INSERT INTO `student_select_course` VALUES (1587, 198, 646, 0);
INSERT INTO `student_select_course` VALUES (1588, 199, 392, 0);
INSERT INTO `student_select_course` VALUES (1589, 199, 601, 0);
INSERT INTO `student_select_course` VALUES (1590, 200, 53, 0);
INSERT INTO `student_select_course` VALUES (1591, 200, 415, 0);
INSERT INTO `student_select_course` VALUES (1592, 200, 413, 0);
INSERT INTO `student_select_course` VALUES (1593, 200, 258, 0);
INSERT INTO `student_select_course` VALUES (1594, 200, 276, 0);
INSERT INTO `student_select_course` VALUES (1595, 201, 383, 0);
INSERT INTO `student_select_course` VALUES (1596, 202, 585, 0);
INSERT INTO `student_select_course` VALUES (1597, 202, 377, 0);
INSERT INTO `student_select_course` VALUES (1598, 202, 330, 0);
INSERT INTO `student_select_course` VALUES (1599, 202, 40, 0);
INSERT INTO `student_select_course` VALUES (1600, 203, 343, 0);
INSERT INTO `student_select_course` VALUES (1601, 203, 611, 0);
INSERT INTO `student_select_course` VALUES (1602, 203, 259, 0);
INSERT INTO `student_select_course` VALUES (1603, 203, 323, 0);
INSERT INTO `student_select_course` VALUES (1604, 204, 349, 0);
INSERT INTO `student_select_course` VALUES (1605, 204, 618, 0);
INSERT INTO `student_select_course` VALUES (1606, 204, 333, 0);
INSERT INTO `student_select_course` VALUES (1607, 204, 291, 0);
INSERT INTO `student_select_course` VALUES (1608, 205, 348, 0);
INSERT INTO `student_select_course` VALUES (1609, 205, 279, 0);
INSERT INTO `student_select_course` VALUES (1610, 205, 314, 0);
INSERT INTO `student_select_course` VALUES (1611, 205, 341, 0);
INSERT INTO `student_select_course` VALUES (1612, 205, 316, 0);
INSERT INTO `student_select_course` VALUES (1613, 206, 280, 0);
INSERT INTO `student_select_course` VALUES (1615, 206, 288, 0);
INSERT INTO `student_select_course` VALUES (1616, 206, 191, 0);
INSERT INTO `student_select_course` VALUES (1617, 206, 214, 0);
INSERT INTO `student_select_course` VALUES (1618, 207, 606, 0);
INSERT INTO `student_select_course` VALUES (1619, 207, 278, 0);
INSERT INTO `student_select_course` VALUES (1620, 208, 351, 0);
INSERT INTO `student_select_course` VALUES (1621, 208, 382, 0);
INSERT INTO `student_select_course` VALUES (1622, 208, 209, 0);
INSERT INTO `student_select_course` VALUES (1623, 208, 335, 0);
INSERT INTO `student_select_course` VALUES (1624, 208, 594, 0);
INSERT INTO `student_select_course` VALUES (1625, 210, 412, 0);
INSERT INTO `student_select_course` VALUES (1626, 211, 271, 0);
INSERT INTO `student_select_course` VALUES (1627, 211, 223, 0);
INSERT INTO `student_select_course` VALUES (1628, 211, 619, 0);
INSERT INTO `student_select_course` VALUES (1629, 213, 372, 0);
INSERT INTO `student_select_course` VALUES (1630, 214, 395, 0);
INSERT INTO `student_select_course` VALUES (1631, 215, 584, 0);
INSERT INTO `student_select_course` VALUES (1632, 215, 419, 0);
INSERT INTO `student_select_course` VALUES (1633, 215, 286, 0);
INSERT INTO `student_select_course` VALUES (1634, 215, 10, 0);
INSERT INTO `student_select_course` VALUES (1635, 215, 341, 0);
INSERT INTO `student_select_course` VALUES (1636, 216, 154, 0);
INSERT INTO `student_select_course` VALUES (1637, 217, 344, 0);
INSERT INTO `student_select_course` VALUES (1638, 218, 191, 0);
INSERT INTO `student_select_course` VALUES (1639, 218, 604, 0);
INSERT INTO `student_select_course` VALUES (1640, 218, 339, 0);
INSERT INTO `student_select_course` VALUES (1641, 223, 209, 0);
INSERT INTO `student_select_course` VALUES (1642, 223, 602, 0);
INSERT INTO `student_select_course` VALUES (1643, 223, 281, 0);
INSERT INTO `student_select_course` VALUES (1644, 223, 389, 0);
INSERT INTO `student_select_course` VALUES (1645, 223, 343, 0);
INSERT INTO `student_select_course` VALUES (1646, 224, 379, 0);
INSERT INTO `student_select_course` VALUES (1647, 224, 645, 0);
INSERT INTO `student_select_course` VALUES (1648, 226, 256, 0);
INSERT INTO `student_select_course` VALUES (1649, 227, 268, 0);
INSERT INTO `student_select_course` VALUES (1650, 228, 416, 0);
INSERT INTO `student_select_course` VALUES (1651, 230, 58, 0);
INSERT INTO `student_select_course` VALUES (1652, 230, 322, 0);
INSERT INTO `student_select_course` VALUES (1653, 231, 317, 0);
INSERT INTO `student_select_course` VALUES (1654, 232, 595, 0);
INSERT INTO `student_select_course` VALUES (1655, 232, 10, 0);
INSERT INTO `student_select_course` VALUES (1656, 232, 619, 0);
INSERT INTO `student_select_course` VALUES (1657, 232, 275, 0);
INSERT INTO `student_select_course` VALUES (1658, 233, 607, 0);
INSERT INTO `student_select_course` VALUES (1659, 233, 60, 0);
INSERT INTO `student_select_course` VALUES (1660, 233, 271, 0);
INSERT INTO `student_select_course` VALUES (1661, 233, 314, 0);
INSERT INTO `student_select_course` VALUES (1662, 234, 448, 0);
INSERT INTO `student_select_course` VALUES (1663, 234, 55, 0);
INSERT INTO `student_select_course` VALUES (1664, 237, 600, 0);
INSERT INTO `student_select_course` VALUES (1665, 237, 11, 0);
INSERT INTO `student_select_course` VALUES (1666, 238, 600, 0);
INSERT INTO `student_select_course` VALUES (1667, 238, 323, 0);
INSERT INTO `student_select_course` VALUES (1668, 238, 322, 0);
INSERT INTO `student_select_course` VALUES (1669, 238, 373, 0);
INSERT INTO `student_select_course` VALUES (1670, 238, 211, 0);
INSERT INTO `student_select_course` VALUES (1671, 239, 354, 0);
INSERT INTO `student_select_course` VALUES (1672, 239, 259, 0);
INSERT INTO `student_select_course` VALUES (1673, 239, 379, 0);
INSERT INTO `student_select_course` VALUES (1674, 240, 411, 0);
INSERT INTO `student_select_course` VALUES (1675, 240, 325, 0);
INSERT INTO `student_select_course` VALUES (1676, 240, 277, 0);
INSERT INTO `student_select_course` VALUES (1677, 240, 437, 0);
INSERT INTO `student_select_course` VALUES (1678, 240, 617, 0);
INSERT INTO `student_select_course` VALUES (1679, 241, 370, 0);
INSERT INTO `student_select_course` VALUES (1680, 241, 50, 0);
INSERT INTO `student_select_course` VALUES (1681, 242, 340, 0);
INSERT INTO `student_select_course` VALUES (1682, 242, 601, 0);
INSERT INTO `student_select_course` VALUES (1683, 242, 257, 0);
INSERT INTO `student_select_course` VALUES (1684, 242, 264, 0);
INSERT INTO `student_select_course` VALUES (1685, 243, 351, 0);
INSERT INTO `student_select_course` VALUES (1686, 243, 271, 0);
INSERT INTO `student_select_course` VALUES (1687, 243, 601, 0);
INSERT INTO `student_select_course` VALUES (1688, 243, 606, 0);
INSERT INTO `student_select_course` VALUES (1689, 244, 587, 0);
INSERT INTO `student_select_course` VALUES (1690, 244, 370, 0);
INSERT INTO `student_select_course` VALUES (1691, 244, 371, 0);
INSERT INTO `student_select_course` VALUES (1692, 245, 617, 0);
INSERT INTO `student_select_course` VALUES (1693, 246, 360, 0);
INSERT INTO `student_select_course` VALUES (1694, 246, 375, 0);
INSERT INTO `student_select_course` VALUES (1695, 246, 587, 0);
INSERT INTO `student_select_course` VALUES (1696, 246, 358, 0);
INSERT INTO `student_select_course` VALUES (1697, 247, 386, 0);
INSERT INTO `student_select_course` VALUES (1698, 247, 395, 0);
INSERT INTO `student_select_course` VALUES (1699, 247, 215, 0);
INSERT INTO `student_select_course` VALUES (1700, 247, 264, 0);
INSERT INTO `student_select_course` VALUES (1701, 247, 392, 0);
INSERT INTO `student_select_course` VALUES (1702, 248, 646, 0);
INSERT INTO `student_select_course` VALUES (1703, 248, 214, 0);
INSERT INTO `student_select_course` VALUES (1704, 248, 344, 0);
INSERT INTO `student_select_course` VALUES (1705, 249, 372, 0);
INSERT INTO `student_select_course` VALUES (1706, 250, 276, 0);
INSERT INTO `student_select_course` VALUES (1707, 250, 342, 0);
INSERT INTO `student_select_course` VALUES (1708, 250, 340, 0);
INSERT INTO `student_select_course` VALUES (1709, 250, 274, 0);
INSERT INTO `student_select_course` VALUES (1710, 250, 417, 0);
INSERT INTO `student_select_course` VALUES (1711, 251, 291, 0);
INSERT INTO `student_select_course` VALUES (1712, 254, 263, 0);
INSERT INTO `student_select_course` VALUES (1713, 255, 358, 0);
INSERT INTO `student_select_course` VALUES (1714, 255, 261, 0);
INSERT INTO `student_select_course` VALUES (1715, 256, 55, 0);
INSERT INTO `student_select_course` VALUES (1716, 256, 589, 0);
INSERT INTO `student_select_course` VALUES (1717, 256, 325, 0);
INSERT INTO `student_select_course` VALUES (1718, 257, 335, 0);
INSERT INTO `student_select_course` VALUES (1719, 257, 269, 0);
INSERT INTO `student_select_course` VALUES (1720, 257, 44, 0);
INSERT INTO `student_select_course` VALUES (1721, 259, 413, 0);
INSERT INTO `student_select_course` VALUES (1722, 259, 586, 0);
INSERT INTO `student_select_course` VALUES (1723, 259, 447, 0);
INSERT INTO `student_select_course` VALUES (1724, 259, 355, 0);
INSERT INTO `student_select_course` VALUES (1725, 261, 376, 0);
INSERT INTO `student_select_course` VALUES (1726, 261, 217, 0);
INSERT INTO `student_select_course` VALUES (1727, 261, 350, 0);
INSERT INTO `student_select_course` VALUES (1728, 261, 212, 0);
INSERT INTO `student_select_course` VALUES (1729, 261, 340, 0);
INSERT INTO `student_select_course` VALUES (1730, 262, 350, 0);
INSERT INTO `student_select_course` VALUES (1731, 262, 410, 0);
INSERT INTO `student_select_course` VALUES (1732, 262, 332, 0);
INSERT INTO `student_select_course` VALUES (1733, 262, 264, 0);
INSERT INTO `student_select_course` VALUES (1734, 262, 412, 0);
INSERT INTO `student_select_course` VALUES (1735, 263, 226, 0);
INSERT INTO `student_select_course` VALUES (1736, 263, 278, 0);
INSERT INTO `student_select_course` VALUES (1737, 263, 39, 0);
INSERT INTO `student_select_course` VALUES (1738, 263, 378, 0);
INSERT INTO `student_select_course` VALUES (1739, 263, 609, 0);
INSERT INTO `student_select_course` VALUES (1740, 264, 292, 0);
INSERT INTO `student_select_course` VALUES (1741, 265, 58, 0);
INSERT INTO `student_select_course` VALUES (1742, 266, 216, 0);
INSERT INTO `student_select_course` VALUES (1743, 266, 417, 0);
INSERT INTO `student_select_course` VALUES (1744, 266, 356, 0);
INSERT INTO `student_select_course` VALUES (1745, 267, 55, 0);
INSERT INTO `student_select_course` VALUES (1746, 267, 223, 0);
INSERT INTO `student_select_course` VALUES (1748, 267, 214, 0);
INSERT INTO `student_select_course` VALUES (1749, 267, 280, 0);
INSERT INTO `student_select_course` VALUES (1750, 269, 284, 0);
INSERT INTO `student_select_course` VALUES (1751, 269, 223, 0);
INSERT INTO `student_select_course` VALUES (1752, 269, 191, 0);
INSERT INTO `student_select_course` VALUES (1753, 269, 192, 0);
INSERT INTO `student_select_course` VALUES (1754, 270, 221, 0);
INSERT INTO `student_select_course` VALUES (1755, 270, 436, 0);
INSERT INTO `student_select_course` VALUES (1756, 272, 597, 0);
INSERT INTO `student_select_course` VALUES (1757, 272, 626, 0);
INSERT INTO `student_select_course` VALUES (1758, 272, 284, 0);
INSERT INTO `student_select_course` VALUES (1759, 272, 373, 0);
INSERT INTO `student_select_course` VALUES (1760, 272, 281, 0);
INSERT INTO `student_select_course` VALUES (1761, 273, 385, 0);
INSERT INTO `student_select_course` VALUES (1762, 273, 350, 0);
INSERT INTO `student_select_course` VALUES (1763, 273, 606, 0);
INSERT INTO `student_select_course` VALUES (1764, 273, 379, 0);
INSERT INTO `student_select_course` VALUES (1765, 273, 390, 0);
INSERT INTO `student_select_course` VALUES (1766, 274, 395, 0);
INSERT INTO `student_select_course` VALUES (1767, 275, 383, 0);
INSERT INTO `student_select_course` VALUES (1768, 275, 359, 0);
INSERT INTO `student_select_course` VALUES (1769, 275, 316, 0);
INSERT INTO `student_select_course` VALUES (1770, 276, 264, 0);
INSERT INTO `student_select_course` VALUES (1771, 276, 291, 0);
INSERT INTO `student_select_course` VALUES (1772, 277, 593, 0);
INSERT INTO `student_select_course` VALUES (1773, 277, 372, 0);
INSERT INTO `student_select_course` VALUES (1774, 277, 393, 0);
INSERT INTO `student_select_course` VALUES (1775, 277, 379, 0);
INSERT INTO `student_select_course` VALUES (1776, 278, 590, 0);
INSERT INTO `student_select_course` VALUES (1777, 278, 264, 0);
INSERT INTO `student_select_course` VALUES (1778, 279, 338, 0);
INSERT INTO `student_select_course` VALUES (1779, 280, 385, 0);
INSERT INTO `student_select_course` VALUES (1780, 280, 382, 0);
INSERT INTO `student_select_course` VALUES (1781, 280, 436, 0);
INSERT INTO `student_select_course` VALUES (1782, 280, 226, 0);
INSERT INTO `student_select_course` VALUES (1783, 281, 270, 0);
INSERT INTO `student_select_course` VALUES (1784, 281, 275, 0);
INSERT INTO `student_select_course` VALUES (1785, 281, 50, 0);
INSERT INTO `student_select_course` VALUES (1786, 281, 414, 0);
INSERT INTO `student_select_course` VALUES (1787, 281, 410, 0);
INSERT INTO `student_select_course` VALUES (1788, 283, 600, 0);
INSERT INTO `student_select_course` VALUES (1789, 284, 450, 0);
INSERT INTO `student_select_course` VALUES (1790, 284, 413, 0);
INSERT INTO `student_select_course` VALUES (1791, 284, 320, 0);
INSERT INTO `student_select_course` VALUES (1792, 284, 217, 0);
INSERT INTO `student_select_course` VALUES (1793, 286, 416, 0);
INSERT INTO `student_select_course` VALUES (1794, 287, 395, 0);
INSERT INTO `student_select_course` VALUES (1795, 287, 48, 0);
INSERT INTO `student_select_course` VALUES (1796, 291, 603, 0);
INSERT INTO `student_select_course` VALUES (1797, 292, 55, 0);
INSERT INTO `student_select_course` VALUES (1798, 292, 449, 0);
INSERT INTO `student_select_course` VALUES (1799, 292, 382, 0);
INSERT INTO `student_select_course` VALUES (1800, 293, 59, 0);
INSERT INTO `student_select_course` VALUES (1801, 293, 420, 0);
INSERT INTO `student_select_course` VALUES (1802, 293, 446, 0);
INSERT INTO `student_select_course` VALUES (1803, 295, 356, 0);
INSERT INTO `student_select_course` VALUES (1804, 295, 215, 0);
INSERT INTO `student_select_course` VALUES (1805, 295, 274, 0);
INSERT INTO `student_select_course` VALUES (1806, 296, 409, 0);
INSERT INTO `student_select_course` VALUES (1807, 296, 336, 0);
INSERT INTO `student_select_course` VALUES (1808, 296, 264, 0);
INSERT INTO `student_select_course` VALUES (1809, 298, 269, 0);
INSERT INTO `student_select_course` VALUES (1810, 299, 342, 0);
INSERT INTO `student_select_course` VALUES (1811, 299, 221, 0);
INSERT INTO `student_select_course` VALUES (1812, 299, 614, 0);
INSERT INTO `student_select_course` VALUES (1813, 300, 347, 0);
INSERT INTO `student_select_course` VALUES (1814, 300, 318, 0);
INSERT INTO `student_select_course` VALUES (1815, 300, 358, 0);
INSERT INTO `student_select_course` VALUES (1816, 300, 420, 0);
INSERT INTO `student_select_course` VALUES (1817, 300, 225, 0);
INSERT INTO `student_select_course` VALUES (1818, 301, 588, 0);
INSERT INTO `student_select_course` VALUES (1819, 301, 615, 0);
INSERT INTO `student_select_course` VALUES (1820, 302, 257, 0);
INSERT INTO `student_select_course` VALUES (1821, 302, 215, 0);
INSERT INTO `student_select_course` VALUES (1822, 302, 268, 0);
INSERT INTO `student_select_course` VALUES (1823, 302, 622, 0);
INSERT INTO `student_select_course` VALUES (1824, 304, 413, 0);
INSERT INTO `student_select_course` VALUES (1825, 304, 328, 0);
INSERT INTO `student_select_course` VALUES (1826, 304, 326, 0);
INSERT INTO `student_select_course` VALUES (1827, 304, 350, 0);
INSERT INTO `student_select_course` VALUES (1828, 305, 50, 0);
INSERT INTO `student_select_course` VALUES (1829, 305, 290, 0);
INSERT INTO `student_select_course` VALUES (1830, 306, 361, 0);
INSERT INTO `student_select_course` VALUES (1831, 306, 43, 0);
INSERT INTO `student_select_course` VALUES (1832, 306, 626, 0);
INSERT INTO `student_select_course` VALUES (1833, 306, 358, 0);
INSERT INTO `student_select_course` VALUES (1834, 306, 9, 0);
INSERT INTO `student_select_course` VALUES (1835, 307, 153, 0);
INSERT INTO `student_select_course` VALUES (1836, 307, 290, 0);
INSERT INTO `student_select_course` VALUES (1837, 307, 286, 0);
INSERT INTO `student_select_course` VALUES (1838, 307, 385, 0);
INSERT INTO `student_select_course` VALUES (1839, 307, 274, 0);
INSERT INTO `student_select_course` VALUES (1840, 308, 154, 0);
INSERT INTO `student_select_course` VALUES (1841, 308, 319, 0);
INSERT INTO `student_select_course` VALUES (1842, 308, 292, 0);
INSERT INTO `student_select_course` VALUES (1843, 309, 349, 0);
INSERT INTO `student_select_course` VALUES (1844, 309, 220, 0);
INSERT INTO `student_select_course` VALUES (1845, 309, 274, 0);
INSERT INTO `student_select_course` VALUES (1846, 309, 353, 0);
INSERT INTO `student_select_course` VALUES (1847, 310, 436, 0);
INSERT INTO `student_select_course` VALUES (1848, 310, 279, 0);
INSERT INTO `student_select_course` VALUES (1849, 310, 40, 0);
INSERT INTO `student_select_course` VALUES (1850, 310, 341, 0);
INSERT INTO `student_select_course` VALUES (1851, 311, 334, 0);
INSERT INTO `student_select_course` VALUES (1852, 311, 615, 0);
INSERT INTO `student_select_course` VALUES (1853, 312, 324, 0);
INSERT INTO `student_select_course` VALUES (1854, 312, 49, 0);
INSERT INTO `student_select_course` VALUES (1855, 312, 316, 0);
INSERT INTO `student_select_course` VALUES (1856, 312, 323, 0);
INSERT INTO `student_select_course` VALUES (1857, 313, 320, 0);
INSERT INTO `student_select_course` VALUES (1858, 313, 410, 0);
INSERT INTO `student_select_course` VALUES (1859, 313, 332, 0);
INSERT INTO `student_select_course` VALUES (1860, 313, 593, 0);
INSERT INTO `student_select_course` VALUES (1861, 313, 272, 0);
INSERT INTO `student_select_course` VALUES (1862, 314, 290, 0);
INSERT INTO `student_select_course` VALUES (1863, 314, 344, 0);
INSERT INTO `student_select_course` VALUES (1864, 314, 322, 0);
INSERT INTO `student_select_course` VALUES (1865, 314, 278, 0);
INSERT INTO `student_select_course` VALUES (1866, 314, 208, 0);
INSERT INTO `student_select_course` VALUES (1867, 315, 270, 0);
INSERT INTO `student_select_course` VALUES (1868, 315, 336, 0);
INSERT INTO `student_select_course` VALUES (1869, 316, 354, 0);
INSERT INTO `student_select_course` VALUES (1870, 316, 613, 0);
INSERT INTO `student_select_course` VALUES (1871, 316, 595, 0);
INSERT INTO `student_select_course` VALUES (1872, 317, 359, 0);
INSERT INTO `student_select_course` VALUES (1873, 317, 358, 0);
INSERT INTO `student_select_course` VALUES (1874, 317, 586, 0);
INSERT INTO `student_select_course` VALUES (1875, 317, 348, 0);
INSERT INTO `student_select_course` VALUES (1876, 317, 371, 0);
INSERT INTO `student_select_course` VALUES (1877, 318, 330, 0);
INSERT INTO `student_select_course` VALUES (1878, 318, 357, 0);
INSERT INTO `student_select_course` VALUES (1879, 318, 620, 0);
INSERT INTO `student_select_course` VALUES (1880, 318, 225, 0);
INSERT INTO `student_select_course` VALUES (1881, 318, 386, 0);
INSERT INTO `student_select_course` VALUES (1882, 319, 9, 0);
INSERT INTO `student_select_course` VALUES (1883, 319, 330, 0);
INSERT INTO `student_select_course` VALUES (1884, 319, 263, 0);
INSERT INTO `student_select_course` VALUES (1885, 319, 208, 0);
INSERT INTO `student_select_course` VALUES (1886, 320, 344, 0);
INSERT INTO `student_select_course` VALUES (1887, 323, 625, 0);
INSERT INTO `student_select_course` VALUES (1888, 323, 359, 0);
INSERT INTO `student_select_course` VALUES (1889, 323, 378, 0);
INSERT INTO `student_select_course` VALUES (1890, 323, 43, 0);
INSERT INTO `student_select_course` VALUES (1891, 323, 375, 0);
INSERT INTO `student_select_course` VALUES (1892, 324, 286, 0);
INSERT INTO `student_select_course` VALUES (1893, 324, 42, 0);
INSERT INTO `student_select_course` VALUES (1894, 324, 357, 0);
INSERT INTO `student_select_course` VALUES (1895, 324, 44, 0);
INSERT INTO `student_select_course` VALUES (1896, 325, 353, 0);
INSERT INTO `student_select_course` VALUES (1897, 326, 213, 0);
INSERT INTO `student_select_course` VALUES (1898, 326, 290, 0);
INSERT INTO `student_select_course` VALUES (1899, 326, 341, 0);
INSERT INTO `student_select_course` VALUES (1900, 326, 437, 0);
INSERT INTO `student_select_course` VALUES (1901, 327, 355, 0);
INSERT INTO `student_select_course` VALUES (1902, 328, 414, 0);
INSERT INTO `student_select_course` VALUES (1903, 328, 323, 0);
INSERT INTO `student_select_course` VALUES (1904, 328, 315, 0);
INSERT INTO `student_select_course` VALUES (1905, 329, 274, 0);
INSERT INTO `student_select_course` VALUES (1906, 329, 447, 0);
INSERT INTO `student_select_course` VALUES (1907, 329, 448, 0);
INSERT INTO `student_select_course` VALUES (1908, 329, 389, 0);
INSERT INTO `student_select_course` VALUES (1909, 329, 223, 0);
INSERT INTO `student_select_course` VALUES (1910, 330, 450, 0);
INSERT INTO `student_select_course` VALUES (1911, 330, 619, 0);
INSERT INTO `student_select_course` VALUES (1912, 332, 327, 0);
INSERT INTO `student_select_course` VALUES (1913, 332, 379, 0);
INSERT INTO `student_select_course` VALUES (1914, 332, 275, 0);
INSERT INTO `student_select_course` VALUES (1915, 334, 610, 0);
INSERT INTO `student_select_course` VALUES (1916, 334, 322, 0);
INSERT INTO `student_select_course` VALUES (1917, 334, 40, 0);
INSERT INTO `student_select_course` VALUES (1918, 334, 360, 0);
INSERT INTO `student_select_course` VALUES (1919, 334, 585, 0);
INSERT INTO `student_select_course` VALUES (1920, 335, 278, 0);
INSERT INTO `student_select_course` VALUES (1921, 335, 437, 0);
INSERT INTO `student_select_course` VALUES (1922, 335, 335, 0);
INSERT INTO `student_select_course` VALUES (1923, 335, 314, 0);
INSERT INTO `student_select_course` VALUES (1924, 336, 348, 0);
INSERT INTO `student_select_course` VALUES (1925, 336, 354, 0);
INSERT INTO `student_select_course` VALUES (1926, 338, 274, 0);
INSERT INTO `student_select_course` VALUES (1927, 339, 382, 0);
INSERT INTO `student_select_course` VALUES (1928, 340, 394, 0);
INSERT INTO `student_select_course` VALUES (1929, 340, 596, 0);
INSERT INTO `student_select_course` VALUES (1930, 341, 44, 0);
INSERT INTO `student_select_course` VALUES (1931, 341, 263, 0);
INSERT INTO `student_select_course` VALUES (1932, 341, 337, 0);
INSERT INTO `student_select_course` VALUES (1933, 341, 378, 0);
INSERT INTO `student_select_course` VALUES (1934, 342, 274, 0);
INSERT INTO `student_select_course` VALUES (1935, 342, 281, 0);
INSERT INTO `student_select_course` VALUES (1936, 342, 213, 0);
INSERT INTO `student_select_course` VALUES (1937, 342, 599, 0);
INSERT INTO `student_select_course` VALUES (1938, 344, 420, 0);
INSERT INTO `student_select_course` VALUES (1939, 344, 382, 0);
INSERT INTO `student_select_course` VALUES (1940, 345, 372, 0);
INSERT INTO `student_select_course` VALUES (1941, 345, 390, 0);
INSERT INTO `student_select_course` VALUES (1942, 345, 274, 0);
INSERT INTO `student_select_course` VALUES (1943, 345, 341, 0);
INSERT INTO `student_select_course` VALUES (1944, 345, 374, 0);
INSERT INTO `student_select_course` VALUES (1945, 347, 647, 0);
INSERT INTO `student_select_course` VALUES (1946, 348, 619, 0);
INSERT INTO `student_select_course` VALUES (1947, 348, 56, 0);
INSERT INTO `student_select_course` VALUES (1948, 349, 290, 0);
INSERT INTO `student_select_course` VALUES (1949, 349, 601, 0);
INSERT INTO `student_select_course` VALUES (1950, 349, 208, 0);
INSERT INTO `student_select_course` VALUES (1951, 349, 370, 0);
INSERT INTO `student_select_course` VALUES (1952, 349, 286, 0);
INSERT INTO `student_select_course` VALUES (1953, 351, 617, 0);
INSERT INTO `student_select_course` VALUES (1954, 351, 223, 0);
INSERT INTO `student_select_course` VALUES (1955, 351, 59, 0);
INSERT INTO `student_select_course` VALUES (1956, 351, 394, 0);
INSERT INTO `student_select_course` VALUES (1957, 351, 329, 0);
INSERT INTO `student_select_course` VALUES (1958, 352, 592, 0);
INSERT INTO `student_select_course` VALUES (1959, 352, 209, 0);
INSERT INTO `student_select_course` VALUES (1960, 352, 269, 0);
INSERT INTO `student_select_course` VALUES (1961, 353, 607, 0);
INSERT INTO `student_select_course` VALUES (1962, 354, 257, 0);
INSERT INTO `student_select_course` VALUES (1963, 354, 626, 0);
INSERT INTO `student_select_course` VALUES (1964, 355, 584, 0);
INSERT INTO `student_select_course` VALUES (1965, 355, 358, 0);
INSERT INTO `student_select_course` VALUES (1966, 355, 278, 0);
INSERT INTO `student_select_course` VALUES (1967, 356, 374, 0);
INSERT INTO `student_select_course` VALUES (1968, 356, 620, 0);
INSERT INTO `student_select_course` VALUES (1969, 357, 346, 0);
INSERT INTO `student_select_course` VALUES (1970, 357, 317, 0);
INSERT INTO `student_select_course` VALUES (1971, 357, 286, 0);
INSERT INTO `student_select_course` VALUES (1972, 358, 599, 0);
INSERT INTO `student_select_course` VALUES (1973, 358, 617, 0);
INSERT INTO `student_select_course` VALUES (1974, 358, 624, 0);
INSERT INTO `student_select_course` VALUES (1975, 359, 347, 0);
INSERT INTO `student_select_course` VALUES (1976, 359, 586, 0);
INSERT INTO `student_select_course` VALUES (1977, 359, 283, 0);
INSERT INTO `student_select_course` VALUES (1978, 361, 328, 0);
INSERT INTO `student_select_course` VALUES (1979, 361, 594, 0);
INSERT INTO `student_select_course` VALUES (1980, 361, 60, 0);
INSERT INTO `student_select_course` VALUES (1981, 361, 345, 0);
INSERT INTO `student_select_course` VALUES (1982, 361, 357, 0);
INSERT INTO `student_select_course` VALUES (1983, 362, 259, 0);
INSERT INTO `student_select_course` VALUES (1984, 362, 414, 0);
INSERT INTO `student_select_course` VALUES (1985, 362, 10, 0);
INSERT INTO `student_select_course` VALUES (1986, 362, 449, 0);
INSERT INTO `student_select_course` VALUES (1987, 364, 341, 0);
INSERT INTO `student_select_course` VALUES (1988, 364, 259, 0);
INSERT INTO `student_select_course` VALUES (1989, 365, 355, 0);
INSERT INTO `student_select_course` VALUES (1990, 365, 46, 0);
INSERT INTO `student_select_course` VALUES (1991, 365, 45, 0);
INSERT INTO `student_select_course` VALUES (1992, 365, 393, 0);
INSERT INTO `student_select_course` VALUES (1993, 365, 361, 0);
INSERT INTO `student_select_course` VALUES (1994, 366, 11, 0);
INSERT INTO `student_select_course` VALUES (1995, 366, 10, 0);
INSERT INTO `student_select_course` VALUES (1996, 367, 317, 0);
INSERT INTO `student_select_course` VALUES (1997, 367, 322, 0);
INSERT INTO `student_select_course` VALUES (1998, 368, 587, 0);
INSERT INTO `student_select_course` VALUES (1999, 368, 39, 0);
INSERT INTO `student_select_course` VALUES (2000, 368, 370, 0);
INSERT INTO `student_select_course` VALUES (2001, 368, 44, 0);
INSERT INTO `student_select_course` VALUES (2002, 368, 281, 0);
INSERT INTO `student_select_course` VALUES (2003, 369, 615, 0);
INSERT INTO `student_select_course` VALUES (2004, 369, 386, 0);
INSERT INTO `student_select_course` VALUES (2005, 369, 317, 0);
INSERT INTO `student_select_course` VALUES (2006, 371, 257, 0);
INSERT INTO `student_select_course` VALUES (2007, 371, 212, 0);
INSERT INTO `student_select_course` VALUES (2008, 371, 354, 0);
INSERT INTO `student_select_course` VALUES (2009, 373, 210, 0);
INSERT INTO `student_select_course` VALUES (2010, 373, 395, 0);
INSERT INTO `student_select_course` VALUES (2011, 376, 55, 0);
INSERT INTO `student_select_course` VALUES (2012, 377, 281, 0);
INSERT INTO `student_select_course` VALUES (2013, 377, 613, 0);
INSERT INTO `student_select_course` VALUES (2014, 377, 352, 0);
INSERT INTO `student_select_course` VALUES (2015, 377, 386, 0);
INSERT INTO `student_select_course` VALUES (2016, 377, 269, 0);
INSERT INTO `student_select_course` VALUES (2017, 379, 344, 0);
INSERT INTO `student_select_course` VALUES (2018, 379, 291, 0);
INSERT INTO `student_select_course` VALUES (2019, 379, 282, 0);
INSERT INTO `student_select_course` VALUES (2020, 379, 345, 0);
INSERT INTO `student_select_course` VALUES (2021, 379, 280, 0);
INSERT INTO `student_select_course` VALUES (2022, 380, 39, 0);
INSERT INTO `student_select_course` VALUES (2023, 380, 213, 0);
INSERT INTO `student_select_course` VALUES (2024, 380, 614, 0);
INSERT INTO `student_select_course` VALUES (2025, 380, 59, 0);
INSERT INTO `student_select_course` VALUES (2026, 381, 344, 0);
INSERT INTO `student_select_course` VALUES (2027, 381, 290, 0);
INSERT INTO `student_select_course` VALUES (2028, 381, 616, 0);
INSERT INTO `student_select_course` VALUES (2029, 381, 390, 0);
INSERT INTO `student_select_course` VALUES (2031, 384, 619, 0);
INSERT INTO `student_select_course` VALUES (2032, 384, 220, 0);
INSERT INTO `student_select_course` VALUES (2033, 384, 597, 0);
INSERT INTO `student_select_course` VALUES (2034, 385, 9, 0);
INSERT INTO `student_select_course` VALUES (2035, 385, 372, 0);
INSERT INTO `student_select_course` VALUES (2036, 385, 314, 0);
INSERT INTO `student_select_course` VALUES (2037, 385, 409, 0);
INSERT INTO `student_select_course` VALUES (2038, 386, 596, 0);
INSERT INTO `student_select_course` VALUES (2039, 386, 314, 0);
INSERT INTO `student_select_course` VALUES (2040, 386, 376, 0);
INSERT INTO `student_select_course` VALUES (2041, 387, 287, 0);
INSERT INTO `student_select_course` VALUES (2042, 387, 319, 0);
INSERT INTO `student_select_course` VALUES (2043, 387, 416, 0);
INSERT INTO `student_select_course` VALUES (2044, 388, 587, 0);
INSERT INTO `student_select_course` VALUES (2045, 388, 223, 0);
INSERT INTO `student_select_course` VALUES (2046, 388, 214, 0);
INSERT INTO `student_select_course` VALUES (2047, 389, 419, 0);
INSERT INTO `student_select_course` VALUES (2048, 390, 56, 0);
INSERT INTO `student_select_course` VALUES (2049, 390, 209, 0);
INSERT INTO `student_select_course` VALUES (2051, 390, 356, 0);
INSERT INTO `student_select_course` VALUES (2052, 390, 437, 0);
INSERT INTO `student_select_course` VALUES (2053, 391, 58, 0);
INSERT INTO `student_select_course` VALUES (2054, 391, 592, 0);
INSERT INTO `student_select_course` VALUES (2055, 391, 370, 0);
INSERT INTO `student_select_course` VALUES (2056, 392, 323, 0);
INSERT INTO `student_select_course` VALUES (2057, 392, 378, 0);
INSERT INTO `student_select_course` VALUES (2058, 392, 419, 0);
INSERT INTO `student_select_course` VALUES (2059, 393, 291, 0);
INSERT INTO `student_select_course` VALUES (2060, 394, 316, 0);
INSERT INTO `student_select_course` VALUES (2061, 394, 209, 0);
INSERT INTO `student_select_course` VALUES (2062, 396, 355, 0);
INSERT INTO `student_select_course` VALUES (2063, 396, 596, 0);
INSERT INTO `student_select_course` VALUES (2064, 397, 607, 0);
INSERT INTO `student_select_course` VALUES (2065, 397, 620, 0);
INSERT INTO `student_select_course` VALUES (2066, 397, 596, 0);
INSERT INTO `student_select_course` VALUES (2067, 398, 319, 0);
INSERT INTO `student_select_course` VALUES (2068, 398, 289, 0);
INSERT INTO `student_select_course` VALUES (2069, 399, 320, 0);
INSERT INTO `student_select_course` VALUES (2070, 400, 262, 0);
INSERT INTO `student_select_course` VALUES (2071, 400, 343, 0);
INSERT INTO `student_select_course` VALUES (2072, 400, 332, 0);
INSERT INTO `student_select_course` VALUES (2073, 400, 624, 0);
INSERT INTO `student_select_course` VALUES (2074, 400, 261, 0);
INSERT INTO `student_select_course` VALUES (2075, 402, 341, 0);
INSERT INTO `student_select_course` VALUES (2076, 402, 354, 0);
INSERT INTO `student_select_course` VALUES (2077, 402, 419, 0);
INSERT INTO `student_select_course` VALUES (2078, 403, 217, 0);
INSERT INTO `student_select_course` VALUES (2079, 403, 317, 0);
INSERT INTO `student_select_course` VALUES (2080, 403, 258, 0);
INSERT INTO `student_select_course` VALUES (2081, 404, 48, 0);
INSERT INTO `student_select_course` VALUES (2082, 404, 280, 0);
INSERT INTO `student_select_course` VALUES (2083, 404, 335, 0);
INSERT INTO `student_select_course` VALUES (2084, 405, 227, 0);
INSERT INTO `student_select_course` VALUES (2085, 405, 390, 0);
INSERT INTO `student_select_course` VALUES (2086, 405, 284, 0);
INSERT INTO `student_select_course` VALUES (2087, 406, 221, 0);
INSERT INTO `student_select_course` VALUES (2088, 406, 353, 0);
INSERT INTO `student_select_course` VALUES (2089, 407, 411, 0);
INSERT INTO `student_select_course` VALUES (2090, 407, 320, 0);
INSERT INTO `student_select_course` VALUES (2091, 407, 55, 0);
INSERT INTO `student_select_course` VALUES (2092, 407, 420, 0);
INSERT INTO `student_select_course` VALUES (2093, 407, 225, 0);
INSERT INTO `student_select_course` VALUES (2094, 408, 390, 0);
INSERT INTO `student_select_course` VALUES (2095, 408, 317, 0);
INSERT INTO `student_select_course` VALUES (2096, 408, 419, 0);
INSERT INTO `student_select_course` VALUES (2097, 408, 370, 0);
INSERT INTO `student_select_course` VALUES (2098, 408, 220, 0);
INSERT INTO `student_select_course` VALUES (2099, 409, 603, 0);
INSERT INTO `student_select_course` VALUES (2100, 409, 153, 0);
INSERT INTO `student_select_course` VALUES (2101, 410, 603, 0);
INSERT INTO `student_select_course` VALUES (2102, 410, 325, 0);
INSERT INTO `student_select_course` VALUES (2103, 410, 436, 0);
INSERT INTO `student_select_course` VALUES (2104, 411, 593, 0);
INSERT INTO `student_select_course` VALUES (2105, 411, 331, 0);
INSERT INTO `student_select_course` VALUES (2106, 411, 342, 0);
INSERT INTO `student_select_course` VALUES (2107, 411, 590, 0);
INSERT INTO `student_select_course` VALUES (2108, 413, 584, 0);
INSERT INTO `student_select_course` VALUES (2109, 414, 609, 0);
INSERT INTO `student_select_course` VALUES (2110, 414, 611, 0);
INSERT INTO `student_select_course` VALUES (2111, 416, 225, 0);
INSERT INTO `student_select_course` VALUES (2112, 416, 600, 0);
INSERT INTO `student_select_course` VALUES (2113, 416, 213, 0);
INSERT INTO `student_select_course` VALUES (2114, 417, 287, 0);
INSERT INTO `student_select_course` VALUES (2115, 417, 603, 0);
INSERT INTO `student_select_course` VALUES (2116, 417, 395, 0);
INSERT INTO `student_select_course` VALUES (2117, 417, 331, 0);
INSERT INTO `student_select_course` VALUES (2118, 418, 39, 0);
INSERT INTO `student_select_course` VALUES (2119, 418, 209, 0);
INSERT INTO `student_select_course` VALUES (2120, 418, 626, 0);
INSERT INTO `student_select_course` VALUES (2121, 418, 340, 0);
INSERT INTO `student_select_course` VALUES (2122, 418, 220, 0);
INSERT INTO `student_select_course` VALUES (2123, 419, 342, 0);
INSERT INTO `student_select_course` VALUES (2124, 419, 446, 0);
INSERT INTO `student_select_course` VALUES (2125, 419, 44, 0);
INSERT INTO `student_select_course` VALUES (2126, 419, 382, 0);
INSERT INTO `student_select_course` VALUES (2127, 419, 353, 0);
INSERT INTO `student_select_course` VALUES (2128, 421, 51, 0);
INSERT INTO `student_select_course` VALUES (2129, 422, 595, 0);
INSERT INTO `student_select_course` VALUES (2130, 422, 276, 0);
INSERT INTO `student_select_course` VALUES (2131, 422, 331, 0);
INSERT INTO `student_select_course` VALUES (2132, 423, 390, 0);
INSERT INTO `student_select_course` VALUES (2133, 423, 358, 0);
INSERT INTO `student_select_course` VALUES (2134, 424, 274, 0);
INSERT INTO `student_select_course` VALUES (2135, 424, 59, 0);
INSERT INTO `student_select_course` VALUES (2136, 424, 647, 0);
INSERT INTO `student_select_course` VALUES (2137, 424, 352, 0);
INSERT INTO `student_select_course` VALUES (2138, 425, 285, 0);
INSERT INTO `student_select_course` VALUES (2139, 426, 60, 0);
INSERT INTO `student_select_course` VALUES (2140, 426, 290, 0);
INSERT INTO `student_select_course` VALUES (2141, 426, 48, 0);
INSERT INTO `student_select_course` VALUES (2142, 426, 341, 0);
INSERT INTO `student_select_course` VALUES (2143, 427, 348, 0);
INSERT INTO `student_select_course` VALUES (2144, 427, 588, 0);
INSERT INTO `student_select_course` VALUES (2145, 428, 624, 0);
INSERT INTO `student_select_course` VALUES (2146, 429, 395, 0);
INSERT INTO `student_select_course` VALUES (2147, 429, 223, 0);
INSERT INTO `student_select_course` VALUES (2148, 429, 317, 0);
INSERT INTO `student_select_course` VALUES (2149, 430, 645, 0);
INSERT INTO `student_select_course` VALUES (2150, 430, 380, 0);
INSERT INTO `student_select_course` VALUES (2151, 430, 626, 0);
INSERT INTO `student_select_course` VALUES (2152, 430, 47, 0);
INSERT INTO `student_select_course` VALUES (2153, 431, 389, 0);
INSERT INTO `student_select_course` VALUES (2154, 432, 602, 0);
INSERT INTO `student_select_course` VALUES (2155, 432, 617, 0);
INSERT INTO `student_select_course` VALUES (2156, 432, 318, 0);
INSERT INTO `student_select_course` VALUES (2157, 432, 410, 0);
INSERT INTO `student_select_course` VALUES (2158, 432, 262, 0);
INSERT INTO `student_select_course` VALUES (2159, 433, 339, 0);
INSERT INTO `student_select_course` VALUES (2160, 433, 352, 0);
INSERT INTO `student_select_course` VALUES (2161, 433, 594, 0);
INSERT INTO `student_select_course` VALUES (2162, 434, 374, 0);
INSERT INTO `student_select_course` VALUES (2163, 435, 262, 0);
INSERT INTO `student_select_course` VALUES (2164, 435, 345, 0);
INSERT INTO `student_select_course` VALUES (2165, 436, 59, 0);
INSERT INTO `student_select_course` VALUES (2166, 436, 345, 0);
INSERT INTO `student_select_course` VALUES (2167, 436, 348, 0);
INSERT INTO `student_select_course` VALUES (2168, 439, 347, 0);
INSERT INTO `student_select_course` VALUES (2169, 439, 601, 0);
INSERT INTO `student_select_course` VALUES (2170, 440, 335, 0);
INSERT INTO `student_select_course` VALUES (2171, 440, 602, 0);
INSERT INTO `student_select_course` VALUES (2172, 441, 613, 0);
INSERT INTO `student_select_course` VALUES (2173, 441, 378, 0);
INSERT INTO `student_select_course` VALUES (2174, 441, 593, 0);
INSERT INTO `student_select_course` VALUES (2175, 441, 319, 0);
INSERT INTO `student_select_course` VALUES (2176, 441, 59, 0);
INSERT INTO `student_select_course` VALUES (2177, 442, 272, 0);
INSERT INTO `student_select_course` VALUES (2178, 442, 590, 0);
INSERT INTO `student_select_course` VALUES (2179, 443, 210, 0);
INSERT INTO `student_select_course` VALUES (2180, 443, 274, 0);
INSERT INTO `student_select_course` VALUES (2181, 443, 597, 0);
INSERT INTO `student_select_course` VALUES (2182, 444, 591, 0);
INSERT INTO `student_select_course` VALUES (2183, 444, 154, 0);
INSERT INTO `student_select_course` VALUES (2184, 445, 224, 0);
INSERT INTO `student_select_course` VALUES (2185, 446, 191, 0);
INSERT INTO `student_select_course` VALUES (2186, 446, 585, 0);
INSERT INTO `student_select_course` VALUES (2187, 446, 323, 0);
INSERT INTO `student_select_course` VALUES (2188, 448, 393, 0);
INSERT INTO `student_select_course` VALUES (2189, 448, 212, 0);
INSERT INTO `student_select_course` VALUES (2190, 448, 257, 0);
INSERT INTO `student_select_course` VALUES (2191, 448, 586, 0);
INSERT INTO `student_select_course` VALUES (2192, 448, 286, 0);
INSERT INTO `student_select_course` VALUES (2193, 449, 327, 0);
INSERT INTO `student_select_course` VALUES (2194, 449, 55, 0);
INSERT INTO `student_select_course` VALUES (2195, 449, 341, 0);
INSERT INTO `student_select_course` VALUES (2196, 450, 602, 0);
INSERT INTO `student_select_course` VALUES (2197, 450, 590, 0);
INSERT INTO `student_select_course` VALUES (2198, 450, 261, 0);
INSERT INTO `student_select_course` VALUES (2199, 452, 223, 0);
INSERT INTO `student_select_course` VALUES (2200, 452, 342, 0);
INSERT INTO `student_select_course` VALUES (2201, 452, 215, 0);
INSERT INTO `student_select_course` VALUES (2202, 452, 40, 0);
INSERT INTO `student_select_course` VALUES (2203, 453, 372, 0);
INSERT INTO `student_select_course` VALUES (2204, 453, 356, 0);
INSERT INTO `student_select_course` VALUES (2205, 453, 268, 0);
INSERT INTO `student_select_course` VALUES (2206, 453, 273, 0);
INSERT INTO `student_select_course` VALUES (2207, 454, 55, 0);
INSERT INTO `student_select_course` VALUES (2208, 454, 315, 0);
INSERT INTO `student_select_course` VALUES (2209, 454, 584, 0);
INSERT INTO `student_select_course` VALUES (2210, 456, 344, 0);
INSERT INTO `student_select_course` VALUES (2211, 456, 618, 0);
INSERT INTO `student_select_course` VALUES (2212, 456, 601, 0);
INSERT INTO `student_select_course` VALUES (2213, 456, 349, 0);
INSERT INTO `student_select_course` VALUES (2214, 456, 353, 0);

-- ----------------------------
-- Table structure for tag
-- ----------------------------
DROP TABLE IF EXISTS `tag`;
CREATE TABLE `tag`  (
  `id` int(11) NOT NULL AUTO_INCREMENT,
  `TagName` varchar(255) CHARACTER SET utf8 COLLATE utf8_general_ci NULL DEFAULT NULL,
  `DeleteStatus` int(11) NOT NULL DEFAULT 0 COMMENT '删除位',
  PRIMARY KEY (`id`) USING BTREE
) ENGINE = InnoDB AUTO_INCREMENT = 7 CHARACTER SET = utf8 COLLATE = utf8_general_ci ROW_FORMAT = Compact;

-- ----------------------------
-- Records of tag
-- ----------------------------
INSERT INTO `tag` VALUES (1, '给分高', 0);
INSERT INTO `tag` VALUES (2, '给分很高', 0);
INSERT INTO `tag` VALUES (3, '给分非常高', 0);
INSERT INTO `tag` VALUES (4, '给分贼高', 0);
INSERT INTO `tag` VALUES (5, '你很优秀', 0);
INSERT INTO `tag` VALUES (6, '你非常优秀', 1);

-- ----------------------------
-- Table structure for teacher
-- ----------------------------
DROP TABLE IF EXISTS `teacher`;
CREATE TABLE `teacher`  (
  `id` int(11) NOT NULL AUTO_INCREMENT,
  `TeacherName` varchar(255) CHARACTER SET utf8 COLLATE utf8_general_ci NULL DEFAULT NULL,
  `Gender` int(11) NULL DEFAULT 0 COMMENT '性别：0 is 未知，1 is 男，2 is 女',
  `TelPhone` varchar(255) CHARACTER SET utf8 COLLATE utf8_general_ci NULL DEFAULT NULL,
  `Email` varchar(255) CHARACTER SET utf8 COLLATE utf8_general_ci NULL DEFAULT NULL,
  `OfficeAddress` varchar(255) CHARACTER SET utf8 COLLATE utf8_general_ci NULL DEFAULT NULL COMMENT '办公地址',
  `CollegeID` int(11) NULL DEFAULT NULL,
  `TeacherPortrait` varchar(255) CHARACTER SET utf8 COLLATE utf8_general_ci NULL DEFAULT NULL,
  `Level` varchar(45) CHARACTER SET utf8 COLLATE utf8_general_ci NULL DEFAULT NULL,
  `DeleteStatus` int(11) NOT NULL DEFAULT 0 COMMENT '删除位：0 is 正常，1 is 已删除',
  PRIMARY KEY (`id`) USING BTREE,
  INDEX `CollegeID`(`CollegeID`) USING BTREE,
  CONSTRAINT `teacher_ibfk_1` FOREIGN KEY (`CollegeID`) REFERENCES `college` (`id`) ON DELETE CASCADE ON UPDATE CASCADE
) ENGINE = InnoDB AUTO_INCREMENT = 254 CHARACTER SET = utf8 COLLATE = utf8_general_ci ROW_FORMAT = Compact;

-- ----------------------------
-- Records of teacher
-- ----------------------------
INSERT INTO `teacher` VALUES (1, '袁晓洁', 2, NULL, NULL, NULL, 1, '/images/avatar/avatar3.png', '教授', 0);
INSERT INTO `teacher` VALUES (2, '王刚', 1, NULL, NULL, NULL, 1, '/images/avatar/avatar1.jpg', NULL, 0);
INSERT INTO `teacher` VALUES (3, '刘晓光', 1, NULL, NULL, NULL, 1, '/images/avatar/avatar1.jpg', NULL, 0);
INSERT INTO `teacher` VALUES (4, '杨巨峰', 1, NULL, NULL, NULL, 1, '/images/avatar/avatar3.jpg', NULL, 0);
INSERT INTO `teacher` VALUES (5, '辛运帏', 2, NULL, NULL, NULL, 1, '/images/avatar/avatar3.jpg', NULL, 0);
INSERT INTO `teacher` VALUES (6, '苏明', 1, NULL, NULL, NULL, 1, '/images/avatar/avatar7.jpg', NULL, 0);
INSERT INTO `teacher` VALUES (7, 'TestTeacher1', NULL, NULL, NULL, NULL, NULL, NULL, NULL, 1);
INSERT INTO `teacher` VALUES (8, '瑞长娟', 1, '13804757075', 'fvioga@3721.net', '高唐街130号-8-3', 2, '/images/avatar/avatar6.jpg', '研究员', 0);
INSERT INTO `teacher` VALUES (9, '甘芳蔼', 2, '15304943528', 'h6pd3d1@qq.com', '宁阳广场130号-8-1', 1, '/images/avatar/avatar1.jpg', '副教授', 0);
INSERT INTO `teacher` VALUES (10, '代浩浩', 1, '13306097157', '0q9pvw@163.com', '青大一街130号-8-8', 4, '/images/avatar/avatar2.png', '副教授', 0);
INSERT INTO `teacher` VALUES (11, '厚靖巧', 2, '15306652504', 'h96352@qq.com', '新湛二路110号-9-9', 7, '/images/avatar/avatar1.jpg', '副教授', 0);
INSERT INTO `teacher` VALUES (12, '粘翠梅', 2, '13007171051', 'yqdqw0bz@3721.net', '澳门三路104号-20-2', 6, '/images/avatar/avatar2.jpg', '副教授', 0);
INSERT INTO `teacher` VALUES (13, '乌孙月华', 2, '13506733915', 'syjka3fc6z@msn.com', '莲岛大厦12号-20-8', 3, '/images/avatar/avatar6.jpg', '副教授', 0);
INSERT INTO `teacher` VALUES (14, '宰以松', 1, '13301250945', 'eyx7jpt@126.com', '新湛支路110号-18-2', 5, '/images/avatar/avatar8.jpg', '讲师', 0);
INSERT INTO `teacher` VALUES (15, '禹易文', 1, '15503137256', 'mo308o@msn.com', '华阳路98号-6-10', 2, '/images/avatar/avatar1.jpg', '副教授', 0);
INSERT INTO `teacher` VALUES (16, '承瑜敏', 1, '15701488036', 'd7xe1vyq@sohu.com', '苏州街129号-8-8', 7, '/images/avatar/avatar2.png', '副教授', 0);
INSERT INTO `teacher` VALUES (17, '瓮白风', 1, '13400796801', 'k1i5toa@126.com', '澳门广场139号-10-5', 6, '/images/avatar/avatar7.jpg', '教授', 0);
INSERT INTO `teacher` VALUES (18, '锺洁玉', 2, '13407762796', 'vq0u40d@3721.net', '承德街41号-4-5', 6, '/images/avatar/avatar5.jpg', '讲师', 0);
INSERT INTO `teacher` VALUES (19, '代雨琴', 1, '15308324521', 'lua2g9kkusw@163.com', '德盛街55号-20-8', 4, '/images/avatar/avatar4.png', '讲师', 0);
INSERT INTO `teacher` VALUES (20, '邱凝旋', 1, '13501913641', 'b65fs2t5b6@163.com', '台西四街19号-2-10', 2, '/images/avatar/avatar5.jpg', '副教授', 0);
INSERT INTO `teacher` VALUES (21, '冼夜天', 1, '13805660257', 'qtfiud3gs@yahoo.com.cn', '贮水山支街23号-13-5', 6, '/images/avatar/avatar4.png', '副教授', 0);
INSERT INTO `teacher` VALUES (22, '颜乐童', 1, '15905164766', 'qv1v0ze@sina.com', '团岛一街84号-17-1', 7, '/images/avatar/avatar1.png', '副教授', 0);
INSERT INTO `teacher` VALUES (23, '帖千秋', 1, '15805798608', 'qkhwl29v4@aol.com', '湛山四大厦146号-11-6', 4, '/images/avatar/avatar4.jpg', '讲师', 0);
INSERT INTO `teacher` VALUES (24, '左丘莹玉', 1, '15806835545', 'kx3zhq3@3721.net', '郓城南路141号-17-6', 7, '/images/avatar/avatar4.png', '副教授', 0);
INSERT INTO `teacher` VALUES (25, '延晴虹', 2, '13001404985', 'e6v4qbe4@yahoo.com', '宝山广场132号-5-6', 6, '/images/avatar/avatar7.jpg', '副教授', 0);
INSERT INTO `teacher` VALUES (26, '屈忆彤', 2, '15102305307', 'tn3x1793x@163.net', '澳门四街150号-12-6', 7, '/images/avatar/avatar5.jpg', '讲师', 0);
INSERT INTO `teacher` VALUES (27, '苟语蝶', 2, '15501677417', 'fbbq88g0@163.net', '吴县一街61号-16-8', 3, '/images/avatar/avatar6.jpg', '讲师', 0);
INSERT INTO `teacher` VALUES (28, '少代芹', 2, '15808350924', 'g407xxmi1sl@ask.com', '鱼山广场30号-9-5', 2, '/images/avatar/avatar6.jpg', '讲师', 0);
INSERT INTO `teacher` VALUES (29, '史觅晴', 1, '15202272514', 'pelduyjzpdm@yahoo.com', '四方街41号-17-7', 7, '/images/avatar/avatar5.png', '副教授', 0);
INSERT INTO `teacher` VALUES (30, '及明智', 1, '15107542034', 'xrgebq2dn@0355.net', '云霄大厦56号-17-4', 6, '/images/avatar/avatar1.png', '副教授', 0);
INSERT INTO `teacher` VALUES (31, '楚欣嘉', 1, '15100024996', '8vtvcxpb@ask.com', '胶州广场79号-12-7', 2, '/images/avatar/avatar5.png', '教授', 0);
INSERT INTO `teacher` VALUES (32, '闵恨荷', 1, '13301598243', '62ynb0qbut@gmail.com', '上杭路110号-7-10', 7, '/images/avatar/avatar8.jpg', '讲师', 0);
INSERT INTO `teacher` VALUES (33, '呼白筠', 2, '15907443993', 'o84rd3xp@yahoo.com', '渤海街143号-19-3', 7, '/images/avatar/avatar8.jpg', '讲师', 0);
INSERT INTO `teacher` VALUES (34, '铎雅洁', 2, '15601854461', 'nhy6d3j@yahoo.com.cn', '菜市一街146号-2-9', 3, '/images/avatar/avatar5.jpg', '研究员', 0);
INSERT INTO `teacher` VALUES (35, '貊尔真', 2, '13103136405', 'ivke32wlm8b@live.com', '普集路144号-2-3', 3, '/images/avatar/avatar5.jpg', '教授', 0);
INSERT INTO `teacher` VALUES (36, '暨绮烟', 2, '13003495613', 'zeja8rogy@aol.com', '潍县广场52号-12-5', 2, '/images/avatar/avatar2.png', '副教授', 0);
INSERT INTO `teacher` VALUES (37, '甫阳飙', 2, '15603947290', 'a9q6zwf@msn.com', '红山峡路62号-5-2', 6, '/images/avatar/avatar8.jpg', '讲师', 0);
INSERT INTO `teacher` VALUES (38, '蹇和志', 2, '13106087410', 'dyyj7q1@sina.com', '泰城街63号-8-8', 2, '/images/avatar/avatar4.jpg', '教授', 0);
INSERT INTO `teacher` VALUES (39, '局香桃', 2, '15704452362', '39wk9x5sz@gmail.com', '青大一街100号-13-4', 6, '/images/avatar/avatar3.png', '讲师', 0);
INSERT INTO `teacher` VALUES (40, '容秋寒', 2, '15506583120', 'b1zg1ehzw3@gmail.com', '金口一广场142号-4-5', 6, '/images/avatar/avatar6.jpg', '讲师', 0);
INSERT INTO `teacher` VALUES (41, '锺离静竹', 1, '15708327743', '19wy89i@qq.com', '鱼山支街138号-13-1', 4, '/images/avatar/avatar4.png', '副教授', 0);
INSERT INTO `teacher` VALUES (42, '于忆秋', 1, '15304457819', 'aacueewf@qq.com', '武昌路99号-1-8', 4, '/images/avatar/avatar8.jpg', '讲师', 0);
INSERT INTO `teacher` VALUES (43, '阎傲柏', 2, '15106021739', 'rhov6j5btn7@163.com', '澳门五路144号-1-7', 1, '/images/avatar/avatar6.jpg', '副教授', 0);
INSERT INTO `teacher` VALUES (44, '赵曼丽', 2, '15704366198', 'ovpi2pz0@sina.com', '湘潭街83号-6-3', 2, '/images/avatar/avatar3.png', '副教授', 0);
INSERT INTO `teacher` VALUES (45, '拱仙仪', 1, '15207574190', '6tian4jw@qq.com', '台湾街86号-18-1', 6, '/images/avatar/avatar2.png', '讲师', 0);
INSERT INTO `teacher` VALUES (46, '蔚洛妃', 1, '15706234949', 'migdkdle3@yeah.net', '居庸关街144号-12-3', 6, '/images/avatar/avatar5.png', '讲师', 0);
INSERT INTO `teacher` VALUES (47, '朱云霞', 2, '15204370135', '6iu8udxuf@aol.com', '宝山广场141号-14-7', 7, '/images/avatar/avatar3.jpg', '副教授', 0);
INSERT INTO `teacher` VALUES (48, '折经业', 1, '13901553231', 'rre1t0@yeah.net', '承德街137号-10-10', 5, '/images/avatar/avatar3.png', '副教授', 0);
INSERT INTO `teacher` VALUES (49, '零采南', 1, '13400388598', '4klk1eq5w@163.net', '十梅庵街59号-3-6', 1, '/images/avatar/avatar5.jpg', '讲师', 0);
INSERT INTO `teacher` VALUES (50, '况冰冰', 1, '13405620204', 'aosbi3i56@163.com', '泗水大厦112号-9-9', 4, '/images/avatar/avatar4.png', '讲师', 0);
INSERT INTO `teacher` VALUES (51, '布欣怿', 2, '13900382520', 'fszluvd@yahoo.com', '湛山路34号-10-8', 4, '/images/avatar/avatar2.jpg', '讲师', 0);
INSERT INTO `teacher` VALUES (52, '景千凡', 2, '15203577687', 'e392xu155@263.net', '明水路145号-13-2', 3, '/images/avatar/avatar7.jpg', '副教授', 0);
INSERT INTO `teacher` VALUES (53, '吕丹云', 2, '15004913200', '91pk41ljsgm@live.com', '平原广场120号-4-9', 6, '/images/avatar/avatar3.jpg', '副教授', 0);
INSERT INTO `teacher` VALUES (54, '丁水风', 1, '15903274003', '1geh39l@msn.com', '包头路23号-1-6', 6, '/images/avatar/avatar8.jpg', '副教授', 0);
INSERT INTO `teacher` VALUES (55, '呼延云亭', 1, '13606089086', '4h7ya098fsx@0355.net', '正阳关街74号-7-2', 4, '/images/avatar/avatar1.png', '副教授', 0);
INSERT INTO `teacher` VALUES (56, '勇萌运', 1, '15000655624', '6lc1xy@live.com', '丹东街66号-18-2', 4, '/images/avatar/avatar2.jpg', '副教授', 0);
INSERT INTO `teacher` VALUES (57, '盍运浩', 2, '15606261958', '19ju1cgjmi1@126.com', '泰山支路128号-18-2', 2, '/images/avatar/avatar2.png', '讲师', 0);
INSERT INTO `teacher` VALUES (58, '第五丹溪', 2, '15301432837', 'nk7pm0l5ut@yahoo.com', '莒县路21号-4-4', 5, '/images/avatar/avatar2.jpg', '副教授', 0);
INSERT INTO `teacher` VALUES (59, '裴晨曦', 2, '13208167092', 'cdfnyjiwe@qq.com', '普集路149号-14-9', 7, '/images/avatar/avatar2.png', '讲师', 0);
INSERT INTO `teacher` VALUES (60, '承惜萱', 1, '15701122876', 'mex3k8@0355.net', '太平角六街82号-15-8', 3, '/images/avatar/avatar3.png', '副教授', 0);
INSERT INTO `teacher` VALUES (61, '桐婉然', 1, '13304999024', '7etz66kiq5l@yahoo.com', '仙山街145号-4-10', 3, '/images/avatar/avatar1.png', '副教授', 0);
INSERT INTO `teacher` VALUES (62, '蒉依秋', 1, '15800261089', 'rwctc8gzx3@live.com', '龙羊峡路51号-18-4', 7, '/images/avatar/avatar5.jpg', '讲师', 0);
INSERT INTO `teacher` VALUES (63, '陶音仪', 1, '15802002935', '56xed88yd6@ask.com', '大港纬二路142号-5-7', 1, '/images/avatar/avatar5.png', '研究员', 0);
INSERT INTO `teacher` VALUES (64, '僧语芹', 2, '15900725428', 'l5h2z71@yeah.net', '太平角一街124号-19-5', 3, '/images/avatar/avatar5.png', '副教授', 0);
INSERT INTO `teacher` VALUES (65, '隽凡双', 1, '15203286843', '5zaa5gx@sina.com', '咸阳支街19号-19-9', 4, '/images/avatar/avatar7.jpg', '讲师', 0);
INSERT INTO `teacher` VALUES (66, '龚风华', 2, '13505341889', 'pu4s0k@163.net', '丹阳街147号-9-5', 2, '/images/avatar/avatar5.jpg', '副教授', 0);
INSERT INTO `teacher` VALUES (67, '硕童童', 2, '13407466432', 'md6i9fsah5@qq.com', '广西支街33号-20-10', 2, '/images/avatar/avatar6.jpg', '讲师', 0);
INSERT INTO `teacher` VALUES (68, '休冷之', 2, '15107601645', 'c0514c3ro6b@qq.com', '泰兴广场15号-4-6', 6, '/images/avatar/avatar5.jpg', '讲师', 0);
INSERT INTO `teacher` VALUES (69, '暨绮烟', 1, '15203395794', 'dh1ip974@msn.com', '胶东广场74号-15-4', 2, '/images/avatar/avatar3.jpg', '副教授', 0);
INSERT INTO `teacher` VALUES (70, '雀宜楠', 2, '15602383357', 'njl2jy7w14j@yeah.net', '漳平路83号-3-8', 5, '/images/avatar/avatar4.jpg', '副教授', 0);
INSERT INTO `teacher` VALUES (71, '伍雅丹', 2, '15104207876', 'fjr9x72ao4m@hotmail.com', '小港二街24号-9-7', 7, '/images/avatar/avatar6.jpg', '讲师', 0);
INSERT INTO `teacher` VALUES (72, '謇又亦', 2, '15905574518', '4vk3oxc6o@126.com', '庆祥街140号-2-6', 1, '/images/avatar/avatar5.jpg', '教授', 0);
INSERT INTO `teacher` VALUES (73, '台代卉', 2, '13500278521', 'a7l1jdwt70@yeah.net', '正阳关街137号-6-7', 3, '/images/avatar/avatar5.jpg', '副教授', 0);
INSERT INTO `teacher` VALUES (74, '柳晶滢', 1, '15801035636', 'pzma0z0db@263.net', '无棣四路122号-11-10', 3, '/images/avatar/avatar4.jpg', '副教授', 0);
INSERT INTO `teacher` VALUES (75, '贯浩瀚', 1, '15502670186', 'bet7a5u@yeah.net', '泰州六街24号-3-2', 7, '/images/avatar/avatar5.jpg', '讲师', 0);
INSERT INTO `teacher` VALUES (76, '盘淑雅', 2, '13403273158', 'mtvcc8fln@0355.net', '吴县二大厦64号-2-2', 3, '/images/avatar/avatar1.png', '讲师', 0);
INSERT INTO `teacher` VALUES (77, '丰立人', 1, '13302651035', 'w6fw6cg8g6@yeah.net', '高密路39号-16-3', 2, '/images/avatar/avatar3.jpg', '讲师', 0);
INSERT INTO `teacher` VALUES (78, '蒙绮玉', 2, '15700451601', 'uc1v5i@yahoo.com.cn', '东海一大厦150号-19-9', 4, '/images/avatar/avatar6.jpg', '讲师', 0);
INSERT INTO `teacher` VALUES (79, '晁梅雪', 1, '13703995001', '626qi6@msn.com', '历城广场135号-12-2', 7, '/images/avatar/avatar5.png', '讲师', 0);
INSERT INTO `teacher` VALUES (80, '牢从露', 1, '13505072205', '9hh2ds@googlemail.com', '四方街28号-2-4', 1, '/images/avatar/avatar5.jpg', '讲师', 0);
INSERT INTO `teacher` VALUES (81, '学春竹', 2, '15801267568', 'jq066ts9@263.net', '吴兴大厦101号-13-9', 4, '/images/avatar/avatar4.jpg', '副教授', 0);
INSERT INTO `teacher` VALUES (82, '梅清润', 2, '15206657183', 'bjaes3b@googlemail.com', '宁国路139号-18-2', 1, '/images/avatar/avatar4.png', '讲师', 0);
INSERT INTO `teacher` VALUES (83, '鄞妙菡', 2, '15500090115', 'a6x5idkz7id@msn.com', '通化路57号-15-8', 6, '/images/avatar/avatar5.jpg', '讲师', 0);
INSERT INTO `teacher` VALUES (84, '齐霞英', 1, '15108172116', '06mj9o5cv6b@aol.com', '惜福镇街道93号-6-1', 7, '/images/avatar/avatar4.jpg', '教授', 0);
INSERT INTO `teacher` VALUES (85, '纳喇宾白', 1, '15202635409', '8gjvttxpi60@ask.com', '金乡广场119号-17-10', 3, '/images/avatar/avatar3.jpg', '讲师', 0);
INSERT INTO `teacher` VALUES (86, '东门安双', 1, '13907712036', '4lw67dd@ask.com', '燕儿岛路43号-14-2', 7, '/images/avatar/avatar2.png', '副教授', 0);
INSERT INTO `teacher` VALUES (87, '绳姗姗', 2, '13306273008', 'mf0iq93p@gmail.com', '吴兴大厦140号-18-10', 7, '/images/avatar/avatar6.jpg', '副教授', 0);
INSERT INTO `teacher` VALUES (88, '双香薇', 2, '13604752483', 'xgzj76@aol.com', '夏津大厦120号-3-9', 1, '/images/avatar/avatar3.png', '教授', 0);
INSERT INTO `teacher` VALUES (89, '佘雅懿', 2, '13604185145', 'ahk98wv@googlemail.com', '王村路88号-3-1', 5, '/images/avatar/avatar3.png', '副教授', 0);
INSERT INTO `teacher` VALUES (90, '廖静雅', 2, '13107336274', 'hc13h8h8d@yeah.net', '大港三街77号-10-8', 1, '/images/avatar/avatar6.jpg', '讲师', 0);
INSERT INTO `teacher` VALUES (91, '游鸿志', 2, '13704917600', '5yn01l1@yahoo.com', '朝城路39号-13-6', 3, '/images/avatar/avatar3.jpg', '教授', 0);
INSERT INTO `teacher` VALUES (92, '詹冰蝶', 1, '15108293506', 'azmdaiw05@0355.net', '太湖路78号-5-3', 7, '/images/avatar/avatar2.jpg', '研究员', 0);
INSERT INTO `teacher` VALUES (93, '钞海桃', 1, '13201581392', 'k8hywhchzwi@msn.com', '天台东一路41号-9-7', 6, '/images/avatar/avatar7.jpg', '副教授', 0);
INSERT INTO `teacher` VALUES (94, '管沛凝', 2, '15300176046', 'c3jtl2uaqv@hotmail.com', '屏东支路131号-19-2', 5, '/images/avatar/avatar1.png', '教授', 0);
INSERT INTO `teacher` VALUES (95, '宝语燕', 2, '13404130010', '2yw08lh1g@qq.com', '胶州广场138号-17-4', 4, '/images/avatar/avatar6.jpg', '讲师', 0);
INSERT INTO `teacher` VALUES (96, '蛮盼巧', 2, '13000607817', 'nhmcwra@msn.com', '珠海支街58号-5-7', 5, '/images/avatar/avatar4.png', '副教授', 0);
INSERT INTO `teacher` VALUES (97, '衡元武', 1, '13504994157', 'y47d39@gmail.com', '泰州六街27号-3-5', 1, '/images/avatar/avatar2.jpg', '副教授', 0);
INSERT INTO `teacher` VALUES (98, '翟冷荷', 2, '15200157587', 'o936ky0@3721.net', '明阳大厦85号-2-1', 3, '/images/avatar/avatar5.png', '讲师', 0);
INSERT INTO `teacher` VALUES (99, '慕书南', 2, '15302492406', 'r253y10@live.com', '西藏二街134号-3-9', 4, '/images/avatar/avatar1.png', '副教授', 0);
INSERT INTO `teacher` VALUES (100, '蓝雅琴', 1, '15702640348', '6zufmidun@msn.com', '广西街143号-12-1', 2, '/images/avatar/avatar4.png', '教授', 0);
INSERT INTO `teacher` VALUES (101, '淦梓暄', 1, '15604635431', 'sn44bhh7nst@yahoo.com.cn', '高雄广场80号-13-8', 7, '/images/avatar/avatar2.png', '讲师', 0);
INSERT INTO `teacher` VALUES (102, '厉驰海', 1, '13601518463', '93xxa23bmbz@3721.net', '台东一街121号-14-8', 6, '/images/avatar/avatar6.jpg', '讲师', 0);
INSERT INTO `teacher` VALUES (103, '偶绮波', 2, '15204835275', '7m2uedrepda@163.com', '珠海二街81号-2-4', 5, '/images/avatar/avatar8.jpg', '讲师', 0);
INSERT INTO `teacher` VALUES (104, '士静和', 1, '13803115668', '6xsdcj@aol.com', '西陵峡二街140号-12-1', 3, '/images/avatar/avatar1.jpg', '副教授', 0);
INSERT INTO `teacher` VALUES (105, '窦兰英', 2, '13504495159', 'rxqdp7urnhh@sohu.com', '台西五路77号-15-10', 6, '/images/avatar/avatar6.jpg', '讲师', 0);
INSERT INTO `teacher` VALUES (106, '薄听枫', 1, '13602362592', 'vr01rx@yahoo.com.cn', '湛山三路113号-12-2', 1, '/images/avatar/avatar1.jpg', '副教授', 0);
INSERT INTO `teacher` VALUES (107, '华迎夏', 2, '15302476432', 'gdqfhfd88ib@sina.com', '吉林路87号-13-2', 7, '/images/avatar/avatar6.jpg', '讲师', 0);
INSERT INTO `teacher` VALUES (108, '宏夏波', 2, '15600672134', '6ghmpdo@googlemail.com', '台东二路32号-2-6', 3, '/images/avatar/avatar3.jpg', '副教授', 0);
INSERT INTO `teacher` VALUES (109, '舒和硕', 1, '13008347085', 'zrju1g2io8j@sohu.com', '善化街78号-2-3', 1, '/images/avatar/avatar2.png', '讲师', 0);
INSERT INTO `teacher` VALUES (110, '茹雪羽', 1, '15607997216', '7tv878b@ask.com', '艳阳街40号-8-5', 5, '/images/avatar/avatar1.png', '教授', 0);
INSERT INTO `teacher` VALUES (111, '功孤晴', 2, '13205430613', '7471o6t2@hotmail.com', '四平支路144号-15-8', 5, '/images/avatar/avatar8.jpg', '讲师', 0);
INSERT INTO `teacher` VALUES (112, '寿代芙', 2, '13107716885', 'i5k0yq55@sina.com', '高苑大厦102号-9-4', 3, '/images/avatar/avatar8.jpg', '讲师', 0);
INSERT INTO `teacher` VALUES (113, '宁哲美', 2, '13803944766', '14m4vj@ask.com', '白沙河路116号-15-4', 6, '/images/avatar/avatar7.jpg', '讲师', 0);
INSERT INTO `teacher` VALUES (114, '养君豪', 1, '13205673215', 'zs2jkd8smdd@aol.com', '泰兴广场72号-3-3', 5, '/images/avatar/avatar1.jpg', '副教授', 0);
INSERT INTO `teacher` VALUES (115, '唐念瑶', 2, '15605376696', '796b1n1vt@qq.com', '丰县广场78号-4-6', 6, '/images/avatar/avatar2.jpg', '副教授', 0);
INSERT INTO `teacher` VALUES (116, '郏初晴', 1, '13903220592', 'zabx3w7@qq.com', '乐陵街34号-5-10', 6, '/images/avatar/avatar7.jpg', '研究员', 0);
INSERT INTO `teacher` VALUES (117, '碧菱凡', 2, '13506750395', 'k59zu28q@aol.com', '徐家麦岛函谷关广场143号-14-9', 3, '/images/avatar/avatar4.png', '副教授', 0);
INSERT INTO `teacher` VALUES (118, '欧阳信鸿', 2, '13504846860', 'qjnn1444ue@yahoo.com.cn', '长山路121号-1-8', 7, '/images/avatar/avatar3.png', '副教授', 0);
INSERT INTO `teacher` VALUES (119, '是南蕾', 1, '13403620886', 'w78m5tjz1@sina.com', '嘉峪关路147号-7-6', 4, '/images/avatar/avatar6.jpg', '讲师', 0);
INSERT INTO `teacher` VALUES (120, '伟夏蓉', 1, '13303695917', 'yqd4020@aol.com', '金口一广场112号-20-4', 4, '/images/avatar/avatar3.jpg', '讲师', 0);
INSERT INTO `teacher` VALUES (121, '双映冬', 2, '15802185916', 'xfs1ctc@yahoo.com.cn', '新竹路112号-10-4', 5, '/images/avatar/avatar2.jpg', '讲师', 0);
INSERT INTO `teacher` VALUES (122, '无怜云', 2, '15002122649', 'dty609c60gx@ask.com', '单县路86号-13-8', 4, '/images/avatar/avatar3.jpg', '讲师', 0);
INSERT INTO `teacher` VALUES (123, '百绿兰', 2, '15603690162', '8w9s8c@yahoo.com', '内蒙古路115号-14-5', 4, '/images/avatar/avatar3.jpg', '副教授', 0);
INSERT INTO `teacher` VALUES (124, '宦思烟', 1, '13601420364', '2658lxi5rio@hotmail.com', '大成大厦119号-19-10', 1, '/images/avatar/avatar2.png', '讲师', 0);
INSERT INTO `teacher` VALUES (125, '湛初珍', 1, '13406225912', '969e92@sohu.com', '长城南路85号-4-9', 6, '/images/avatar/avatar4.png', '讲师', 0);
INSERT INTO `teacher` VALUES (126, '卯子琪', 1, '13705075726', '8hjj4car0@163.net', '华山路44号-8-9', 5, '/images/avatar/avatar7.jpg', '讲师', 0);
INSERT INTO `teacher` VALUES (127, '奚初蝶', 2, '13005391841', '2t8g28@sohu.com', '珠海支街136号-19-4', 2, '/images/avatar/avatar8.jpg', '讲师', 0);
INSERT INTO `teacher` VALUES (128, '卢傲云', 2, '13002752308', 'snuoaj4@gmail.com', '城武支大厦105号-4-3', 3, '/images/avatar/avatar6.jpg', '教授', 0);
INSERT INTO `teacher` VALUES (129, '野俊名', 1, '13001115620', 'tqx1cq@yahoo.com', '莲岛大厦59号-18-10', 7, '/images/avatar/avatar5.jpg', '讲师', 0);
INSERT INTO `teacher` VALUES (130, '齐霞英', 2, '13103508619', '7b3fiv0o47o@yahoo.com', '莱芜一广场62号-5-2', 7, '/images/avatar/avatar3.jpg', '教授', 0);
INSERT INTO `teacher` VALUES (131, '勇丽君', 2, '13202642829', 'e472vc@sohu.com', '范县路42号-12-6', 1, '/images/avatar/avatar2.jpg', '教授', 0);
INSERT INTO `teacher` VALUES (132, '有若骞', 1, '15203877920', 'n5ncgh@3721.net', '清和街149号-4-8', 4, '/images/avatar/avatar6.jpg', '讲师', 0);
INSERT INTO `teacher` VALUES (133, '熊博实', 2, '13406354646', 'r9hoe9vel0v@gmail.com', '瑞阳街92号-14-7', 2, '/images/avatar/avatar5.png', '讲师', 0);
INSERT INTO `teacher` VALUES (134, '库明俊', 2, '15101613638', '712jfb@263.net', '龙口街73号-4-3', 6, '/images/avatar/avatar3.jpg', '教授', 0);
INSERT INTO `teacher` VALUES (135, '桓初夏', 2, '15703514378', '8hl7e1d14@hotmail.com', '广州路93号-8-5', 5, '/images/avatar/avatar4.jpg', '讲师', 0);
INSERT INTO `teacher` VALUES (136, '戚碧玉', 1, '13102020100', '5loucddtri@live.com', '宁国二路45号-2-10', 3, '/images/avatar/avatar3.jpg', '讲师', 0);
INSERT INTO `teacher` VALUES (137, '闽江雪', 1, '13207501258', 'm2ht4vq@126.com', '太平角五路111号-14-1', 5, '/images/avatar/avatar6.jpg', '讲师', 0);
INSERT INTO `teacher` VALUES (138, '迟湛蓝', 1, '13406207289', 'mml6h7x84y@163.net', '南通大厦77号-3-10', 6, '/images/avatar/avatar7.jpg', '副教授', 0);
INSERT INTO `teacher` VALUES (139, '房湘云', 1, '13907315166', '7abutj09kh@hotmail.com', '冠县支广场139号-9-8', 5, '/images/avatar/avatar4.jpg', '副教授', 0);
INSERT INTO `teacher` VALUES (140, '仉碧曼', 2, '13503373375', 'bvmcm85@qq.com', '青威高速58号-2-9', 4, '/images/avatar/avatar8.jpg', '副教授', 0);
INSERT INTO `teacher` VALUES (141, '永彦君', 2, '13205382199', 'yg30woe5jl@ask.com', '港华大厦135号-17-3', 3, '/images/avatar/avatar2.jpg', '教授', 0);
INSERT INTO `teacher` VALUES (142, '明白风', 2, '13305571409', 'n3ngnrbhsky@yeah.net', '博兴路60号-6-1', 5, '/images/avatar/avatar2.jpg', '讲师', 0);
INSERT INTO `teacher` VALUES (143, '愚幼菱', 2, '13103967350', '54mr7zno21k@yahoo.com', '台西三路120号-2-10', 2, '/images/avatar/avatar1.jpg', '教授', 0);
INSERT INTO `teacher` VALUES (144, '乔若华', 2, '13806305550', 'ws8ljy0rw8@msn.com', '六码头99号-20-5', 5, '/images/avatar/avatar5.jpg', '讲师', 0);
INSERT INTO `teacher` VALUES (145, '潘卓君', 1, '15902910836', 'imdfzhqdsbt@yeah.net', '湛山三路40号-6-8', 1, '/images/avatar/avatar2.png', '副教授', 0);
INSERT INTO `teacher` VALUES (146, '矫晴丽', 1, '15200020277', 'ift3fzqj24@0355.net', '江城大厦96号-12-10', 5, '/images/avatar/avatar5.jpg', '副教授', 0);
INSERT INTO `teacher` VALUES (147, '容雪翎', 2, '15000572809', 'p0d624rt9@126.com', '平定路53号-4-8', 7, '/images/avatar/avatar4.png', '讲师', 0);
INSERT INTO `teacher` VALUES (148, '曹慧云', 1, '13307593157', 'n4384g6h@163.com', '宁国三大厦91号-2-3', 5, '/images/avatar/avatar2.png', '副教授', 0);
INSERT INTO `teacher` VALUES (149, '施尔柳', 2, '13205000015', '3omtu9a@ask.com', '泰州三广场136号-20-3', 2, '/images/avatar/avatar4.png', '副教授', 0);
INSERT INTO `teacher` VALUES (150, '督紫易', 1, '15504290108', 's9eql5jq0@msn.com', '泗水大厦30号-2-5', 1, '/images/avatar/avatar1.jpg', '讲师', 0);
INSERT INTO `teacher` VALUES (151, '公羊星爵', 1, '15608667919', 'bfu0weglh@3721.net', '石岛广场148号-7-10', 5, '/images/avatar/avatar5.png', '讲师', 0);
INSERT INTO `teacher` VALUES (152, '鲍婉清', 1, '15300074210', 'ah8adf35@ask.com', '青岛路42号-4-10', 2, '/images/avatar/avatar1.png', '讲师', 0);
INSERT INTO `teacher` VALUES (153, '市怀柔', 1, '13200496009', 'x5w390fi81c@163.com', '鱼台街46号-7-9', 6, '/images/avatar/avatar7.jpg', '讲师', 0);
INSERT INTO `teacher` VALUES (154, '毛振国', 1, '13908748393', 'nojl8giyc@hotmail.com', '明月峡大厦76号-9-6', 6, '/images/avatar/avatar3.jpg', '教授', 0);
INSERT INTO `teacher` VALUES (155, '候嘉颖', 1, '15101873807', 'cjo8nd0@163.net', '秀湛四路59号-17-7', 1, '/images/avatar/avatar1.png', '副教授', 0);
INSERT INTO `teacher` VALUES (156, '太史曼容', 1, '13800698510', 't6y0mcu9o5@sina.com', '长城南路115号-4-10', 1, '/images/avatar/avatar3.jpg', '教授', 0);
INSERT INTO `teacher` VALUES (157, '竭雅娴', 1, '15604546211', 'i114enih@yahoo.com.cn', '京山广场105号-9-3', 2, '/images/avatar/avatar6.jpg', '讲师', 0);
INSERT INTO `teacher` VALUES (158, '颜乐童', 2, '13401612819', 'ltgp6b@3721.net', '文登广场80号-18-10', 5, '/images/avatar/avatar8.jpg', '研究员', 0);
INSERT INTO `teacher` VALUES (159, '贵思卉', 1, '15803092699', '0b25uzeja44@yahoo.com.cn', '广东广场11号-4-2', 6, '/images/avatar/avatar1.png', '副教授', 0);
INSERT INTO `teacher` VALUES (160, '吾傲菡', 2, '13508242468', 'kv2ymxe@yahoo.com.cn', '丰海路87号-3-2', 7, '/images/avatar/avatar1.png', '讲师', 0);
INSERT INTO `teacher` VALUES (161, '上官芳蕤', 1, '15900837270', 'yg3b0pb@yahoo.com', '龙泉路88号-6-7', 4, '/images/avatar/avatar3.jpg', '教授', 0);
INSERT INTO `teacher` VALUES (162, '理萦思', 1, '15001703341', '01pko3vg@live.com', '郭口大厦79号-8-10', 7, '/images/avatar/avatar1.jpg', '副教授', 0);
INSERT INTO `teacher` VALUES (163, '苏凝冬', 1, '13005043369', 'm5mmpst5x26@sina.com', '无棣二大厦38号-4-6', 2, '/images/avatar/avatar3.jpg', '讲师', 0);
INSERT INTO `teacher` VALUES (164, '杭弘博', 1, '15300447954', '1k970krisbr@126.com', '郓城南路46号-19-6', 2, '/images/avatar/avatar3.jpg', '研究员', 0);
INSERT INTO `teacher` VALUES (165, '斐海之', 2, '15100606016', '8cb9ogg@163.net', '湛山四大厦136号-16-1', 7, '/images/avatar/avatar1.jpg', '讲师', 0);
INSERT INTO `teacher` VALUES (166, '殷问萍', 1, '13805962169', 'jhpq8xoja@263.net', '莲岛大厦67号-15-5', 6, '/images/avatar/avatar3.png', '教授', 0);
INSERT INTO `teacher` VALUES (167, '威山蝶', 1, '13500650791', '6q3v7c5zb@yahoo.com.cn', '吴淞路143号-15-3', 7, '/images/avatar/avatar2.jpg', '教授', 0);
INSERT INTO `teacher` VALUES (168, '佘雅懿', 1, '13302456234', 'shiwlpc12q@aol.com', '徐州大厦140号-10-8', 3, '/images/avatar/avatar1.png', '教授', 0);
INSERT INTO `teacher` VALUES (169, '葛元英', 1, '15903577417', 'e0gsf0@263.net', '如东路116号-16-7', 6, '/images/avatar/avatar2.jpg', '副教授', 0);
INSERT INTO `teacher` VALUES (170, '税问芙', 1, '13202551320', 'ibew8cjiia@0355.net', '桓台路98号-6-9', 4, '/images/avatar/avatar5.png', '教授', 0);
INSERT INTO `teacher` VALUES (171, '偶绮波', 2, '13303972834', 'pgrl7hdqha@live.com', '无棣一路55号-3-3', 5, '/images/avatar/avatar6.jpg', '教授', 0);
INSERT INTO `teacher` VALUES (172, '从皓洁', 1, '15603298971', '7mwsm6e@msn.com', '宁国路109号-19-4', 4, '/images/avatar/avatar6.jpg', '副教授', 0);
INSERT INTO `teacher` VALUES (173, '蒉依秋', 1, '15206696897', 'puhznl@3721.net', '长城南路25号-20-9', 3, '/images/avatar/avatar4.jpg', '副教授', 0);
INSERT INTO `teacher` VALUES (174, '訾安平', 2, '13706723973', 'eedxbyji64@gmail.com', '机场路55号-13-6', 2, '/images/avatar/avatar6.jpg', '副教授', 0);
INSERT INTO `teacher` VALUES (175, '森寄文', 2, '15701972250', 'n7g8394@126.com', '高密路80号-19-9', 6, '/images/avatar/avatar3.jpg', '副教授', 0);
INSERT INTO `teacher` VALUES (176, '不和安', 1, '13805067221', '9hd6ct@yeah.net', '伏龙街54号-15-10', 6, '/images/avatar/avatar6.jpg', '教授', 0);
INSERT INTO `teacher` VALUES (177, '召如彤', 1, '13807310263', 'w7hj5hgio6b@163.com', '上海支路32号-16-8', 7, '/images/avatar/avatar5.jpg', '副教授', 0);
INSERT INTO `teacher` VALUES (178, '展叶飞', 2, '15206383279', 'e3zr25@hotmail.com', '海游路44号-8-5', 5, '/images/avatar/avatar5.png', '副教授', 0);
INSERT INTO `teacher` VALUES (179, '业运洁', 1, '15205101313', 'tm6jgcsh6@hotmail.com', '湛山四大厦127号-16-2', 4, '/images/avatar/avatar8.jpg', '讲师', 0);
INSERT INTO `teacher` VALUES (180, '闫春绿', 2, '13002965873', 'hl4gg5nf65@sina.com', '青大街115号-13-2', 1, '/images/avatar/avatar2.jpg', '副教授', 0);
INSERT INTO `teacher` VALUES (181, '福喜悦', 1, '15603823793', 'uhh07att@163.net', '天台东一路149号-15-1', 7, '/images/avatar/avatar5.jpg', '讲师', 0);
INSERT INTO `teacher` VALUES (182, '卿雁卉', 1, '13206884306', 'bag31kp4h9e@yahoo.com.cn', '中城路60号-3-6', 3, '/images/avatar/avatar8.jpg', '讲师', 0);
INSERT INTO `teacher` VALUES (183, '帛依云', 1, '13203605649', 'qacjfnk@hotmail.com', '兴阳路32号-16-8', 2, '/images/avatar/avatar1.jpg', '副教授', 0);
INSERT INTO `teacher` VALUES (184, '合力勤', 2, '13201766714', 'zus4qdgqrf@sina.com', '宁国二路150号-14-3', 6, '/images/avatar/avatar4.png', '副教授', 0);
INSERT INTO `teacher` VALUES (185, '隽凡双', 2, '13403788936', '80xm6cc@yahoo.com.cn', '银川西路51号-17-8', 2, '/images/avatar/avatar7.jpg', '讲师', 0);
INSERT INTO `teacher` VALUES (186, '斋鸣玉', 2, '13102046130', 'dcxhyivf@msn.com', '珠海街150号-15-7', 3, '/images/avatar/avatar1.png', '研究员', 0);
INSERT INTO `teacher` VALUES (187, '过亦玉', 1, '13406566465', 'zaxwe434@ask.com', '登州路130号-10-7', 7, '/images/avatar/avatar3.png', '讲师', 0);
INSERT INTO `teacher` VALUES (188, '潜晓骞', 1, '13403524241', 'tb2ztl724l@googlemail.com', '巨野大厦72号-6-7', 5, '/images/avatar/avatar2.png', '讲师', 0);
INSERT INTO `teacher` VALUES (189, '信刚捷', 2, '15605235888', '4g21huwcjz8@live.com', '阳信路44号-9-6', 5, '/images/avatar/avatar8.jpg', '讲师', 0);
INSERT INTO `teacher` VALUES (190, '纳经义', 1, '15808605992', 'kxyz7h@gmail.com', '海阳路75号-8-6', 3, '/images/avatar/avatar6.jpg', '教授', 0);
INSERT INTO `teacher` VALUES (191, '励琬凝', 2, '15905008113', 'aks6fbseh@263.net', '孟庄广场11号-5-1', 3, '/images/avatar/avatar8.jpg', '副教授', 0);
INSERT INTO `teacher` VALUES (192, '节昊磊', 1, '15304242356', 'r4rmbb@263.net', '德阳路11号-15-1', 5, '/images/avatar/avatar4.png', '研究员', 0);
INSERT INTO `teacher` VALUES (193, '莘彤云', 2, '13205121596', '2ims2yxdgr@ask.com', '王家麦岛74号-4-7', 7, '/images/avatar/avatar2.png', '讲师', 0);
INSERT INTO `teacher` VALUES (194, '衷沛容', 1, '13406137110', 'gxddkb@yahoo.com', '德阳路98号-17-10', 3, '/images/avatar/avatar6.jpg', '讲师', 0);
INSERT INTO `teacher` VALUES (195, '时妙梦', 2, '13806722673', 'cyjfhec@qq.com', '邹县广场100号-5-6', 1, '/images/avatar/avatar3.png', '讲师', 0);
INSERT INTO `teacher` VALUES (196, '兰博涛', 2, '15604950653', 'wopdecu8k@qq.com', '信号山路46号-13-1', 1, '/images/avatar/avatar7.jpg', '副教授', 0);
INSERT INTO `teacher` VALUES (197, '盛嘉颖', 1, '15905134866', 'j90fw5ywa7t@gmail.com', '台西纬四街23号-12-4', 6, '/images/avatar/avatar5.jpg', '副教授', 0);
INSERT INTO `teacher` VALUES (198, '勾曼衍', 1, '15108694452', 'xobbjawes@googlemail.com', '标山路108号-14-8', 5, '/images/avatar/avatar7.jpg', '副教授', 0);
INSERT INTO `teacher` VALUES (199, '胡阳州', 2, '13901174304', 'gj2ugk@263.net', '泰州四路61号-7-6', 3, '/images/avatar/avatar5.jpg', '副教授', 0);
INSERT INTO `teacher` VALUES (200, '袁博文', 2, '13002936591', 'f8w8c6vk@yahoo.com', '阳谷广场138号-18-1', 7, '/images/avatar/avatar2.jpg', '副教授', 0);
INSERT INTO `teacher` VALUES (201, '及飞鸾', 2, '13203530188', 'o8i2w9f@msn.com', '西江广场114号-16-7', 6, '/images/avatar/avatar2.png', '研究员', 0);
INSERT INTO `teacher` VALUES (202, '邰嘉歆', 1, '15306464861', 'wajxo5l@yeah.net', '国城路39号-18-8', 6, '/images/avatar/avatar5.jpg', '讲师', 0);
INSERT INTO `teacher` VALUES (203, '皇沛珊', 2, '15504747358', 'expmt7thjv@gmail.com', '东海一大厦49号-16-10', 2, '/images/avatar/avatar2.jpg', '副教授', 0);
INSERT INTO `teacher` VALUES (204, '太叔如风', 2, '13900223858', '3xo6supk09@0355.net', '李村街53号-17-7', 4, '/images/avatar/avatar4.png', '副教授', 0);
INSERT INTO `teacher` VALUES (205, '卜寻菡', 2, '13000905911', '54efz5r65cm@sina.com', '洮南大厦104号-12-4', 5, '/images/avatar/avatar6.jpg', '讲师', 0);
INSERT INTO `teacher` VALUES (206, '冉雪松', 1, '15104334840', '3djiycmwghr@qq.com', '青威高速60号-9-8', 4, '/images/avatar/avatar1.png', '讲师', 0);
INSERT INTO `teacher` VALUES (207, '刀新雅', 1, '15106068199', 'mebpd23biu@263.net', '台西三路56号-6-7', 7, '/images/avatar/avatar4.png', '讲师', 0);
INSERT INTO `teacher` VALUES (208, '端木元正', 2, '13901525636', 'c4s3kl@hotmail.com', '港环路147号-19-2', 7, '/images/avatar/avatar3.png', '讲师', 0);
INSERT INTO `teacher` VALUES (209, '鞠运恒', 2, '13505480417', '9gqc4nw@hotmail.com', '东阿街71号-2-3', 2, '/images/avatar/avatar4.png', '副教授', 0);
INSERT INTO `teacher` VALUES (210, '裔曼彤', 2, '13201548127', '2aubj7ss@yahoo.com.cn', '仙居街29号-15-9', 5, '/images/avatar/avatar5.jpg', '讲师', 0);
INSERT INTO `teacher` VALUES (211, '单昕雨', 1, '13706762038', 'j966ncm9nna@hotmail.com', '逍遥一街61号-7-6', 7, '/images/avatar/avatar2.jpg', '讲师', 0);
INSERT INTO `teacher` VALUES (212, '暨绮烟', 1, '15504503079', '69ped5zzt@gmail.com', '滨县广场111号-6-4', 7, '/images/avatar/avatar3.png', '讲师', 0);
INSERT INTO `teacher` VALUES (213, '磨春柏', 1, '13407310997', 'btcpsg@163.com', '包头路57号-2-8', 5, '/images/avatar/avatar1.png', '讲师', 0);
INSERT INTO `teacher` VALUES (214, '抄辰钊', 1, '15502067424', 'pvubtgyi@hotmail.com', '小港二街102号-6-2', 6, '/images/avatar/avatar4.png', '副教授', 0);
INSERT INTO `teacher` VALUES (215, '端听枫', 2, '13106355196', 's74juhgoov@sina.com', '蒲台大厦130号-13-10', 7, '/images/avatar/avatar5.png', '讲师', 0);
INSERT INTO `teacher` VALUES (216, '夫梓云', 1, '15901096626', '0eh9yga63by@gmail.com', '西陵峡二街115号-3-2', 5, '/images/avatar/avatar3.jpg', '副教授', 0);
INSERT INTO `teacher` VALUES (217, '机瀚钰', 2, '13600881053', 'k7s9471vvp@yahoo.com.cn', '苏州街143号-10-8', 2, '/images/avatar/avatar7.jpg', '讲师', 0);
INSERT INTO `teacher` VALUES (218, '似天韵', 1, '15803472923', 'k3rlzr1@hotmail.com', '顺兴街95号-15-1', 5, '/images/avatar/avatar8.jpg', '副教授', 0);
INSERT INTO `teacher` VALUES (219, '甲晶燕', 2, '15607422238', 'hu8bkgl@163.net', '旅顺街108号-11-2', 1, '/images/avatar/avatar1.png', '副教授', 0);
INSERT INTO `teacher` VALUES (220, '奇依云', 2, '13507403335', 'iv2tr3t@163.net', '港青街72号-14-3', 5, '/images/avatar/avatar4.jpg', '讲师', 0);
INSERT INTO `teacher` VALUES (221, '习白亦', 1, '15601506658', '68bt78l1lye@gmail.com', '桓台路57号-8-7', 3, '/images/avatar/avatar7.jpg', '副教授', 0);
INSERT INTO `teacher` VALUES (222, '敬采梦', 2, '15502026305', 'm5xkfzh29@yahoo.com', '芝泉路110号-5-1', 5, '/images/avatar/avatar6.jpg', '教授', 0);
INSERT INTO `teacher` VALUES (223, '阚瑰玮', 2, '15001660266', 'esxub3irw2@gmail.com', '徐州大厦87号-7-3', 2, '/images/avatar/avatar5.jpg', '研究员', 0);
INSERT INTO `teacher` VALUES (224, '洛自强', 1, '15505858111', 'e2in8cv7fl8@qq.com', '白沙河路57号-9-9', 5, '/images/avatar/avatar2.png', '讲师', 0);
INSERT INTO `teacher` VALUES (225, '滑觅珍', 1, '13408742385', 'aw0hd3m6@sohu.com', '临朐路130号-4-9', 2, '/images/avatar/avatar3.png', '讲师', 0);
INSERT INTO `teacher` VALUES (226, '居意致', 1, '13004963509', 't7e5cbsc@msn.com', '四平支路95号-17-4', 7, '/images/avatar/avatar1.png', '讲师', 0);
INSERT INTO `teacher` VALUES (227, '勾香薇', 2, '13707917096', 'nomy8dv@ask.com', '宁国三大厦112号-7-4', 4, '/images/avatar/avatar4.jpg', '讲师', 0);
INSERT INTO `teacher` VALUES (228, '边怜双', 2, '13603167020', 'bi3a853vz9@0355.net', '澳门六广场33号-7-2', 1, '/images/avatar/avatar8.jpg', '讲师', 0);
INSERT INTO `teacher` VALUES (229, '柴沛山', 1, '15102390802', 'd0kce7@sina.com', '新湛二路24号-6-4', 6, '/images/avatar/avatar2.jpg', '副教授', 0);
INSERT INTO `teacher` VALUES (230, '鱼雨雪', 1, '13600580573', 'pjddv9k9x@263.net', '东海西路25号-11-2', 5, '/images/avatar/avatar6.jpg', '副教授', 0);
INSERT INTO `teacher` VALUES (231, '毓凯风', 1, '15005158192', 'leoqpxl@gmail.com', '荷泽三大厦82号-13-8', 5, '/images/avatar/avatar7.jpg', '讲师', 0);
INSERT INTO `teacher` VALUES (232, '邸雅容', 1, '13907417347', '6b4d9j3fdy1@126.com', '南口广场135号-20-10', 6, '/images/avatar/avatar1.jpg', '讲师', 0);
INSERT INTO `teacher` VALUES (233, '汝嫔然', 1, '13207118037', '1a6spina@163.net', '丰海路57号-2-6', 6, '/images/avatar/avatar4.png', '副教授', 0);
INSERT INTO `teacher` VALUES (234, '刑德曜', 2, '13902924727', '0n11cdqdu@3721.net', '龙山路38号-12-9', 6, '/images/avatar/avatar5.png', '讲师', 0);
INSERT INTO `teacher` VALUES (235, '操又蓝', 2, '15300362763', 'qu8sm12@ask.com', '三明北街92号-1-10', 1, '/images/avatar/avatar8.jpg', '研究员', 0);
INSERT INTO `teacher` VALUES (236, '光迎蕾', 1, '13604073602', 'bce9gid7pa@googlemail.com', '台东一街117号-9-2', 4, '/images/avatar/avatar6.jpg', '副教授', 0);
INSERT INTO `teacher` VALUES (237, '冠嘉志', 2, '13406164932', 'rmfr4waxf@263.net', '城阳街45号-20-2', 4, '/images/avatar/avatar6.jpg', '讲师', 0);
INSERT INTO `teacher` VALUES (238, '母珠玉', 1, '13307982328', '0nj53iu@live.com', '堂邑路50号-4-7', 1, '/images/avatar/avatar7.jpg', '讲师', 0);
INSERT INTO `teacher` VALUES (239, '褒秋柔', 2, '13505108587', 'cirhz1oqkw@gmail.com', '夏庄街道123号-18-1', 5, '/images/avatar/avatar4.png', '教授', 0);
INSERT INTO `teacher` VALUES (240, '纳喇宾白', 1, '13908106951', '6z2nyr23@yeah.net', '丰盛街134号-8-1', 7, '/images/avatar/avatar1.jpg', '副教授', 0);
INSERT INTO `teacher` VALUES (241, '尧彦珺', 2, '13802865106', 'lzqtrel8j05@hotmail.com', '太平角五路16号-15-10', 1, '/images/avatar/avatar2.png', '副教授', 0);
INSERT INTO `teacher` VALUES (242, '厚若薇', 2, '13304456368', 'sbyalsl@qq.com', '台东东二路25号-1-7', 1, '/images/avatar/avatar5.png', '副教授', 0);
INSERT INTO `teacher` VALUES (243, '青冰凡', 1, '13205938598', '284m5xc@msn.com', '昌邑街148号-2-1', 2, '/images/avatar/avatar3.jpg', '讲师', 0);
INSERT INTO `teacher` VALUES (244, '莱运华', 1, '15606936150', '6ta9il88lmu@qq.com', '德县路94号-9-4', 6, '/images/avatar/avatar2.png', '副教授', 0);
INSERT INTO `teacher` VALUES (245, '义诗珊', 2, '13401803604', 'in994e5ft@sina.com', '国城路87号-6-6', 5, '/images/avatar/avatar3.png', '讲师', 0);
INSERT INTO `teacher` VALUES (246, '后正雅', 1, '15600334721', '16eli6@yeah.net', '海江街22号-19-3', 2, '/images/avatar/avatar3.jpg', '副教授', 0);
INSERT INTO `teacher` VALUES (247, '朱云霞', 1, '15506815137', 'pw7y42@ask.com', '石村广场26号-3-7', 2, '/images/avatar/avatar4.png', '副教授', 0);
INSERT INTO `teacher` VALUES (248, '亥文翰', 1, '13503075780', 'v8gvrsdu@hotmail.com', '吴兴一广场89号-1-9', 6, '/images/avatar/avatar2.png', '副教授', 0);
INSERT INTO `teacher` VALUES (249, '秦文敏', 1, '13303458799', 'ciqdjx2o@yahoo.com.cn', '宁波路110号-13-9', 2, '/images/avatar/avatar5.jpg', '教授', 0);
INSERT INTO `teacher` VALUES (250, '邰嘉歆', 2, '15704806489', '1mu2avdya@hotmail.com', '太平角三大厦106号-18-8', 1, '/images/avatar/avatar2.jpg', '讲师', 0);
INSERT INTO `teacher` VALUES (251, '卜琬凝', 2, '13307667828', '8uvatf@0355.net', '贵州街121号-10-9', 2, '/images/avatar/avatar4.png', '教授', 0);
INSERT INTO `teacher` VALUES (252, '师笑容', 1, '15104754725', 'j4k4o9g8@263.net', '锦州街139号-17-4', 4, '/images/avatar/avatar2.png', '副教授', 0);
INSERT INTO `teacher` VALUES (253, '焦寄风', 2, '15605477491', 'alvf08@ask.com', '遵义路150号-8-7', 3, '/images/avatar/avatar5.jpg', '讲师', 0);

SET FOREIGN_KEY_CHECKS = 1;
